{"type":"FeatureCollection","features":[{"type":"Feature","properties":{"code":1107},"geometry":{"type":"Polygon","coordinates":[[[96.492,4.555],[96.486,4.63],[96.444,4.626],[96.369,4.691],[96.28,4.693],[96.26,4.713],[96.28,4.779],[96.273,4.797],[96.219,4.763],[96.143,4.754],[96.117,4.767],[96.091,4.696],[96.033,4.641],[96.047,4.566],[95.96,4.512],[95.911,4.406],[95.876,4.367],[96.023,4.194],[96.055,4.205],[96.126,4.124],[96.142,4.142],[96.192,4.107],[96.224,4.117],[96.278,4.155],[96.266,4.227],[96.286,4.269],[96.295,4.368],[96.329,4.367],[96.371,4.392],[96.371,4.417],[96.441,4.425],[96.479,4.458],[96.44,4.51],[96.463,4.545],[96.492,4.555]]]},"id":1107},{"type":"Feature","properties":{"code":1112},"geometry":{"type":"MultiPolygon","coordinates":[[[[96.802,3.718],[96.806,3.72],[96.803,3.721],[96.802,3.718]]],[[[97.153,3.745],[97.105,3.844],[97.117,3.921],[97.102,3.946],[97.042,3.96],[96.98,3.942],[96.835,3.959],[96.804,3.99],[96.788,4.055],[96.747,4.094],[96.724,4.096],[96.719,4.012],[96.629,3.958],[96.581,3.845],[96.616,3.795],[96.605,3.776],[96.616,3.736],[96.724,3.747],[96.807,3.725],[96.872,3.686],[96.901,3.601],[96.941,3.574],[96.97,3.622],[97.034,3.605],[97.132,3.69],[97.153,3.745]]]]},"id":1112},{"type":"Feature","properties":{"code":1108},"geometry":{"type":"MultiPolygon","coordinates":[[[[95.207,5.278],[95.201,5.275],[95.205,5.274],[95.207,5.278]]],[[[95.206,5.309],[95.205,5.31],[95.206,5.307],[95.206,5.309]]],[[[95.153,5.553],[95.177,5.559],[95.167,5.562],[95.153,5.553]]],[[[95.22,5.578],[95.216,5.578],[95.22,5.576],[95.22,5.578]]],[[[95.214,5.579],[95.193,5.58],[95.182,5.574],[95.214,5.579]]],[[[95.061,5.61],[95.062,5.611],[95.061,5.612],[95.061,5.61]]],[[[95.08,5.633],[95.059,5.639],[95.051,5.622],[95.08,5.633]]],[[[95.745,5.568],[95.61,5.627],[95.53,5.614],[95.512,5.595],[95.462,5.646],[95.431,5.656],[95.357,5.603],[95.355,5.585],[95.368,5.589],[95.377,5.567],[95.357,5.571],[95.354,5.532],[95.314,5.515],[95.28,5.536],[95.284,5.552],[95.239,5.547],[95.239,5.57],[95.225,5.575],[95.193,5.526],[95.228,5.496],[95.243,5.458],[95.229,5.432],[95.246,5.415],[95.251,5.369],[95.241,5.339],[95.227,5.358],[95.221,5.343],[95.239,5.325],[95.231,5.314],[95.218,5.324],[95.211,5.274],[95.229,5.284],[95.246,5.272],[95.232,5.258],[95.253,5.236],[95.242,5.221],[95.308,5.166],[95.332,5.181],[95.325,5.231],[95.365,5.254],[95.401,5.21],[95.436,5.223],[95.475,5.209],[95.499,5.22],[95.581,5.209],[95.616,5.188],[95.644,5.14],[95.63,5.092],[95.65,5.066],[95.733,5.053],[95.821,5.085],[95.841,5.137],[95.775,5.252],[95.791,5.28],[95.763,5.29],[95.767,5.31],[95.748,5.318],[95.765,5.402],[95.753,5.419],[95.791,5.453],[95.724,5.497],[95.737,5.513],[95.727,5.548],[95.745,5.568]]],[[[95.148,5.661],[95.118,5.601],[95.144,5.606],[95.148,5.591],[95.194,5.605],[95.148,5.661]]],[[[95.039,5.671],[95.034,5.671],[95.037,5.669],[95.039,5.671]]],[[[95.071,5.744],[95.026,5.749],[95.011,5.723],[95.045,5.737],[95.059,5.72],[95.038,5.707],[95.059,5.684],[95.043,5.671],[95.07,5.666],[95.055,5.648],[95.077,5.656],[95.075,5.669],[95.14,5.663],[95.09,5.724],[95.072,5.722],[95.071,5.744]]]]},"id":1108},{"type":"Feature","properties":{"code":1116},"geometry":{"type":"MultiPolygon","coordinates":[[[[95.581,4.615],[95.585,4.615],[95.583,4.619],[95.581,4.615]]],[[[95.572,4.619],[95.576,4.622],[95.573,4.623],[95.572,4.619]]],[[[95.563,4.644],[95.567,4.646],[95.564,4.649],[95.563,4.644]]],[[[95.555,4.649],[95.56,4.647],[95.558,4.652],[95.555,4.649]]],[[[95.567,4.655],[95.573,4.655],[95.569,4.657],[95.567,4.655]]],[[[95.511,4.686],[95.506,4.691],[95.505,4.688],[95.511,4.686]]],[[[95.489,4.722],[95.483,4.726],[95.481,4.722],[95.489,4.722]]],[[[95.452,4.77],[95.45,4.777],[95.441,4.775],[95.452,4.77]]],[[[95.39,4.875],[95.365,4.873],[95.383,4.858],[95.39,4.875]]],[[[95.287,5.126],[95.293,5.128],[95.287,5.129],[95.287,5.126]]],[[[96.042,4.657],[95.991,4.786],[95.901,4.866],[95.879,4.914],[95.783,5.008],[95.762,5.055],[95.705,5.052],[95.642,5.07],[95.629,5.104],[95.644,5.14],[95.616,5.188],[95.581,5.209],[95.499,5.22],[95.475,5.209],[95.436,5.223],[95.401,5.21],[95.37,5.253],[95.325,5.231],[95.332,5.181],[95.306,5.167],[95.31,5.129],[95.282,5.108],[95.303,5.115],[95.32,5.09],[95.305,5.081],[95.366,5.032],[95.355,5.003],[95.381,4.97],[95.368,4.949],[95.402,4.894],[95.395,4.874],[95.426,4.836],[95.413,4.82],[95.446,4.806],[95.451,4.783],[95.497,4.743],[95.539,4.656],[95.561,4.669],[95.582,4.66],[95.567,4.63],[95.603,4.627],[95.674,4.568],[95.876,4.367],[95.911,4.406],[95.96,4.512],[96.047,4.566],[96.05,4.592],[96.029,4.614],[96.042,4.657]]]]},"id":1116},{"type":"Feature","properties":{"code":1103},"geometry":{"type":"MultiPolygon","coordinates":[[[[97.594,2.807],[97.593,2.809],[97.592,2.807],[97.594,2.807]]],[[[97.517,2.882],[97.519,2.883],[97.518,2.884],[97.517,2.882]]],[[[97.513,2.888],[97.516,2.889],[97.514,2.889],[97.513,2.888]]],[[[97.313,3.06],[97.316,3.06],[97.309,3.071],[97.313,3.06]]],[[[97.31,3.075],[97.312,3.081],[97.309,3.08],[97.31,3.075]]],[[[97.304,3.11],[97.3,3.11],[97.301,3.109],[97.304,3.11]]],[[[96.993,3.538],[96.996,3.541],[96.993,3.541],[96.993,3.538]]],[[[96.97,3.622],[96.94,3.569],[96.999,3.545],[97.171,3.255],[97.191,3.261],[97.257,3.22],[97.297,3.114],[97.301,3.117],[97.32,3.098],[97.299,3.107],[97.317,3.077],[97.318,3.054],[97.392,2.963],[97.534,2.882],[97.592,2.878],[97.647,2.678],[97.661,2.401],[97.732,2.422],[97.79,2.499],[97.825,2.636],[97.766,2.787],[97.86,2.846],[97.858,2.881],[97.904,2.911],[97.899,2.965],[97.815,2.982],[97.806,2.96],[97.799,2.974],[97.776,2.965],[97.753,2.926],[97.64,2.954],[97.642,3.029],[97.615,3.092],[97.477,3.217],[97.473,3.331],[97.398,3.452],[97.452,3.539],[97.483,3.551],[97.458,3.626],[97.431,3.638],[97.404,3.618],[97.372,3.641],[97.295,3.599],[97.279,3.648],[97.153,3.745],[97.132,3.69],[97.034,3.605],[96.97,3.622]]]]},"id":1103},{"type":"Feature","properties":{"code":1102},"geometry":{"type":"MultiPolygon","coordinates":[[[[97.386,2.037],[97.39,2.043],[97.384,2.043],[97.386,2.037]]],[[[97.356,2.067],[97.348,2.074],[97.353,2.064],[97.356,2.067]]],[[[97.113,2.113],[97.077,2.078],[97.114,2.004],[97.128,2.01],[97.12,2.04],[97.162,2.071],[97.113,2.113]]],[[[97.346,2.115],[97.341,2.117],[97.341,2.116],[97.346,2.115]]],[[[97.35,2.129],[97.351,2.134],[97.349,2.134],[97.35,2.129]]],[[[98.149,2.134],[98.148,2.136],[98.147,2.135],[98.149,2.134]]],[[[98.145,2.144],[98.144,2.146],[98.143,2.145],[98.145,2.144]]],[[[98.138,2.151],[98.137,2.153],[98.136,2.152],[98.138,2.151]]],[[[98.133,2.155],[98.132,2.157],[98.132,2.155],[98.133,2.155]]],[[[97.46,2.183],[97.464,2.176],[97.462,2.185],[97.46,2.183]]],[[[97.32,2.186],[97.318,2.187],[97.317,2.185],[97.32,2.186]]],[[[97.441,2.157],[97.441,2.19],[97.428,2.18],[97.441,2.157]]],[[[98.043,2.192],[98.042,2.191],[98.044,2.19],[98.043,2.192]]],[[[97.212,2.211],[97.213,2.212],[97.211,2.212],[97.212,2.211]]],[[[98.016,2.213],[98.015,2.215],[98.014,2.213],[98.016,2.213]]],[[[97.211,2.216],[97.208,2.214],[97.212,2.213],[97.211,2.216]]],[[[97.168,2.235],[97.113,2.214],[97.174,2.178],[97.208,2.182],[97.218,2.157],[97.234,2.167],[97.231,2.149],[97.261,2.134],[97.265,2.107],[97.306,2.062],[97.341,2.055],[97.327,2.039],[97.34,2.034],[97.346,2.044],[97.342,2.086],[97.357,2.082],[97.358,2.097],[97.336,2.116],[97.338,2.164],[97.333,2.152],[97.33,2.171],[97.315,2.17],[97.291,2.2],[97.305,2.206],[97.3,2.227],[97.236,2.234],[97.226,2.208],[97.208,2.204],[97.168,2.235]]],[[[97.243,2.237],[97.24,2.237],[97.247,2.236],[97.243,2.237]]],[[[97.223,2.224],[97.217,2.243],[97.214,2.242],[97.223,2.224]]],[[[97.316,2.239],[97.312,2.244],[97.309,2.242],[97.316,2.239]]],[[[97.437,2.242],[97.436,2.244],[97.432,2.243],[97.437,2.242]]],[[[97.209,2.244],[97.208,2.243],[97.212,2.243],[97.209,2.244]]],[[[97.275,2.244],[97.276,2.245],[97.274,2.245],[97.275,2.244]]],[[[97.428,2.238],[97.424,2.248],[97.423,2.239],[97.428,2.238]]],[[[97.257,2.251],[97.259,2.252],[97.257,2.253],[97.257,2.251]]],[[[97.298,2.255],[97.3,2.257],[97.296,2.259],[97.298,2.255]]],[[[97.289,2.262],[97.293,2.264],[97.289,2.266],[97.289,2.262]]],[[[97.203,2.262],[97.21,2.259],[97.204,2.267],[97.203,2.262]]],[[[97.244,2.254],[97.249,2.259],[97.244,2.268],[97.244,2.254]]],[[[97.328,2.262],[97.327,2.269],[97.326,2.269],[97.328,2.262]]],[[[97.229,2.278],[97.232,2.28],[97.231,2.281],[97.229,2.278]]],[[[97.418,2.263],[97.412,2.273],[97.407,2.286],[97.408,2.276],[97.418,2.263]]],[[[97.264,2.28],[97.28,2.28],[97.26,2.286],[97.264,2.28]]],[[[97.251,2.283],[97.257,2.287],[97.246,2.294],[97.251,2.283]]],[[[97.4,2.291],[97.406,2.29],[97.401,2.297],[97.4,2.291]]],[[[97.423,2.285],[97.426,2.292],[97.42,2.302],[97.423,2.285]]],[[[97.242,2.301],[97.248,2.306],[97.242,2.306],[97.242,2.301]]],[[[97.314,2.292],[97.315,2.307],[97.311,2.311],[97.306,2.3],[97.314,2.292]]],[[[97.412,2.299],[97.402,2.309],[97.41,2.294],[97.412,2.299]]],[[[97.218,2.321],[97.228,2.32],[97.227,2.327],[97.218,2.321]]],[[[97.381,2.362],[97.381,2.336],[97.394,2.34],[97.419,2.302],[97.409,2.342],[97.381,2.362]]],[[[97.565,2.378],[97.565,2.38],[97.564,2.38],[97.565,2.378]]],[[[97.665,2.394],[97.719,2.33],[97.709,2.351],[97.715,2.355],[97.782,2.23],[97.802,2.267],[97.863,2.246],[97.864,2.267],[97.894,2.276],[97.868,2.248],[97.882,2.241],[97.913,2.27],[97.948,2.269],[98.13,2.163],[98.178,2.239],[98.197,2.311],[98.147,2.423],[98.085,2.503],[98.079,2.583],[98.055,2.585],[98.053,2.56],[98.032,2.559],[97.988,2.609],[97.954,2.576],[97.898,2.565],[97.882,2.548],[97.853,2.564],[97.841,2.502],[97.791,2.507],[97.732,2.422],[97.665,2.394]]]]},"id":1102},{"type":"Feature","properties":{"code":1114},"geometry":{"type":"MultiPolygon","coordinates":[[[[98.286,4.333],[98.286,4.327],[98.287,4.33],[98.286,4.333]]],[[[98.274,4.391],[98.276,4.391],[98.276,4.393],[98.274,4.391]]],[[[98.285,4.401],[98.282,4.39],[98.286,4.387],[98.285,4.401]]],[[[98.252,4.289],[98.279,4.329],[98.273,4.392],[98.286,4.419],[98.237,4.441],[98.232,4.463],[98.155,4.51],[98.087,4.522],[98.082,4.506],[98.062,4.509],[98.061,4.478],[98.036,4.479],[98.048,4.468],[98.025,4.408],[97.946,4.387],[97.922,4.351],[97.784,4.35],[97.763,4.338],[97.716,4.249],[97.72,4.169],[97.778,4.106],[97.789,4.023],[97.849,3.933],[97.861,3.922],[97.899,3.935],[97.913,3.885],[97.933,3.884],[97.951,3.889],[97.957,3.928],[98.022,3.966],[98.025,4.016],[98.046,4.024],[98.033,4.057],[98.049,4.126],[98.071,4.142],[98.06,4.187],[98.092,4.207],[98.07,4.25],[98.143,4.259],[98.154,4.287],[98.191,4.301],[98.252,4.289]]]]},"id":1114},{"type":"Feature","properties":{"code":1106},"geometry":{"type":"Polygon","coordinates":[[[96.486,4.63],[96.581,4.573],[96.604,4.477],[96.583,4.419],[96.647,4.377],[96.778,4.326],[96.922,4.199],[96.99,4.19],[97.161,4.28],[97.217,4.235],[97.251,4.17],[97.356,4.209],[97.352,4.347],[97.367,4.361],[97.369,4.396],[97.346,4.444],[97.342,4.509],[97.272,4.511],[97.323,4.545],[97.313,4.602],[97.194,4.575],[97.118,4.583],[96.954,4.651],[96.84,4.665],[96.818,4.684],[96.805,4.675],[96.791,4.709],[96.746,4.712],[96.71,4.752],[96.683,4.755],[96.707,4.819],[96.69,4.838],[96.673,4.952],[96.554,4.942],[96.496,4.89],[96.466,4.894],[96.449,4.925],[96.375,4.842],[96.35,4.775],[96.27,4.774],[96.26,4.713],[96.282,4.692],[96.369,4.691],[96.444,4.626],[96.486,4.63]]]},"id":1106},{"type":"Feature","properties":{"code":1104},"geometry":{"type":"Polygon","coordinates":[[[97.806,2.96],[97.828,3.0],[97.901,3.007],[97.935,2.989],[97.946,3.005],[97.932,3.069],[97.974,3.072],[97.98,3.118],[97.938,3.163],[97.943,3.201],[97.922,3.228],[97.87,3.251],[97.936,3.265],[97.965,3.287],[97.992,3.281],[98.02,3.302],[98.028,3.331],[98.001,3.369],[97.947,3.393],[97.909,3.389],[97.895,3.41],[97.921,3.422],[97.959,3.481],[97.921,3.498],[97.904,3.556],[97.868,3.571],[97.871,3.612],[97.8,3.722],[97.824,3.749],[97.635,3.733],[97.511,3.7],[97.315,3.676],[97.206,3.693],[97.279,3.648],[97.295,3.599],[97.372,3.641],[97.404,3.618],[97.431,3.638],[97.458,3.626],[97.483,3.551],[97.452,3.539],[97.398,3.452],[97.473,3.331],[97.477,3.217],[97.615,3.092],[97.642,3.029],[97.64,2.954],[97.753,2.926],[97.776,2.965],[97.799,2.974],[97.806,2.96]]]},"id":1104},{"type":"Feature","properties":{"code":1105},"geometry":{"type":"MultiPolygon","coordinates":[[[[98.018,4.594],[98.019,4.593],[98.017,4.6],[98.018,4.594]]],[[[98.014,4.603],[98.013,4.605],[98.013,4.604],[98.014,4.603]]],[[[97.966,4.68],[97.968,4.682],[97.967,4.684],[97.966,4.68]]],[[[97.967,4.686],[97.965,4.69],[97.965,4.688],[97.967,4.686]]],[[[97.974,4.676],[97.96,4.713],[97.973,4.671],[97.974,4.676]]],[[[98.024,4.415],[97.994,4.408],[97.968,4.426],[97.966,4.445],[97.935,4.432],[97.917,4.452],[97.877,4.458],[97.916,4.529],[97.969,4.531],[97.981,4.543],[97.972,4.561],[98.005,4.6],[98.013,4.605],[98.017,4.603],[97.963,4.665],[97.956,4.749],[97.96,4.742],[97.904,4.89],[97.865,4.893],[97.793,4.944],[97.644,5.075],[97.656,5.08],[97.642,5.126],[97.59,5.144],[97.543,5.204],[97.553,5.213],[97.484,5.245],[97.499,5.213],[97.487,5.199],[97.501,5.188],[97.485,5.181],[97.5,5.168],[97.487,5.15],[97.466,5.153],[97.478,5.126],[97.459,5.111],[97.484,5.078],[97.495,5.086],[97.491,5.071],[97.514,5.069],[97.513,5.051],[97.497,5.049],[97.514,5.03],[97.493,5.014],[97.508,4.996],[97.491,4.978],[97.5,4.964],[97.485,4.961],[97.504,4.957],[97.487,4.941],[97.471,4.947],[97.465,4.915],[97.478,4.92],[97.493,4.886],[97.506,4.89],[97.497,4.874],[97.511,4.882],[97.476,4.838],[97.459,4.846],[97.442,4.831],[97.456,4.82],[97.435,4.819],[97.434,4.786],[97.41,4.78],[97.418,4.789],[97.406,4.794],[97.399,4.766],[97.424,4.754],[97.361,4.767],[97.362,4.783],[97.354,4.77],[97.338,4.778],[97.311,4.666],[97.254,4.656],[97.26,4.622],[97.274,4.631],[97.306,4.62],[97.323,4.548],[97.28,4.525],[97.274,4.506],[97.342,4.509],[97.346,4.444],[97.367,4.406],[97.369,4.366],[97.352,4.347],[97.356,4.209],[97.404,4.18],[97.5,4.155],[97.53,4.193],[97.576,4.182],[97.601,4.253],[97.644,4.219],[97.668,4.242],[97.717,4.247],[97.78,4.349],[97.922,4.351],[97.946,4.387],[98.024,4.415]]]]},"id":1105},{"type":"Feature","properties":{"code":1111},"geometry":{"type":"Polygon","coordinates":[[[97.483,5.241],[97.177,5.142],[97.175,5.082],[97.101,5.109],[97.107,5.125],[97.06,5.164],[97.052,5.192],[97.028,5.198],[97.046,5.241],[97.036,5.249],[97.039,5.237],[96.979,5.262],[96.907,5.25],[96.908,5.221],[96.925,5.21],[96.903,5.18],[96.881,5.192],[96.89,5.15],[96.859,5.095],[96.821,5.071],[96.816,4.989],[96.785,4.942],[96.854,4.88],[96.957,4.862],[96.999,4.866],[97.024,4.914],[97.101,4.901],[97.143,4.912],[97.232,4.881],[97.257,4.867],[97.281,4.824],[97.247,4.76],[97.258,4.724],[97.27,4.737],[97.314,4.733],[97.338,4.778],[97.354,4.77],[97.362,4.783],[97.361,4.767],[97.424,4.754],[97.399,4.766],[97.406,4.794],[97.418,4.789],[97.41,4.78],[97.434,4.786],[97.435,4.819],[97.456,4.82],[97.442,4.831],[97.459,4.846],[97.476,4.838],[97.511,4.882],[97.497,4.874],[97.506,4.89],[97.493,4.886],[97.478,4.92],[97.465,4.915],[97.471,4.947],[97.487,4.941],[97.504,4.957],[97.485,4.961],[97.5,4.964],[97.491,4.978],[97.508,4.996],[97.493,5.014],[97.514,5.03],[97.497,5.049],[97.513,5.051],[97.514,5.069],[97.491,5.071],[97.495,5.086],[97.484,5.078],[97.459,5.111],[97.478,5.126],[97.466,5.153],[97.487,5.15],[97.5,5.168],[97.485,5.181],[97.501,5.188],[97.483,5.241]]]},"id":1111},{"type":"Feature","properties":{"code":1307},"geometry":{"type":"MultiPolygon","coordinates":[[[[99.901,-0.419],[99.899,-0.421],[99.901,-0.421],[99.901,-0.419]]],[[[99.903,-0.409],[99.901,-0.408],[99.902,-0.41],[99.903,-0.409]]],[[[100.535,-0.28],[100.535,-0.253],[100.447,-0.203],[100.439,-0.172],[100.378,-0.145],[100.355,-0.085],[100.332,-0.076],[100.316,-0.046],[100.301,-0.055],[100.264,-0.034],[100.251,-0.064],[100.16,-0.107],[100.106,-0.075],[100.037,-0.081],[100.015,-0.097],[100.001,-0.143],[99.767,-0.17],[99.798,-0.219],[99.819,-0.3],[99.888,-0.343],[99.913,-0.4],[99.962,-0.432],[99.985,-0.395],[99.999,-0.398],[99.993,-0.359],[100.045,-0.364],[100.066,-0.329],[100.115,-0.33],[100.131,-0.316],[100.162,-0.396],[100.216,-0.414],[100.226,-0.445],[100.264,-0.471],[100.315,-0.429],[100.333,-0.392],[100.469,-0.39],[100.509,-0.303],[100.535,-0.28]],[[100.384,-0.282],[100.401,-0.322],[100.37,-0.322],[100.332,-0.28],[100.384,-0.282]]]]},"id":1307},{"type":"Feature","properties":{"code":5307},"geometry":{"type":"MultiPolygon","coordinates":[[[[124.29,-8.47],[124.271,-8.473],[124.276,-8.491],[124.293,-8.482],[124.29,-8.47]]],[[[123.88,-8.443],[123.885,-8.424],[123.873,-8.431],[123.88,-8.443]]],[[[123.837,-8.41],[123.835,-8.371],[123.819,-8.365],[123.808,-8.372],[123.813,-8.408],[123.837,-8.41]]],[[[124.095,-8.364],[124.093,-8.373],[124.097,-8.374],[124.095,-8.364]]],[[[123.955,-8.349],[123.91,-8.356],[123.899,-8.369],[123.93,-8.382],[123.955,-8.349]]],[[[124.355,-8.275],[124.315,-8.296],[124.329,-8.323],[124.362,-8.324],[124.373,-8.306],[124.355,-8.275]]],[[[124.396,-8.275],[124.403,-8.27],[124.4,-8.268],[124.396,-8.275]]],[[[124.07,-8.236],[124.094,-8.226],[124.073,-8.225],[124.07,-8.236]]],[[[124.56,-8.221],[124.56,-8.219],[124.558,-8.219],[124.56,-8.221]]],[[[124.043,-8.218],[124.03,-8.214],[124.025,-8.231],[124.043,-8.218]]],[[[124.374,-8.226],[124.369,-8.2],[124.361,-8.222],[124.374,-8.226]]],[[[124.29,-8.173],[124.251,-8.191],[124.203,-8.273],[124.184,-8.273],[124.165,-8.312],[124.105,-8.359],[124.118,-8.372],[124.11,-8.389],[124.09,-8.373],[124.096,-8.357],[124.085,-8.359],[124.085,-8.313],[124.058,-8.292],[123.965,-8.347],[123.919,-8.448],[123.944,-8.46],[123.982,-8.42],[124.032,-8.42],[124.065,-8.49],[124.055,-8.544],[124.141,-8.538],[124.173,-8.486],[124.212,-8.459],[124.209,-8.416],[124.246,-8.362],[124.292,-8.339],[124.309,-8.311],[124.298,-8.268],[124.328,-8.202],[124.319,-8.18],[124.29,-8.173]]],[[[124.368,-8.181],[124.385,-8.177],[124.37,-8.169],[124.368,-8.181]]],[[[124.603,-8.124],[124.476,-8.128],[124.451,-8.148],[124.4,-8.214],[124.406,-8.278],[124.504,-8.22],[124.564,-8.217],[124.539,-8.238],[124.512,-8.248],[124.505,-8.259],[124.475,-8.254],[124.406,-8.295],[124.398,-8.326],[124.341,-8.391],[124.337,-8.419],[124.355,-8.438],[124.417,-8.438],[124.416,-8.461],[124.509,-8.418],[124.547,-8.442],[124.657,-8.39],[124.787,-8.403],[124.89,-8.362],[125.062,-8.357],[125.14,-8.319],[125.128,-8.282],[125.141,-8.238],[125.09,-8.145],[124.997,-8.157],[124.958,-8.139],[124.919,-8.163],[124.861,-8.166],[124.748,-8.146],[124.667,-8.161],[124.607,-8.197],[124.591,-8.183],[124.603,-8.124]]],[[[124.617,-8.121],[124.608,-8.118],[124.607,-8.12],[124.617,-8.121]]]]},"id":5307},{"type":"Feature","properties":{"code":1208},"geometry":{"type":"MultiPolygon","coordinates":[[[[99.789,3.114],[99.787,3.114],[99.788,3.113],[99.789,3.114]]],[[[99.987,2.855],[99.99,2.96],[99.98,2.948],[99.958,2.957],[99.917,2.99],[99.89,3.039],[99.861,3.035],[99.831,3.059],[99.771,3.132],[99.752,3.17],[99.693,3.105],[99.648,3.105],[99.607,3.126],[99.588,3.11],[99.611,3.1],[99.589,3.038],[99.549,3.018],[99.557,3.049],[99.571,3.049],[99.561,3.07],[99.443,2.93],[99.398,2.914],[99.371,2.883],[99.333,2.894],[99.265,2.86],[99.248,2.812],[99.169,2.748],[99.119,2.681],[99.089,2.668],[99.074,2.644],[99.076,2.595],[99.098,2.572],[99.161,2.568],[99.183,2.532],[99.213,2.523],[99.23,2.544],[99.255,2.54],[99.303,2.574],[99.308,2.554],[99.386,2.563],[99.424,2.597],[99.409,2.561],[99.458,2.6],[99.442,2.562],[99.461,2.55],[99.5,2.585],[99.555,2.606],[99.569,2.585],[99.608,2.575],[99.697,2.586],[99.867,2.73],[99.987,2.855]],[[99.766,3.008],[99.819,3.024],[99.808,2.97],[99.834,2.955],[99.837,2.936],[99.775,2.92],[99.752,2.942],[99.762,2.969],[99.781,2.969],[99.766,3.008]]]]},"id":1208},{"type":"Feature","properties":{"code":9504},"geometry":{"type":"MultiPolygon","coordinates":[[[[138.01,-5.507],[138.005,-5.502],[138.006,-5.505],[138.01,-5.507]]],[[[137.726,-5.293],[137.729,-5.281],[137.719,-5.287],[137.726,-5.293]]],[[[138.949,-4.726],[138.642,-4.739],[137.966,-4.598],[137.577,-4.652],[137.651,-4.79],[137.813,-4.894],[137.815,-4.944],[137.763,-4.99],[137.653,-5.04],[137.633,-5.074],[137.602,-5.087],[137.629,-5.129],[137.576,-5.135],[137.554,-5.146],[137.55,-5.169],[137.639,-5.214],[137.682,-5.219],[137.681,-5.238],[137.732,-5.28],[137.743,-5.297],[137.72,-5.35],[137.732,-5.37],[137.768,-5.359],[137.809,-5.379],[137.873,-5.357],[138.006,-5.498],[138.084,-5.525],[138.043,-5.611],[138.065,-5.724],[138.09,-5.746],[138.13,-5.719],[138.166,-5.721],[138.175,-5.742],[138.156,-5.775],[138.174,-5.819],[138.278,-5.841],[138.279,-5.858],[138.252,-5.875],[138.252,-5.917],[138.31,-5.993],[138.393,-6.163],[138.383,-6.198],[138.431,-6.322],[138.421,-6.346],[138.641,-6.566],[138.682,-6.514],[138.745,-6.514],[138.791,-6.478],[138.85,-6.481],[138.924,-6.42],[138.943,-5.722],[139.258,-5.547],[139.644,-5.041],[139.304,-4.938],[139.029,-4.737],[138.949,-4.726]]]]},"id":9504},{"type":"Feature","properties":{"code":5103},"geometry":{"type":"Polygon","coordinates":[[[115.251,-8.314],[115.238,-8.244],[115.186,-8.247],[115.212,-8.329],[115.196,-8.362],[115.217,-8.438],[115.202,-8.489],[115.198,-8.445],[115.176,-8.459],[115.184,-8.493],[115.149,-8.582],[115.156,-8.6],[115.139,-8.616],[115.119,-8.61],[115.099,-8.635],[115.142,-8.67],[115.169,-8.724],[115.152,-8.747],[115.168,-8.757],[115.161,-8.782],[115.141,-8.78],[115.088,-8.814],[115.088,-8.838],[115.111,-8.845],[115.198,-8.841],[115.239,-8.803],[115.221,-8.753],[115.22,-8.787],[115.182,-8.765],[115.173,-8.659],[115.18,-8.616],[115.225,-8.592],[115.242,-8.603],[115.249,-8.585],[115.231,-8.538],[115.244,-8.478],[115.225,-8.391],[115.251,-8.314]]]},"id":5103},{"type":"Feature","properties":{"code":6311},"geometry":{"type":"Polygon","coordinates":[[[115.849,-2.388],[115.857,-2.356],[115.831,-2.325],[115.854,-2.294],[115.836,-2.286],[115.799,-2.187],[115.81,-2.097],[115.836,-2.059],[115.803,-2.037],[115.773,-2.051],[115.733,-2.04],[115.724,-2.026],[115.747,-1.995],[115.729,-1.979],[115.701,-2.069],[115.639,-2.149],[115.594,-2.147],[115.584,-2.177],[115.518,-2.207],[115.491,-2.249],[115.319,-2.357],[115.315,-2.394],[115.445,-2.455],[115.685,-2.513],[115.681,-2.538],[115.721,-2.591],[115.758,-2.568],[115.771,-2.528],[115.803,-2.504],[115.81,-2.41],[115.849,-2.388]]]},"id":6311},{"type":"Feature","properties":{"code":3204},"geometry":{"type":"Polygon","coordinates":[[[107.75,-6.812],[107.726,-6.81],[107.703,-6.84],[107.66,-6.832],[107.623,-6.864],[107.642,-6.893],[107.67,-6.883],[107.7,-6.908],[107.707,-6.889],[107.715,-6.903],[107.738,-6.899],[107.715,-6.961],[107.584,-6.962],[107.53,-6.916],[107.518,-6.963],[107.488,-6.979],[107.474,-7.007],[107.477,-7.057],[107.425,-7.057],[107.392,-7.12],[107.311,-7.108],[107.315,-7.153],[107.251,-7.207],[107.325,-7.203],[107.346,-7.238],[107.424,-7.26],[107.557,-7.251],[107.599,-7.282],[107.605,-7.307],[107.657,-7.289],[107.676,-7.316],[107.722,-7.314],[107.739,-7.266],[107.71,-7.248],[107.707,-7.228],[107.731,-7.213],[107.721,-7.197],[107.739,-7.167],[107.797,-7.157],[107.809,-7.101],[107.838,-7.066],[107.876,-7.05],[107.923,-7.053],[107.931,-7.04],[107.91,-7.036],[107.907,-6.992],[107.889,-6.982],[107.918,-6.953],[107.828,-6.971],[107.755,-6.956],[107.76,-6.897],[107.74,-6.854],[107.75,-6.812]]]},"id":3204},{"type":"Feature","properties":{"code":3217},"geometry":{"type":"Polygon","coordinates":[[[107.532,-6.941],[107.51,-6.898],[107.539,-6.833],[107.571,-6.882],[107.597,-6.836],[107.604,-6.859],[107.616,-6.847],[107.637,-6.855],[107.66,-6.832],[107.703,-6.84],[107.726,-6.805],[107.6,-6.761],[107.595,-6.729],[107.568,-6.743],[107.578,-6.775],[107.553,-6.774],[107.452,-6.7],[107.409,-6.688],[107.342,-6.699],[107.326,-6.737],[107.352,-6.754],[107.332,-6.75],[107.344,-6.758],[107.323,-6.771],[107.323,-6.756],[107.3,-6.76],[107.303,-6.746],[107.295,-6.742],[107.299,-6.774],[107.288,-6.776],[107.318,-6.801],[107.325,-6.852],[107.349,-6.853],[107.341,-6.886],[107.278,-6.925],[107.218,-6.94],[107.19,-6.968],[107.195,-7.021],[107.181,-7.058],[107.252,-7.048],[107.311,-7.108],[107.392,-7.12],[107.425,-7.057],[107.477,-7.057],[107.474,-7.007],[107.532,-6.941]]]},"id":3217},{"type":"Feature","properties":{"code":7202},"geometry":{"type":"MultiPolygon","coordinates":[[[[121.843,-0.968],[121.851,-0.961],[121.842,-0.962],[121.843,-0.968]]],[[[123.073,-0.897],[123.061,-0.895],[123.061,-0.897],[123.073,-0.897]]],[[[123.081,-0.895],[123.083,-0.89],[123.074,-0.894],[123.081,-0.895]]],[[[123.069,-0.893],[123.073,-0.892],[123.067,-0.889],[123.069,-0.893]]],[[[123.081,-0.885],[123.082,-0.881],[123.08,-0.881],[123.081,-0.885]]],[[[123.076,-0.877],[123.076,-0.876],[123.075,-0.874],[123.076,-0.877]]],[[[123.448,-0.828],[123.451,-0.828],[123.451,-0.827],[123.448,-0.828]]],[[[123.454,-0.823],[123.457,-0.819],[123.452,-0.817],[123.454,-0.823]]],[[[122.743,-0.642],[122.754,-0.643],[122.755,-0.64],[122.743,-0.642]]],[[[122.833,-0.629],[122.835,-0.624],[122.83,-0.629],[122.833,-0.629]]],[[[122.895,-0.622],[122.894,-0.615],[122.892,-0.622],[122.895,-0.622]]],[[[123.358,-0.618],[123.359,-0.615],[123.356,-0.616],[123.358,-0.618]]],[[[123.349,-0.613],[123.353,-0.61],[123.346,-0.609],[123.349,-0.613]]],[[[123.336,-0.606],[123.336,-0.603],[123.333,-0.605],[123.336,-0.606]]],[[[122.063,-1.616],[122.212,-1.605],[122.303,-1.532],[122.392,-1.492],[122.418,-1.44],[122.559,-1.311],[122.559,-1.268],[122.633,-1.235],[122.635,-1.165],[122.661,-1.164],[122.669,-1.137],[122.715,-1.134],[122.728,-1.086],[122.798,-1.003],[122.786,-0.974],[122.809,-0.936],[122.889,-0.929],[123.005,-0.893],[123.041,-0.908],[123.027,-0.881],[123.042,-0.871],[123.037,-0.894],[123.059,-0.896],[123.074,-0.882],[123.059,-0.871],[123.1,-0.835],[123.15,-0.884],[123.152,-0.9],[123.133,-0.899],[123.143,-0.953],[123.168,-0.952],[123.238,-1.0],[123.265,-1.042],[123.311,-1.05],[123.353,-1.032],[123.397,-0.952],[123.383,-0.931],[123.391,-0.89],[123.41,-0.855],[123.443,-0.838],[123.434,-0.799],[123.457,-0.769],[123.444,-0.745],[123.427,-0.746],[123.443,-0.71],[123.422,-0.718],[123.38,-0.67],[123.411,-0.655],[123.262,-0.579],[123.194,-0.569],[123.17,-0.59],[123.056,-0.564],[123.051,-0.59],[122.989,-0.623],[122.968,-0.618],[122.957,-0.644],[122.94,-0.627],[122.954,-0.617],[122.894,-0.622],[122.881,-0.638],[122.863,-0.621],[122.841,-0.641],[122.807,-0.634],[122.781,-0.669],[122.725,-0.662],[122.781,-0.704],[122.869,-0.711],[122.893,-0.738],[122.95,-0.735],[122.961,-0.754],[122.79,-0.775],[122.728,-0.812],[122.685,-0.81],[122.614,-0.761],[122.58,-0.783],[122.524,-0.786],[122.509,-0.766],[122.458,-0.758],[122.414,-0.783],[122.199,-0.787],[122.186,-0.811],[122.158,-0.814],[122.165,-0.837],[122.146,-0.859],[122.145,-0.904],[122.103,-0.951],[122.005,-0.932],[121.942,-0.988],[121.856,-0.968],[121.854,-1.012],[121.877,-1.072],[121.919,-1.094],[121.937,-1.129],[121.955,-1.11],[122.003,-1.128],[122.006,-1.142],[122.03,-1.119],[122.1,-1.249],[122.084,-1.3],[122.037,-1.351],[122.007,-1.338],[122.054,-1.411],[122.036,-1.425],[122.043,-1.44],[122.012,-1.453],[122.042,-1.492],[122.031,-1.574],[122.063,-1.616]]],[[[122.647,-0.508],[122.651,-0.505],[122.643,-0.503],[122.647,-0.508]]],[[[122.604,-0.482],[122.53,-0.492],[122.524,-0.503],[122.564,-0.52],[122.616,-0.502],[122.604,-0.482]]]]},"id":7202},{"type":"Feature","properties":{"code":7201},"geometry":{"type":"MultiPolygon","coordinates":[[[[123.299,-1.283],[123.325,-1.19],[123.316,-1.174],[123.279,-1.195],[123.274,-1.215],[123.299,-1.283]]],[[[123.193,-1.153],[123.163,-1.152],[123.144,-1.211],[123.105,-1.16],[123.032,-1.177],[122.971,-1.216],[122.945,-1.185],[122.905,-1.182],[122.871,-1.249],[122.83,-1.278],[122.796,-1.371],[122.786,-1.463],[122.798,-1.491],[122.82,-1.482],[122.837,-1.524],[122.838,-1.51],[122.849,-1.578],[122.868,-1.595],[122.911,-1.597],[122.946,-1.544],[122.998,-1.516],[123.037,-1.421],[123.121,-1.294],[123.121,-1.318],[123.141,-1.297],[123.165,-1.303],[123.163,-1.453],[123.184,-1.514],[123.128,-1.568],[123.107,-1.566],[123.097,-1.592],[123.101,-1.603],[123.111,-1.591],[123.114,-1.612],[123.154,-1.613],[123.154,-1.64],[123.179,-1.632],[123.192,-1.608],[123.208,-1.62],[123.225,-1.595],[123.236,-1.644],[123.255,-1.638],[123.258,-1.609],[123.234,-1.595],[123.244,-1.501],[123.258,-1.483],[123.256,-1.442],[123.275,-1.443],[123.294,-1.411],[123.325,-1.415],[123.328,-1.454],[123.355,-1.473],[123.354,-1.525],[123.371,-1.498],[123.412,-1.53],[123.439,-1.504],[123.457,-1.518],[123.473,-1.46],[123.489,-1.469],[123.513,-1.454],[123.539,-1.395],[123.535,-1.36],[123.557,-1.33],[123.556,-1.278],[123.518,-1.262],[123.487,-1.269],[123.442,-1.234],[123.445,-1.266],[123.429,-1.269],[123.403,-1.252],[123.412,-1.224],[123.398,-1.235],[123.374,-1.221],[123.313,-1.304],[123.296,-1.305],[123.282,-1.317],[123.29,-1.311],[123.283,-1.358],[123.241,-1.399],[123.227,-1.359],[123.219,-1.351],[123.216,-1.364],[123.183,-1.32],[123.197,-1.284],[123.186,-1.262],[123.217,-1.27],[123.229,-1.232],[123.248,-1.229],[123.193,-1.153]]]]},"id":7201},{"type":"Feature","properties":{"code":7211},"geometry":{"type":"MultiPolygon","coordinates":[[[[123.441,-2.219],[123.442,-2.218],[123.438,-2.22],[123.441,-2.219]]],[[[123.457,-2.21],[123.459,-2.207],[123.451,-2.214],[123.457,-2.21]]],[[[123.467,-2.218],[123.463,-2.216],[123.407,-2.234],[123.398,-2.208],[123.396,-2.223],[123.411,-2.241],[123.467,-2.218]]],[[[123.46,-2.207],[123.463,-2.206],[123.463,-2.204],[123.46,-2.207]]],[[[123.398,-2.208],[123.406,-2.2],[123.405,-2.198],[123.398,-2.208]]],[[[123.147,-2.223],[123.16,-2.206],[123.156,-2.196],[123.144,-2.209],[123.147,-2.223]]],[[[123.681,-2.163],[123.663,-2.152],[123.67,-2.178],[123.677,-2.176],[123.681,-2.163]]],[[[123.672,-2.151],[123.666,-2.15],[123.671,-2.154],[123.672,-2.151]]],[[[123.654,-2.144],[123.658,-2.142],[123.654,-2.14],[123.654,-2.144]]],[[[123.609,-2.138],[123.602,-2.136],[123.607,-2.14],[123.609,-2.138]]],[[[123.451,-2.131],[123.45,-2.129],[123.449,-2.134],[123.451,-2.131]]],[[[123.6,-2.13],[123.597,-2.132],[123.602,-2.134],[123.6,-2.13]]],[[[123.44,-2.132],[123.438,-2.128],[123.438,-2.131],[123.44,-2.132]]],[[[123.643,-2.133],[123.631,-2.128],[123.641,-2.136],[123.643,-2.133]]],[[[123.645,-2.126],[123.64,-2.129],[123.646,-2.132],[123.645,-2.126]]],[[[123.608,-2.124],[123.604,-2.122],[123.608,-2.132],[123.608,-2.124]]],[[[123.601,-2.123],[123.598,-2.122],[123.603,-2.13],[123.601,-2.123]]],[[[123.449,-2.124],[123.44,-2.126],[123.45,-2.129],[123.449,-2.124]]],[[[123.592,-2.12],[123.591,-2.118],[123.59,-2.12],[123.592,-2.12]]],[[[123.601,-2.118],[123.598,-2.118],[123.6,-2.119],[123.601,-2.118]]],[[[123.598,-2.118],[123.592,-2.116],[123.594,-2.12],[123.591,-2.124],[123.598,-2.118]]],[[[123.809,-2.109],[123.804,-2.109],[123.805,-2.111],[123.809,-2.109]]],[[[123.763,-2.105],[123.748,-2.102],[123.755,-2.108],[123.763,-2.105]]],[[[123.932,-2.101],[123.925,-2.109],[123.931,-2.109],[123.932,-2.101]]],[[[123.922,-2.096],[123.921,-2.098],[123.921,-2.099],[123.922,-2.096]]],[[[123.871,-2.097],[123.871,-2.095],[123.866,-2.1],[123.871,-2.097]]],[[[123.868,-2.095],[123.859,-2.097],[123.858,-2.103],[123.868,-2.095]]],[[[123.919,-2.094],[123.918,-2.097],[123.92,-2.096],[123.919,-2.094]]],[[[123.561,-2.095],[123.543,-2.101],[123.561,-2.105],[123.561,-2.095]]],[[[123.91,-2.093],[123.907,-2.094],[123.908,-2.095],[123.91,-2.093]]],[[[123.917,-2.093],[123.915,-2.094],[123.917,-2.095],[123.917,-2.093]]],[[[123.89,-2.094],[123.887,-2.095],[123.9,-2.098],[123.89,-2.094]]],[[[123.91,-2.092],[123.911,-2.093],[123.911,-2.092],[123.91,-2.092]]],[[[123.749,-2.094],[123.744,-2.097],[123.748,-2.102],[123.749,-2.094]]],[[[123.92,-2.089],[123.915,-2.087],[123.922,-2.094],[123.92,-2.089]]],[[[123.745,-2.083],[123.743,-2.08],[123.745,-2.084],[123.745,-2.083]]],[[[123.907,-2.084],[123.91,-2.079],[123.905,-2.083],[123.907,-2.084]]],[[[123.917,-2.073],[123.916,-2.072],[123.913,-2.076],[123.917,-2.073]]],[[[123.597,-2.062],[123.59,-2.061],[123.595,-2.065],[123.597,-2.062]]],[[[123.785,-2.026],[123.789,-2.023],[123.786,-2.021],[123.785,-2.026]]],[[[123.761,-2.019],[123.76,-2.019],[123.761,-2.021],[123.761,-2.019]]],[[[123.756,-2.016],[123.749,-2.022],[123.754,-2.023],[123.756,-2.016]]],[[[123.755,-2.012],[123.751,-2.015],[123.756,-2.015],[123.755,-2.012]]],[[[123.793,-2.017],[123.79,-2.009],[123.789,-2.013],[123.793,-2.017]]],[[[123.863,-2.008],[123.845,-2.065],[123.889,-2.087],[123.897,-2.074],[123.863,-2.008]]],[[[123.767,-2.007],[123.763,-2.023],[123.756,-2.026],[123.762,-2.06],[123.784,-2.028],[123.767,-2.007]]],[[[123.906,-2.006],[123.889,-2.004],[123.894,-2.023],[123.906,-2.006]]],[[[123.786,-2.004],[123.778,-2.002],[123.776,-2.003],[123.786,-2.004]]],[[[123.49,-2.001],[123.489,-2.001],[123.489,-2.002],[123.49,-2.001]]],[[[123.488,-1.999],[123.485,-2.002],[123.488,-2.002],[123.488,-1.999]]],[[[123.492,-1.994],[123.488,-1.994],[123.491,-1.997],[123.492,-1.994]]],[[[123.488,-1.994],[123.485,-1.994],[123.485,-1.995],[123.488,-1.994]]],[[[123.494,-1.989],[123.492,-1.99],[123.495,-1.991],[123.494,-1.989]]],[[[123.496,-1.984],[123.491,-1.984],[123.495,-1.988],[123.496,-1.984]]],[[[123.488,-1.981],[123.481,-1.982],[123.478,-2.001],[123.488,-1.981]]],[[[123.64,-1.954],[123.64,-1.953],[123.637,-1.954],[123.64,-1.954]]],[[[123.481,-1.95],[123.479,-1.951],[123.48,-1.951],[123.481,-1.95]]],[[[123.486,-1.948],[123.482,-1.95],[123.486,-1.949],[123.486,-1.948]]],[[[123.635,-1.943],[123.631,-1.947],[123.635,-1.953],[123.635,-1.943]]],[[[123.488,-1.947],[123.471,-1.939],[123.465,-1.949],[123.488,-1.947]]],[[[123.637,-1.931],[123.635,-1.932],[123.636,-1.933],[123.637,-1.931]]],[[[123.638,-1.935],[123.64,-1.93],[123.636,-1.936],[123.638,-1.935]]],[[[123.565,-1.93],[123.569,-1.93],[123.568,-1.928],[123.565,-1.93]]],[[[123.542,-1.917],[123.528,-1.923],[123.535,-1.936],[123.542,-1.917]]],[[[123.637,-1.913],[123.639,-1.904],[123.634,-1.908],[123.637,-1.913]]],[[[123.771,-1.903],[123.767,-1.924],[123.771,-1.934],[123.776,-1.922],[123.771,-1.903]]],[[[123.739,-1.954],[123.738,-1.915],[123.728,-1.897],[123.698,-1.958],[123.739,-1.954]]],[[[123.685,-1.895],[123.684,-1.896],[123.686,-1.896],[123.685,-1.895]]],[[[123.663,-1.957],[123.647,-1.895],[123.644,-1.955],[123.663,-1.957]]],[[[123.696,-1.889],[123.697,-1.888],[123.695,-1.888],[123.696,-1.889]]],[[[123.678,-1.883],[123.662,-1.89],[123.681,-1.929],[123.688,-1.914],[123.678,-1.883]]],[[[123.863,-1.979],[123.783,-1.879],[123.775,-1.892],[123.779,-1.91],[123.775,-1.909],[123.778,-1.926],[123.77,-1.943],[123.782,-1.929],[123.784,-1.983],[123.824,-2.026],[123.84,-1.991],[123.855,-2.012],[123.863,-1.979]]],[[[123.765,-1.866],[123.755,-1.876],[123.758,-1.885],[123.77,-1.885],[123.765,-1.866]]],[[[123.695,-1.861],[123.685,-1.863],[123.681,-1.875],[123.691,-1.864],[123.7,-1.875],[123.693,-1.908],[123.704,-1.892],[123.701,-1.872],[123.695,-1.861]]],[[[124.009,-1.816],[123.988,-1.823],[124.03,-1.895],[124.023,-1.843],[124.0,-1.832],[124.009,-1.816]]],[[[123.126,-1.775],[123.088,-1.766],[123.058,-1.829],[123.069,-1.887],[123.047,-1.91],[123.061,-1.926],[123.144,-1.852],[123.144,-1.799],[123.127,-1.797],[123.126,-1.775]]],[[[124.173,-1.744],[124.14,-1.745],[124.153,-1.768],[124.168,-1.751],[124.16,-1.781],[124.15,-1.77],[124.163,-1.788],[124.181,-1.767],[124.173,-1.744]]],[[[123.376,-1.672],[123.309,-1.721],[123.269,-1.784],[123.275,-1.797],[123.315,-1.782],[123.338,-1.732],[123.351,-1.742],[123.372,-1.717],[123.384,-1.722],[123.376,-1.672]]],[[[123.531,-1.477],[123.528,-1.508],[123.505,-1.497],[123.478,-1.547],[123.479,-1.583],[123.492,-1.579],[123.5,-1.597],[123.479,-1.614],[123.488,-1.636],[123.472,-1.653],[123.488,-1.713],[123.513,-1.725],[123.517,-1.7],[123.536,-1.725],[123.568,-1.728],[123.612,-1.698],[123.62,-1.651],[123.603,-1.631],[123.62,-1.639],[123.622,-1.624],[123.591,-1.593],[123.577,-1.61],[123.559,-1.598],[123.563,-1.548],[123.531,-1.477]]]]},"id":7211},{"type":"Feature","properties":{"code":1901},"geometry":{"type":"MultiPolygon","coordinates":[[[[105.805,-1.805],[105.813,-1.795],[105.808,-1.794],[105.805,-1.805]]],[[[105.769,-1.739],[105.762,-1.737],[105.768,-1.743],[105.769,-1.739]]],[[[105.734,-1.683],[105.737,-1.682],[105.734,-1.682],[105.734,-1.683]]],[[[106.128,-2.095],[106.163,-2.067],[106.149,-1.979],[106.185,-1.895],[106.134,-1.855],[106.118,-1.821],[106.126,-1.801],[106.087,-1.775],[106.094,-1.757],[106.073,-1.747],[106.028,-1.681],[106.023,-1.632],[106.032,-1.614],[106.054,-1.619],[106.048,-1.6],[105.98,-1.55],[105.951,-1.559],[105.912,-1.54],[105.916,-1.501],[105.814,-1.531],[105.703,-1.528],[105.741,-1.612],[105.733,-1.631],[105.766,-1.65],[105.753,-1.651],[105.756,-1.677],[105.74,-1.686],[105.754,-1.727],[105.779,-1.743],[105.826,-1.803],[105.811,-1.814],[105.784,-1.806],[105.773,-1.766],[105.745,-1.777],[105.76,-1.816],[105.74,-1.828],[105.755,-1.84],[105.697,-1.906],[105.717,-1.945],[105.74,-1.938],[105.751,-1.973],[105.785,-1.995],[105.748,-2.088],[105.769,-2.112],[105.758,-2.15],[105.793,-2.184],[105.787,-2.251],[105.826,-2.311],[105.803,-2.367],[105.865,-2.333],[105.902,-2.342],[105.928,-2.275],[105.911,-2.247],[105.924,-2.208],[105.958,-2.245],[105.979,-2.242],[105.975,-2.23],[106.02,-2.214],[106.088,-2.144],[106.082,-2.127],[106.04,-2.112],[106.045,-2.075],[106.101,-2.081],[106.13,-2.057],[106.141,-2.076],[106.128,-2.095]]]]},"id":1901},{"type":"Feature","properties":{"code":1903},"geometry":{"type":"Polygon","coordinates":[[[105.744,-1.782],[105.694,-1.781],[105.655,-1.746],[105.641,-1.71],[105.661,-1.714],[105.724,-1.644],[105.675,-1.654],[105.639,-1.641],[105.599,-1.548],[105.605,-1.529],[105.563,-1.528],[105.56,-1.549],[105.536,-1.564],[105.46,-1.564],[105.424,-1.604],[105.388,-1.601],[105.389,-1.635],[105.343,-1.648],[105.342,-1.669],[105.367,-1.679],[105.322,-1.698],[105.389,-1.735],[105.388,-1.796],[105.318,-1.864],[105.125,-1.959],[105.132,-1.98],[105.108,-2.024],[105.125,-2.074],[105.13,-2.085],[105.228,-2.066],[105.257,-2.085],[105.295,-2.153],[105.351,-2.12],[105.388,-2.129],[105.418,-2.118],[105.446,-2.134],[105.47,-2.103],[105.512,-2.083],[105.572,-2.093],[105.59,-2.123],[105.724,-2.125],[105.758,-2.144],[105.769,-2.112],[105.749,-2.096],[105.761,-2.074],[105.75,-2.059],[105.785,-1.995],[105.751,-1.973],[105.74,-1.938],[105.717,-1.945],[105.697,-1.906],[105.755,-1.84],[105.74,-1.828],[105.76,-1.816],[105.744,-1.782]]]},"id":1903},{"type":"Feature","properties":{"code":1905},"geometry":{"type":"MultiPolygon","coordinates":[[[[106.698,-2.978],[106.696,-2.993],[106.709,-2.992],[106.713,-2.982],[106.698,-2.978]]],[[[106.697,-2.972],[106.695,-2.972],[106.696,-2.974],[106.697,-2.972]]],[[[106.702,-2.967],[106.705,-2.966],[106.703,-2.964],[106.702,-2.967]]],[[[106.696,-2.963],[106.691,-2.959],[106.691,-2.966],[106.696,-2.963]]],[[[106.678,-2.962],[106.666,-2.96],[106.677,-2.968],[106.678,-2.962]]],[[[106.766,-2.903],[106.771,-2.9],[106.766,-2.901],[106.766,-2.903]]],[[[106.804,-2.886],[106.782,-2.91],[106.731,-2.925],[106.708,-2.967],[106.822,-3.032],[106.895,-3.031],[106.88,-3.008],[106.91,-2.943],[106.804,-2.886]]],[[[106.777,-2.888],[106.76,-2.886],[106.762,-2.897],[106.777,-2.888]]],[[[107.018,-2.872],[107.012,-2.872],[107.016,-2.876],[107.018,-2.872]]],[[[106.736,-2.867],[106.718,-2.89],[106.722,-2.902],[106.747,-2.886],[106.736,-2.867]]],[[[107.091,-2.851],[107.092,-2.856],[107.094,-2.855],[107.091,-2.851]]],[[[106.853,-2.844],[106.829,-2.851],[106.854,-2.858],[106.853,-2.844]]],[[[106.803,-2.84],[106.787,-2.833],[106.781,-2.843],[106.803,-2.84]]],[[[107.057,-2.82],[107.019,-2.878],[107.052,-2.908],[107.084,-2.911],[107.092,-2.86],[107.058,-2.84],[107.057,-2.82]]],[[[106.661,-2.715],[106.643,-2.718],[106.633,-2.695],[106.515,-2.646],[106.497,-2.662],[106.495,-2.61],[106.443,-2.614],[106.455,-2.554],[106.397,-2.568],[106.372,-2.548],[106.305,-2.547],[106.289,-2.57],[106.247,-2.584],[106.202,-2.569],[106.199,-2.526],[106.222,-2.504],[106.235,-2.471],[106.224,-2.464],[106.139,-2.49],[106.142,-2.502],[106.061,-2.492],[106.05,-2.516],[106.03,-2.512],[106.025,-2.49],[106.045,-2.458],[106.034,-2.437],[105.984,-2.468],[105.932,-2.469],[105.938,-2.53],[105.89,-2.588],[105.886,-2.644],[105.919,-2.743],[105.955,-2.787],[105.95,-2.819],[106.094,-2.837],[106.142,-2.875],[106.182,-2.871],[106.233,-2.9],[106.283,-2.904],[106.321,-2.933],[106.335,-2.967],[106.424,-2.971],[106.441,-3.011],[106.491,-3.049],[106.491,-3.09],[106.514,-3.116],[106.537,-3.101],[106.553,-3.108],[106.553,-3.092],[106.584,-3.076],[106.606,-3.089],[106.643,-3.082],[106.658,-3.102],[106.739,-3.085],[106.729,-3.031],[106.741,-3.006],[106.694,-3.003],[106.675,-2.975],[106.608,-2.963],[106.592,-2.939],[106.602,-2.863],[106.661,-2.715]]]]},"id":1905},{"type":"Feature","properties":{"code":1904},"geometry":{"type":"MultiPolygon","coordinates":[[[[105.803,-2.407],[105.782,-2.401],[105.79,-2.422],[105.803,-2.407]]],[[[105.766,-2.392],[105.76,-2.391],[105.763,-2.396],[105.766,-2.392]]],[[[105.754,-2.389],[105.751,-2.386],[105.749,-2.387],[105.754,-2.389]]],[[[106.445,-2.283],[106.448,-2.284],[106.447,-2.279],[106.445,-2.283]]],[[[106.324,-2.266],[106.329,-2.266],[106.327,-2.262],[106.324,-2.266]]],[[[106.349,-2.259],[106.361,-2.254],[106.347,-2.257],[106.349,-2.259]]],[[[106.372,-2.253],[106.369,-2.252],[106.361,-2.256],[106.372,-2.253]]],[[[106.381,-2.254],[106.385,-2.25],[106.375,-2.253],[106.381,-2.254]]],[[[106.297,-2.156],[106.295,-2.154],[106.292,-2.156],[106.297,-2.156]]],[[[106.273,-2.158],[106.27,-2.149],[106.257,-2.162],[106.273,-2.158]]],[[[105.805,-2.37],[105.835,-2.413],[105.879,-2.424],[105.932,-2.469],[105.984,-2.468],[106.034,-2.437],[106.045,-2.458],[106.025,-2.49],[106.044,-2.516],[106.061,-2.492],[106.142,-2.502],[106.139,-2.49],[106.224,-2.464],[106.234,-2.476],[106.199,-2.526],[106.2,-2.564],[106.236,-2.584],[106.289,-2.57],[106.305,-2.547],[106.372,-2.548],[106.397,-2.568],[106.455,-2.554],[106.443,-2.614],[106.495,-2.61],[106.497,-2.662],[106.515,-2.646],[106.557,-2.66],[106.633,-2.695],[106.656,-2.721],[106.746,-2.608],[106.773,-2.607],[106.808,-2.578],[106.824,-2.588],[106.801,-2.594],[106.832,-2.589],[106.849,-2.571],[106.568,-2.521],[106.482,-2.498],[106.446,-2.472],[106.395,-2.478],[106.345,-2.46],[106.299,-2.42],[106.238,-2.328],[106.202,-2.182],[106.177,-2.148],[106.156,-2.161],[106.088,-2.144],[106.02,-2.214],[105.975,-2.23],[105.979,-2.242],[105.958,-2.245],[105.924,-2.208],[105.911,-2.247],[105.928,-2.275],[105.902,-2.342],[105.865,-2.333],[105.805,-2.37]]]]},"id":1904},{"type":"Feature","properties":{"code":3526},"geometry":{"type":"Polygon","coordinates":[[[113.124,-6.892],[113.036,-6.879],[112.859,-6.893],[112.841,-6.916],[112.827,-6.906],[112.827,-6.929],[112.775,-6.997],[112.723,-7.038],[112.682,-7.031],[112.673,-7.073],[112.686,-7.095],[112.706,-7.096],[112.691,-7.153],[112.722,-7.175],[112.776,-7.159],[112.864,-7.162],[113.04,-7.212],[113.06,-7.196],[113.048,-7.184],[113.057,-7.163],[113.097,-7.157],[113.092,-7.133],[113.107,-7.107],[113.115,-7.116],[113.11,-7.047],[113.115,-7.031],[113.133,-7.035],[113.147,-6.984],[113.105,-6.987],[113.108,-6.953],[113.095,-6.945],[113.101,-6.931],[113.115,-6.936],[113.124,-6.892]]]},"id":3526},{"type":"Feature","properties":{"code":5106},"geometry":{"type":"Polygon","coordinates":[[[115.249,-8.255],[115.262,-8.332],[115.284,-8.314],[115.291,-8.332],[115.328,-8.33],[115.324,-8.49],[115.336,-8.523],[115.357,-8.52],[115.375,-8.461],[115.403,-8.461],[115.414,-8.434],[115.396,-8.357],[115.43,-8.267],[115.459,-8.247],[115.437,-8.218],[115.454,-8.198],[115.434,-8.18],[115.404,-8.191],[115.364,-8.146],[115.331,-8.153],[115.321,-8.14],[115.303,-8.173],[115.265,-8.163],[115.244,-8.176],[115.232,-8.24],[115.249,-8.255]]]},"id":5106},{"type":"Feature","properties":{"code":6303},"geometry":{"type":"Polygon","coordinates":[[[115.556,-2.828],[115.477,-2.94],[115.434,-2.976],[115.399,-2.995],[115.388,-2.977],[115.356,-2.984],[115.345,-2.966],[115.324,-2.968],[115.279,-2.996],[115.247,-3.043],[115.219,-3.038],[115.169,-3.115],[115.242,-3.135],[115.239,-3.162],[115.203,-3.212],[115.089,-3.183],[114.827,-3.014],[114.816,-3.2],[114.789,-3.201],[114.779,-3.229],[114.638,-3.275],[114.628,-3.312],[114.657,-3.348],[114.632,-3.346],[114.586,-3.382],[114.569,-3.366],[114.521,-3.363],[114.506,-3.388],[114.519,-3.433],[114.511,-3.538],[114.704,-3.513],[114.698,-3.458],[114.74,-3.371],[114.806,-3.418],[114.93,-3.446],[114.926,-3.47],[114.915,-3.468],[114.931,-3.54],[114.916,-3.606],[114.968,-3.628],[114.935,-3.687],[114.936,-3.722],[114.956,-3.73],[114.983,-3.7],[115.083,-3.669],[115.122,-3.634],[115.237,-3.603],[115.311,-3.549],[115.333,-3.513],[115.412,-3.488],[115.421,-3.468],[115.407,-3.444],[115.427,-3.425],[115.437,-3.344],[115.459,-3.329],[115.457,-3.286],[115.372,-3.257],[115.41,-3.239],[115.422,-3.158],[115.438,-3.136],[115.477,-3.105],[115.494,-3.125],[115.561,-3.06],[115.512,-3.029],[115.546,-2.94],[115.575,-2.933],[115.595,-2.892],[115.577,-2.883],[115.556,-2.828]]]},"id":6303},{"type":"Feature","properties":{"code":3304},"geometry":{"type":"Polygon","coordinates":[[[109.906,-7.221],[109.917,-7.191],[109.886,-7.178],[109.876,-7.191],[109.848,-7.177],[109.833,-7.189],[109.798,-7.171],[109.751,-7.179],[109.726,-7.201],[109.69,-7.195],[109.682,-7.173],[109.636,-7.176],[109.611,-7.21],[109.59,-7.207],[109.538,-7.244],[109.584,-7.293],[109.567,-7.3],[109.562,-7.332],[109.527,-7.323],[109.518,-7.343],[109.548,-7.402],[109.504,-7.41],[109.505,-7.45],[109.438,-7.448],[109.418,-7.478],[109.401,-7.467],[109.373,-7.477],[109.362,-7.513],[109.404,-7.54],[109.497,-7.503],[109.545,-7.522],[109.559,-7.509],[109.587,-7.515],[109.633,-7.481],[109.684,-7.503],[109.752,-7.461],[109.754,-7.439],[109.827,-7.447],[109.829,-7.419],[109.751,-7.388],[109.84,-7.286],[109.861,-7.232],[109.906,-7.221]]]},"id":3304},{"type":"Feature","properties":{"code":7303},"geometry":{"type":"Polygon","coordinates":[[[119.955,-5.355],[119.931,-5.363],[119.936,-5.408],[119.879,-5.49],[119.876,-5.527],[119.853,-5.516],[119.856,-5.554],[119.9,-5.557],[119.907,-5.576],[119.937,-5.544],[120.101,-5.585],[120.083,-5.478],[120.028,-5.393],[119.98,-5.39],[119.955,-5.355]]]},"id":7303},{"type":"Feature","properties":{"code":3402},"geometry":{"type":"Polygon","coordinates":[[[110.397,-7.788],[110.405,-7.83],[110.389,-7.84],[110.351,-7.825],[110.351,-7.768],[110.298,-7.832],[110.282,-7.817],[110.288,-7.784],[110.24,-7.806],[110.221,-7.837],[110.257,-7.866],[110.273,-7.909],[110.203,-7.983],[110.339,-8.028],[110.329,-8.003],[110.355,-7.991],[110.35,-7.975],[110.396,-7.98],[110.396,-7.969],[110.443,-7.966],[110.449,-7.946],[110.454,-7.967],[110.466,-7.954],[110.463,-7.968],[110.477,-7.971],[110.498,-7.9],[110.467,-7.866],[110.482,-7.84],[110.521,-7.833],[110.481,-7.817],[110.429,-7.837],[110.42,-7.786],[110.397,-7.788]]]},"id":3402},{"type":"Feature","properties":{"code":1607},"geometry":{"type":"MultiPolygon","coordinates":[[[[104.928,-2.399],[104.928,-2.362],[104.926,-2.354],[104.912,-2.365],[104.928,-2.399]]],[[[104.765,-2.347],[104.772,-2.316],[104.772,-2.312],[104.755,-2.343],[104.765,-2.347]]],[[[104.645,-1.918],[104.593,-1.867],[104.546,-1.848],[104.502,-1.939],[104.517,-1.967],[104.596,-1.992],[104.618,-1.978],[104.609,-1.953],[104.645,-1.918]]],[[[104.605,-1.805],[104.591,-1.731],[104.569,-1.728],[104.549,-1.805],[104.605,-1.805]]],[[[104.517,-1.677],[104.452,-1.633],[104.407,-1.625],[104.361,-1.638],[104.342,-1.675],[104.152,-1.724],[104.162,-1.793],[104.212,-1.888],[104.36,-2.07],[104.428,-2.185],[104.544,-2.263],[104.624,-2.252],[104.656,-2.322],[104.577,-2.383],[104.459,-2.438],[104.359,-2.455],[104.275,-2.518],[104.222,-2.511],[104.116,-2.427],[104.066,-2.454],[104.102,-2.507],[104.073,-2.539],[104.113,-2.565],[104.134,-2.55],[104.158,-2.561],[104.222,-2.6],[104.209,-2.62],[104.243,-2.629],[104.238,-2.645],[104.282,-2.662],[104.231,-2.703],[104.246,-2.725],[104.131,-2.855],[104.184,-2.902],[104.175,-2.968],[104.187,-3.052],[104.167,-3.054],[104.154,-3.094],[104.232,-3.03],[104.255,-3.043],[104.264,-3.026],[104.284,-3.035],[104.318,-3.021],[104.355,-3.048],[104.342,-3.017],[104.474,-3.03],[104.491,-3.062],[104.542,-3.027],[104.599,-3.049],[104.612,-3.014],[104.644,-3.025],[104.622,-2.991],[104.633,-2.936],[104.651,-2.921],[104.676,-2.935],[104.668,-2.876],[104.704,-2.864],[104.749,-2.893],[104.756,-2.915],[104.811,-2.909],[104.795,-2.921],[104.814,-2.944],[104.851,-2.924],[104.847,-2.956],[104.864,-2.951],[104.86,-2.971],[104.833,-2.987],[104.824,-3.01],[104.836,-3.013],[104.78,-3.052],[104.828,-3.068],[104.854,-3.101],[104.883,-3.102],[104.907,-3.13],[104.898,-3.155],[104.96,-3.169],[105.031,-3.104],[105.041,-3.012],[105.019,-3.007],[105.035,-2.982],[105.009,-2.971],[105.095,-2.931],[105.093,-2.915],[105.067,-2.903],[105.09,-2.841],[105.074,-2.771],[105.089,-2.717],[105.207,-2.729],[105.215,-2.685],[105.175,-2.641],[105.204,-2.634],[105.203,-2.583],[105.228,-2.587],[105.285,-2.51],[105.313,-2.498],[105.336,-2.447],[105.428,-2.447],[105.47,-2.462],[105.567,-2.402],[105.471,-2.379],[105.43,-2.388],[105.297,-2.371],[105.21,-2.326],[105.12,-2.373],[105.081,-2.361],[105.05,-2.375],[105.004,-2.333],[104.963,-2.331],[104.926,-2.34],[104.941,-2.438],[104.933,-2.439],[104.901,-2.368],[104.917,-2.287],[104.848,-2.284],[104.826,-2.354],[104.753,-2.394],[104.755,-2.47],[104.726,-2.596],[104.72,-2.531],[104.742,-2.45],[104.729,-2.379],[104.697,-2.341],[104.747,-2.355],[104.776,-2.292],[104.904,-2.189],[104.895,-2.096],[104.844,-2.005],[104.717,-1.988],[104.691,-2.005],[104.687,-2.054],[104.637,-2.056],[104.641,-2.086],[104.627,-2.112],[104.595,-2.105],[104.624,-2.108],[104.63,-2.055],[104.681,-2.049],[104.671,-2.01],[104.686,-1.985],[104.652,-1.959],[104.616,-1.996],[104.573,-1.998],[104.506,-1.962],[104.486,-1.907],[104.468,-1.914],[104.472,-1.964],[104.464,-1.927],[104.473,-1.875],[104.464,-1.859],[104.508,-1.798],[104.539,-1.782],[104.538,-1.717],[104.517,-1.677]]]]},"id":1607},{"type":"Feature","properties":{"code":3302},"geometry":{"type":"Polygon","coordinates":[[[109.361,-7.485],[109.32,-7.482],[109.34,-7.458],[109.333,-7.43],[109.223,-7.246],[109.117,-7.275],[109.127,-7.28],[109.105,-7.287],[109.113,-7.294],[109.036,-7.351],[109.028,-7.326],[108.967,-7.332],[108.935,-7.39],[108.931,-7.431],[108.891,-7.448],[108.903,-7.476],[108.92,-7.464],[108.964,-7.472],[108.957,-7.493],[108.973,-7.518],[109.004,-7.529],[109.002,-7.543],[109.058,-7.556],[109.067,-7.573],[109.159,-7.577],[109.169,-7.553],[109.198,-7.557],[109.268,-7.592],[109.263,-7.62],[109.358,-7.64],[109.383,-7.663],[109.39,-7.644],[109.407,-7.651],[109.445,-7.62],[109.415,-7.569],[109.432,-7.536],[109.404,-7.54],[109.364,-7.517],[109.361,-7.485]]]},"id":3302},{"type":"Feature","properties":{"code":3510},"geometry":{"type":"MultiPolygon","coordinates":[[[[114.029,-8.649],[114.023,-8.649],[114.024,-8.651],[114.029,-8.649]]],[[[114.026,-8.645],[114.026,-8.643],[114.024,-8.646],[114.026,-8.645]]],[[[114.083,-8.634],[114.082,-8.63],[114.082,-8.635],[114.083,-8.634]]],[[[113.995,-8.616],[113.991,-8.616],[113.995,-8.618],[113.995,-8.616]]],[[[113.992,-8.615],[113.992,-8.612],[113.99,-8.614],[113.992,-8.615]]],[[[114.027,-8.605],[114.026,-8.604],[114.024,-8.606],[114.027,-8.605]]],[[[113.914,-8.585],[113.914,-8.582],[113.911,-8.584],[113.914,-8.585]]],[[[113.895,-8.58],[113.896,-8.579],[113.894,-8.58],[113.895,-8.58]]],[[[114.423,-7.935],[114.293,-7.888],[114.224,-7.986],[114.248,-8.045],[114.213,-8.099],[114.184,-8.12],[114.146,-8.101],[114.06,-8.122],[113.97,-8.189],[113.957,-8.206],[113.964,-8.238],[113.934,-8.255],[113.927,-8.327],[113.909,-8.346],[113.947,-8.401],[113.91,-8.441],[113.89,-8.409],[113.854,-8.429],[113.842,-8.494],[113.855,-8.519],[113.837,-8.554],[113.908,-8.58],[113.945,-8.559],[113.968,-8.584],[113.947,-8.599],[113.956,-8.613],[113.989,-8.599],[113.996,-8.61],[113.996,-8.593],[114.015,-8.59],[114.028,-8.599],[114.032,-8.633],[114.049,-8.646],[114.059,-8.626],[114.084,-8.629],[114.094,-8.615],[114.22,-8.645],[114.227,-8.605],[114.259,-8.602],[114.325,-8.627],[114.369,-8.67],[114.376,-8.705],[114.345,-8.742],[114.532,-8.78],[114.587,-8.762],[114.604,-8.715],[114.569,-8.659],[114.514,-8.65],[114.48,-8.617],[114.457,-8.638],[114.439,-8.63],[114.407,-8.569],[114.409,-8.509],[114.389,-8.447],[114.378,-8.527],[114.351,-8.529],[114.37,-8.479],[114.34,-8.422],[114.365,-8.279],[114.39,-8.234],[114.382,-8.2],[114.398,-8.121],[114.43,-8.064],[114.423,-7.935]]]]},"id":3510},{"type":"Feature","properties":{"code":6304},"geometry":{"type":"MultiPolygon","coordinates":[[[[114.412,-3.492],[114.411,-3.49],[114.407,-3.489],[114.412,-3.492]]],[[[114.506,-3.388],[114.56,-3.316],[114.569,-3.267],[114.602,-3.288],[114.625,-3.285],[114.779,-3.229],[114.789,-3.201],[114.816,-3.2],[114.827,-3.014],[114.802,-2.94],[114.84,-2.87],[114.811,-2.806],[114.804,-2.742],[114.86,-2.521],[114.801,-2.585],[114.789,-2.676],[114.762,-2.719],[114.717,-2.74],[114.681,-2.737],[114.664,-2.8],[114.596,-2.815],[114.615,-2.884],[114.599,-2.89],[114.567,-2.864],[114.538,-2.927],[114.516,-2.921],[114.549,-2.943],[114.506,-2.999],[114.545,-3.067],[114.533,-3.081],[114.524,-3.072],[114.526,-3.086],[114.423,-3.179],[114.449,-3.209],[114.435,-3.242],[114.375,-3.287],[114.357,-3.321],[114.347,-3.46],[114.365,-3.461],[114.429,-3.499],[114.48,-3.501],[114.511,-3.538],[114.519,-3.433],[114.506,-3.388]]]]},"id":6304},{"type":"Feature","properties":{"code":6204},"geometry":{"type":"Polygon","coordinates":[[[114.801,-2.585],[114.914,-2.459],[115.002,-2.4],[114.917,-2.222],[114.962,-1.95],[114.971,-1.796],[115.033,-1.691],[115.131,-1.648],[115.267,-1.629],[115.415,-1.644],[115.514,-1.447],[115.472,-1.413],[115.455,-1.355],[115.412,-1.329],[115.236,-1.333],[115.236,-1.312],[115.162,-1.306],[115.127,-1.331],[115.096,-1.303],[114.852,-1.359],[114.834,-1.341],[114.738,-1.34],[114.667,-1.316],[114.674,-1.521],[114.599,-1.678],[114.637,-1.788],[114.62,-1.949],[114.705,-2.039],[114.715,-2.144],[114.554,-2.546],[114.598,-2.562],[114.617,-2.544],[114.654,-2.56],[114.722,-2.464],[114.757,-2.49],[114.697,-2.571],[114.792,-2.624],[114.801,-2.585]]]},"id":6204},{"type":"Feature","properties":{"code":6212},"geometry":{"type":"Polygon","coordinates":[[[115.002,-2.4],[115.249,-2.244],[115.241,-2.196],[115.264,-2.225],[115.29,-2.225],[115.329,-2.162],[115.303,-2.136],[115.317,-2.124],[115.321,-2.072],[115.345,-2.082],[115.408,-2.058],[115.404,-1.989],[115.431,-1.924],[115.42,-1.891],[115.409,-1.899],[115.4,-1.886],[115.396,-1.899],[115.351,-1.848],[115.366,-1.843],[115.353,-1.832],[115.372,-1.824],[115.366,-1.807],[115.396,-1.741],[115.381,-1.719],[115.415,-1.644],[115.267,-1.629],[115.131,-1.648],[115.033,-1.691],[115.011,-1.72],[114.963,-1.825],[114.962,-1.95],[114.917,-2.217],[115.002,-2.4]]]},"id":6212},{"type":"Feature","properties":{"code":6205},"geometry":{"type":"Polygon","coordinates":[[[115.514,-1.447],[115.625,-1.35],[115.709,-1.338],[115.753,-1.315],[115.771,-1.229],[115.846,-1.157],[115.799,-1.115],[115.756,-1.134],[115.743,-1.095],[115.693,-1.052],[115.677,-1.066],[115.656,-1.056],[115.66,-1.0],[115.565,-0.933],[115.505,-0.855],[115.397,-0.825],[115.379,-0.801],[115.353,-0.583],[115.316,-0.546],[115.299,-0.497],[115.246,-0.451],[115.252,-0.411],[115.221,-0.306],[115.231,-0.294],[115.253,-0.3],[115.237,-0.236],[115.268,-0.189],[115.26,-0.156],[115.315,-0.1],[115.297,-0.031],[115.158,-0.098],[115.145,-0.138],[115.067,-0.165],[115.052,-0.366],[115.03,-0.405],[115.042,-0.511],[114.907,-0.706],[114.873,-0.735],[114.723,-0.751],[114.67,-0.775],[114.501,-0.916],[114.459,-0.989],[114.456,-1.034],[114.499,-1.111],[114.54,-1.137],[114.678,-1.138],[114.71,-1.165],[114.7,-1.252],[114.667,-1.316],[114.738,-1.34],[114.834,-1.341],[114.852,-1.359],[115.096,-1.303],[115.127,-1.331],[115.162,-1.306],[115.236,-1.312],[115.236,-1.333],[115.412,-1.329],[115.455,-1.355],[115.472,-1.413],[115.514,-1.447]]]},"id":6205},{"type":"Feature","properties":{"code":7310},"geometry":{"type":"MultiPolygon","coordinates":[[[[119.571,-4.486],[119.57,-4.487],[119.572,-4.488],[119.571,-4.486]]],[[[119.6,-4.356],[119.598,-4.338],[119.592,-4.363],[119.6,-4.356]]],[[[119.618,-4.182],[119.622,-4.18],[119.618,-4.179],[119.618,-4.182]]],[[[119.603,-4.146],[119.604,-4.144],[119.602,-4.144],[119.603,-4.146]]],[[[119.62,-4.067],[119.606,-4.102],[119.62,-4.112],[119.614,-4.144],[119.638,-4.174],[119.608,-4.216],[119.625,-4.236],[119.595,-4.243],[119.636,-4.318],[119.597,-4.416],[119.599,-4.474],[119.581,-4.529],[119.594,-4.556],[119.619,-4.566],[119.644,-4.641],[119.663,-4.656],[119.659,-4.723],[119.692,-4.721],[119.695,-4.756],[119.681,-4.769],[119.732,-4.8],[119.759,-4.787],[119.769,-4.755],[119.799,-4.765],[119.822,-4.738],[119.813,-4.704],[119.758,-4.679],[119.757,-4.626],[119.797,-4.595],[119.807,-4.551],[119.806,-4.529],[119.754,-4.472],[119.754,-4.284],[119.706,-4.23],[119.756,-4.206],[119.729,-4.173],[119.749,-4.129],[119.712,-4.081],[119.62,-4.067]]]]},"id":7310},{"type":"Feature","properties":{"code":3325},"geometry":{"type":"Polygon","coordinates":[[[109.914,-7.195],[109.977,-7.082],[109.974,-7.033],[110.05,-6.98],[110.05,-6.941],[110.03,-6.93],[110.045,-6.921],[110.028,-6.91],[109.982,-6.924],[109.877,-6.916],[109.714,-6.868],[109.695,-6.928],[109.673,-6.935],[109.707,-6.986],[109.748,-6.999],[109.758,-7.069],[109.743,-7.111],[109.771,-7.116],[109.784,-7.162],[109.833,-7.189],[109.848,-7.177],[109.876,-7.191],[109.886,-7.178],[109.914,-7.195]]]},"id":3325},{"type":"Feature","properties":{"code":1504},"geometry":{"type":"Polygon","coordinates":[[[103.465,-2.255],[103.447,-2.174],[103.446,-2.062],[103.374,-2.055],[103.369,-2.001],[103.332,-2.001],[103.334,-1.965],[103.314,-1.965],[103.314,-1.868],[103.395,-1.868],[103.399,-1.826],[103.429,-1.812],[103.395,-1.757],[103.416,-1.649],[103.386,-1.64],[103.414,-1.632],[103.417,-1.608],[103.455,-1.587],[103.447,-1.568],[103.466,-1.529],[103.452,-1.489],[103.468,-1.471],[103.383,-1.481],[103.353,-1.441],[103.338,-1.371],[103.295,-1.349],[103.258,-1.355],[103.258,-1.408],[103.205,-1.355],[103.167,-1.386],[103.146,-1.368],[103.117,-1.399],[103.059,-1.388],[103.071,-1.404],[103.051,-1.415],[103.042,-1.451],[102.961,-1.42],[102.893,-1.369],[102.823,-1.395],[102.812,-1.425],[102.823,-1.498],[102.781,-1.633],[102.741,-1.691],[102.706,-1.704],[102.713,-1.718],[102.695,-1.724],[102.658,-1.82],[102.585,-1.881],[102.52,-1.857],[102.509,-1.911],[102.599,-1.91],[102.711,-1.959],[102.814,-1.949],[102.811,-1.992],[102.858,-2.009],[102.946,-1.982],[102.979,-1.943],[103.051,-1.937],[103.123,-1.957],[103.195,-1.937],[103.16,-1.981],[103.16,-2.017],[103.211,-2.081],[103.222,-2.141],[103.258,-2.133],[103.261,-2.155],[103.292,-2.174],[103.297,-2.206],[103.393,-2.295],[103.409,-2.333],[103.446,-2.356],[103.465,-2.255]]]},"id":1504},{"type":"Feature","properties":{"code":1219},"geometry":{"type":"MultiPolygon","coordinates":[[[[99.207,3.223],[99.23,3.199],[99.236,3.238],[99.207,3.223]]],[[[99.752,3.17],[99.687,3.205],[99.558,3.237],[99.486,3.318],[99.488,3.345],[99.42,3.386],[99.365,3.398],[99.314,3.443],[99.234,3.266],[99.235,3.252],[99.262,3.255],[99.269,3.276],[99.305,3.28],[99.308,3.299],[99.344,3.287],[99.341,3.238],[99.359,3.214],[99.374,3.246],[99.407,3.251],[99.363,3.151],[99.421,3.146],[99.492,3.121],[99.482,3.111],[99.508,3.101],[99.546,3.098],[99.572,3.069],[99.571,3.049],[99.549,3.036],[99.553,3.016],[99.595,3.045],[99.611,3.1],[99.588,3.11],[99.607,3.126],[99.648,3.105],[99.693,3.105],[99.752,3.17]]]]},"id":1219},{"type":"Feature","properties":{"code":3216},"geometry":{"type":"Polygon","coordinates":[[[107.098,-5.94],[107.02,-5.918],[106.991,-5.936],[107.017,-5.97],[106.984,-6.01],[107.015,-6.033],[106.989,-6.049],[107.016,-6.078],[106.969,-6.088],[106.971,-6.172],[107.01,-6.172],[107.005,-6.195],[107.032,-6.198],[107.042,-6.232],[107.016,-6.265],[107.04,-6.287],[107.037,-6.321],[106.993,-6.37],[107.023,-6.409],[107.062,-6.399],[107.055,-6.435],[107.171,-6.482],[107.216,-6.461],[107.196,-6.422],[107.221,-6.408],[107.221,-6.384],[107.204,-6.375],[107.226,-6.349],[107.217,-6.315],[107.276,-6.267],[107.269,-6.231],[107.283,-6.225],[107.272,-6.216],[107.296,-6.202],[107.278,-6.162],[107.292,-6.141],[107.282,-6.148],[107.281,-6.127],[107.265,-6.111],[107.248,-6.116],[107.246,-6.101],[107.143,-6.071],[107.136,-6.049],[107.093,-6.027],[107.101,-6.016],[107.084,-5.99],[107.098,-5.94]]]},"id":3216},{"type":"Feature","properties":{"code":1902},"geometry":{"type":"MultiPolygon","coordinates":[[[[107.725,-3.354],[107.728,-3.35],[107.722,-3.351],[107.725,-3.354]]],[[[107.701,-3.342],[107.702,-3.337],[107.7,-3.338],[107.701,-3.342]]],[[[107.69,-3.331],[107.69,-3.329],[107.691,-3.332],[107.69,-3.331]]],[[[107.209,-3.317],[107.214,-3.319],[107.211,-3.315],[107.209,-3.317]]],[[[107.73,-3.272],[107.733,-3.27],[107.73,-3.271],[107.73,-3.272]]],[[[107.762,-3.252],[107.764,-3.249],[107.758,-3.25],[107.762,-3.252]]],[[[107.754,-3.247],[107.752,-3.247],[107.755,-3.249],[107.754,-3.247]]],[[[107.609,-3.245],[107.606,-3.243],[107.607,-3.245],[107.609,-3.245]]],[[[107.676,-3.242],[107.673,-3.237],[107.673,-3.242],[107.676,-3.242]]],[[[107.569,-3.242],[107.562,-3.242],[107.566,-3.245],[107.569,-3.242]]],[[[107.723,-3.228],[107.721,-3.224],[107.721,-3.227],[107.723,-3.228]]],[[[107.552,-3.202],[107.516,-3.196],[107.522,-3.254],[107.552,-3.202]]],[[[107.862,-3.107],[107.847,-3.098],[107.839,-3.109],[107.856,-3.127],[107.862,-3.107]]],[[[107.361,-3.081],[107.361,-3.078],[107.359,-3.082],[107.361,-3.081]]],[[[107.495,-3.061],[107.495,-3.06],[107.493,-3.06],[107.495,-3.061]]],[[[107.368,-3.062],[107.367,-3.058],[107.366,-3.061],[107.368,-3.062]]],[[[107.359,-3.06],[107.359,-3.053],[107.357,-3.056],[107.359,-3.06]]],[[[107.391,-3.055],[107.395,-3.052],[107.391,-3.051],[107.391,-3.055]]],[[[107.564,-3.052],[107.567,-3.052],[107.566,-3.05],[107.564,-3.052]]],[[[107.35,-3.047],[107.348,-3.045],[107.348,-3.047],[107.35,-3.047]]],[[[107.386,-3.046],[107.383,-3.043],[107.385,-3.057],[107.386,-3.046]]],[[[107.557,-3.053],[107.561,-3.048],[107.556,-3.038],[107.557,-3.053]]],[[[107.506,-3.035],[107.509,-3.035],[107.506,-3.033],[107.506,-3.035]]],[[[107.147,-3.038],[107.153,-3.033],[107.147,-3.033],[107.147,-3.038]]],[[[107.499,-3.025],[107.487,-3.031],[107.492,-3.052],[107.503,-3.041],[107.499,-3.025]]],[[[107.165,-3.031],[107.17,-3.024],[107.164,-3.029],[107.165,-3.031]]],[[[107.548,-3.04],[107.544,-3.024],[107.541,-3.026],[107.548,-3.04]]],[[[107.503,-3.017],[107.506,-3.003],[107.497,-2.998],[107.503,-3.017]]],[[[107.504,-2.999],[107.503,-2.998],[107.503,-2.999],[107.504,-2.999]]],[[[107.274,-3.001],[107.271,-2.995],[107.271,-3.001],[107.274,-3.001]]],[[[107.106,-2.991],[107.104,-2.986],[107.104,-2.991],[107.106,-2.991]]],[[[107.242,-2.988],[107.226,-2.99],[107.229,-2.996],[107.242,-2.988]]],[[[107.556,-2.985],[107.558,-2.981],[107.554,-2.984],[107.556,-2.985]]],[[[107.559,-2.979],[107.556,-2.98],[107.56,-2.981],[107.559,-2.979]]],[[[107.129,-2.981],[107.135,-2.983],[107.133,-2.979],[107.129,-2.981]]],[[[107.507,-2.998],[107.505,-2.975],[107.501,-2.969],[107.507,-2.998]]],[[[107.532,-2.968],[107.516,-2.971],[107.525,-3.005],[107.533,-2.986],[107.532,-2.968]]],[[[107.522,-2.962],[107.516,-2.97],[107.529,-2.966],[107.522,-2.962]]],[[[107.533,-2.959],[107.528,-2.961],[107.538,-2.963],[107.533,-2.959]]],[[[107.222,-2.962],[107.235,-2.96],[107.236,-2.956],[107.222,-2.962]]],[[[107.52,-2.951],[107.519,-2.949],[107.519,-2.951],[107.52,-2.951]]],[[[107.431,-2.938],[107.432,-2.935],[107.429,-2.937],[107.431,-2.938]]],[[[107.526,-2.937],[107.514,-2.944],[107.529,-2.95],[107.526,-2.937]]],[[[107.433,-2.925],[107.433,-2.922],[107.431,-2.926],[107.433,-2.925]]],[[[107.469,-2.925],[107.432,-2.938],[107.436,-2.984],[107.465,-2.965],[107.469,-2.925]]],[[[107.482,-2.945],[107.487,-2.919],[107.479,-2.932],[107.482,-2.945]]],[[[107.472,-2.846],[107.472,-2.844],[107.471,-2.845],[107.472,-2.846]]],[[[107.506,-2.843],[107.483,-2.863],[107.49,-2.876],[107.494,-2.875],[107.506,-2.843]]],[[[107.474,-2.833],[107.475,-2.831],[107.474,-2.831],[107.474,-2.833]]],[[[107.592,-2.833],[107.593,-2.83],[107.591,-2.831],[107.592,-2.833]]],[[[107.59,-2.833],[107.587,-2.831],[107.588,-2.834],[107.59,-2.833]]],[[[107.589,-2.828],[107.586,-2.826],[107.586,-2.829],[107.589,-2.828]]],[[[107.506,-2.827],[107.478,-2.824],[107.486,-2.844],[107.506,-2.827]]],[[[107.464,-2.821],[107.38,-2.847],[107.371,-2.885],[107.338,-2.882],[107.412,-2.945],[107.424,-2.93],[107.411,-2.918],[107.43,-2.929],[107.432,-2.921],[107.471,-2.902],[107.461,-2.897],[107.476,-2.89],[107.485,-2.849],[107.451,-2.855],[107.474,-2.842],[107.479,-2.844],[107.464,-2.821]]],[[[107.369,-2.806],[107.372,-2.801],[107.365,-2.804],[107.369,-2.806]]],[[[107.416,-2.791],[107.382,-2.8],[107.401,-2.813],[107.371,-2.823],[107.4,-2.834],[107.432,-2.819],[107.416,-2.791]]],[[[107.54,-2.783],[107.53,-2.778],[107.529,-2.782],[107.54,-2.783]]],[[[107.597,-2.772],[107.594,-2.771],[107.595,-2.773],[107.597,-2.772]]],[[[107.604,-2.772],[107.603,-2.77],[107.596,-2.773],[107.604,-2.772]]],[[[107.602,-2.766],[107.596,-2.769],[107.603,-2.77],[107.602,-2.766]]],[[[107.909,-2.57],[107.908,-2.568],[107.906,-2.57],[107.909,-2.57]]],[[[107.627,-2.565],[107.624,-2.569],[107.628,-2.569],[107.627,-2.565]]],[[[107.645,-2.563],[107.646,-2.56],[107.644,-2.562],[107.645,-2.563]]],[[[107.646,-2.551],[107.644,-2.551],[107.646,-2.552],[107.646,-2.551]]],[[[107.705,-2.55],[107.706,-2.549],[107.704,-2.549],[107.705,-2.55]]],[[[107.67,-2.55],[107.67,-2.548],[107.669,-2.549],[107.67,-2.55]]],[[[107.649,-2.55],[107.651,-2.545],[107.649,-2.545],[107.649,-2.55]]],[[[107.796,-2.543],[107.795,-2.541],[107.794,-2.542],[107.796,-2.543]]],[[[107.921,-2.544],[107.922,-2.541],[107.921,-2.541],[107.921,-2.544]]],[[[107.916,-2.541],[107.919,-2.54],[107.916,-2.54],[107.916,-2.541]]],[[[107.649,-2.541],[107.649,-2.539],[107.647,-2.541],[107.649,-2.541]]],[[[107.648,-2.54],[107.648,-2.539],[107.646,-2.539],[107.648,-2.54]]],[[[107.87,-2.544],[107.855,-2.542],[107.858,-2.548],[107.87,-2.544]]],[[[107.621,-2.537],[107.618,-2.536],[107.618,-2.537],[107.621,-2.537]]],[[[107.845,-2.535],[107.845,-2.533],[107.843,-2.535],[107.845,-2.535]]],[[[107.839,-2.532],[107.836,-2.533],[107.842,-2.533],[107.839,-2.532]]],[[[107.935,-2.593],[107.926,-2.559],[107.908,-2.575],[107.838,-2.556],[107.833,-2.531],[107.815,-2.526],[107.794,-2.546],[107.763,-2.557],[107.668,-2.554],[107.628,-2.594],[107.645,-2.625],[107.611,-2.705],[107.628,-2.714],[107.622,-2.747],[107.631,-2.742],[107.643,-2.75],[107.637,-2.798],[107.641,-2.752],[107.63,-2.748],[107.581,-2.796],[107.598,-2.814],[107.597,-2.858],[107.528,-2.921],[107.53,-2.936],[107.565,-2.931],[107.622,-2.901],[107.613,-2.938],[107.6,-2.932],[107.585,-2.978],[107.56,-2.996],[107.593,-3.105],[107.623,-3.13],[107.627,-3.127],[107.635,-3.131],[107.634,-3.122],[107.643,-3.121],[107.636,-3.132],[107.626,-3.128],[107.627,-3.151],[107.585,-3.195],[107.607,-3.241],[107.639,-3.239],[107.708,-3.192],[107.766,-3.191],[107.837,-3.157],[107.832,-3.139],[107.848,-3.119],[107.8,-3.082],[107.822,-3.081],[107.863,-3.036],[107.858,-2.995],[107.819,-2.942],[107.75,-2.893],[107.785,-2.866],[107.824,-2.878],[107.854,-2.867],[107.849,-2.821],[107.867,-2.8],[107.936,-2.799],[107.995,-2.776],[107.991,-2.752],[107.958,-2.757],[107.962,-2.742],[107.935,-2.709],[107.906,-2.71],[107.876,-2.69],[107.896,-2.663],[107.899,-2.608],[107.935,-2.593]]],[[[107.811,-2.524],[107.809,-2.524],[107.809,-2.525],[107.811,-2.524]]]]},"id":1902},{"type":"Feature","properties":{"code":1906},"geometry":{"type":"MultiPolygon","coordinates":[[[[107.962,-3.411],[107.958,-3.412],[107.962,-3.416],[107.962,-3.411]]],[[[108.446,-3.332],[108.437,-3.33],[108.444,-3.34],[108.446,-3.332]]],[[[108.459,-3.324],[108.461,-3.324],[108.46,-3.322],[108.459,-3.324]]],[[[108.404,-3.321],[108.404,-3.319],[108.403,-3.318],[108.404,-3.321]]],[[[108.458,-3.313],[108.463,-3.313],[108.462,-3.311],[108.458,-3.313]]],[[[108.465,-3.308],[108.462,-3.307],[108.462,-3.31],[108.465,-3.308]]],[[[108.404,-3.314],[108.415,-3.306],[108.413,-3.301],[108.404,-3.314]]],[[[107.988,-3.302],[107.989,-3.299],[107.986,-3.299],[107.988,-3.302]]],[[[108.392,-3.301],[108.395,-3.283],[108.381,-3.303],[108.392,-3.301]]],[[[108.364,-3.268],[108.367,-3.267],[108.366,-3.264],[108.364,-3.268]]],[[[108.392,-3.253],[108.373,-3.246],[108.381,-3.262],[108.392,-3.253]]],[[[108.393,-3.247],[108.39,-3.237],[108.389,-3.247],[108.393,-3.247]]],[[[108.274,-3.227],[108.273,-3.227],[108.277,-3.227],[108.274,-3.227]]],[[[108.303,-3.228],[108.307,-3.227],[108.304,-3.226],[108.303,-3.228]]],[[[108.198,-3.227],[108.192,-3.22],[108.186,-3.228],[108.198,-3.227]]],[[[108.088,-3.213],[108.089,-3.211],[108.088,-3.21],[108.088,-3.213]]],[[[108.286,-3.218],[108.275,-3.212],[108.276,-3.225],[108.286,-3.218]]],[[[108.206,-3.198],[108.189,-3.207],[108.186,-3.212],[108.2,-3.207],[108.206,-3.198]]],[[[108.188,-3.191],[108.18,-3.188],[108.177,-3.189],[108.188,-3.191]]],[[[108.131,-3.181],[108.125,-3.183],[108.133,-3.186],[108.131,-3.181]]],[[[108.158,-3.175],[108.162,-3.172],[108.159,-3.172],[108.158,-3.175]]],[[[108.208,-3.175],[108.197,-3.172],[108.197,-3.176],[108.208,-3.175]]],[[[108.195,-3.169],[108.184,-3.167],[108.177,-3.178],[108.195,-3.169]]],[[[108.194,-3.163],[108.195,-3.162],[108.192,-3.162],[108.194,-3.163]]],[[[108.243,-3.151],[108.245,-3.147],[108.242,-3.15],[108.243,-3.151]]],[[[108.218,-3.147],[108.212,-3.143],[108.21,-3.149],[108.218,-3.147]]],[[[107.887,-3.122],[107.893,-3.126],[107.892,-3.118],[107.887,-3.122]]],[[[108.298,-3.058],[108.297,-3.068],[108.301,-3.066],[108.298,-3.058]]],[[[108.254,-3.045],[108.234,-3.064],[108.241,-3.076],[108.272,-3.055],[108.254,-3.045]]],[[[108.276,-3.015],[108.278,-3.014],[108.276,-3.013],[108.276,-3.015]]],[[[108.279,-2.979],[108.282,-2.975],[108.278,-2.977],[108.279,-2.979]]],[[[108.252,-2.966],[108.254,-2.966],[108.253,-2.965],[108.252,-2.966]]],[[[108.25,-2.964],[108.252,-2.964],[108.251,-2.963],[108.25,-2.964]]],[[[108.252,-2.962],[108.255,-2.962],[108.253,-2.961],[108.252,-2.962]]],[[[108.248,-2.961],[108.25,-2.961],[108.249,-2.96],[108.248,-2.961]]],[[[108.403,-2.81],[108.401,-2.811],[108.404,-2.814],[108.403,-2.81]]],[[[108.418,-2.789],[108.415,-2.793],[108.419,-2.793],[108.418,-2.789]]],[[[108.368,-2.77],[108.367,-2.767],[108.367,-2.769],[108.368,-2.77]]],[[[108.431,-2.709],[108.427,-2.709],[108.432,-2.712],[108.431,-2.709]]],[[[108.421,-2.686],[108.412,-2.686],[108.419,-2.692],[108.421,-2.686]]],[[[108.49,-2.678],[108.488,-2.678],[108.491,-2.68],[108.49,-2.678]]],[[[108.425,-2.671],[108.42,-2.671],[108.424,-2.674],[108.425,-2.671]]],[[[108.028,-2.656],[108.019,-2.655],[108.018,-2.665],[108.028,-2.656]]],[[[108.027,-2.649],[108.029,-2.648],[108.027,-2.647],[108.027,-2.649]]],[[[108.028,-2.646],[108.031,-2.646],[108.029,-2.644],[108.028,-2.646]]],[[[108.498,-2.633],[108.492,-2.632],[108.498,-2.638],[108.498,-2.633]]],[[[108.209,-2.623],[108.206,-2.62],[108.207,-2.622],[108.209,-2.623]]],[[[108.617,-2.593],[108.617,-2.589],[108.615,-2.592],[108.617,-2.593]]],[[[108.716,-2.587],[108.716,-2.583],[108.715,-2.585],[108.716,-2.587]]],[[[108.729,-2.581],[108.727,-2.593],[108.739,-2.598],[108.741,-2.591],[108.729,-2.581]]],[[[108.75,-2.575],[108.749,-2.573],[108.748,-2.574],[108.75,-2.575]]],[[[107.864,-3.028],[107.848,-3.06],[107.888,-3.081],[107.899,-3.097],[107.886,-3.117],[107.904,-3.115],[107.923,-3.131],[107.929,-3.126],[107.932,-3.15],[107.963,-3.167],[107.965,-3.244],[107.983,-3.271],[108.014,-3.243],[108.08,-3.246],[108.086,-3.208],[108.069,-3.187],[108.08,-3.169],[108.152,-3.172],[108.185,-3.142],[108.208,-3.145],[108.179,-3.12],[108.213,-3.069],[108.208,-3.011],[108.247,-2.955],[108.253,-2.912],[108.294,-2.877],[108.27,-2.751],[108.197,-2.683],[108.171,-2.668],[108.164,-2.686],[108.148,-2.671],[108.153,-2.651],[108.086,-2.598],[108.041,-2.598],[108.038,-2.64],[108.034,-2.652],[108.031,-2.639],[108.032,-2.648],[108.029,-2.656],[108.018,-2.666],[108.016,-2.665],[108.019,-2.655],[108.029,-2.637],[108.002,-2.618],[108.01,-2.585],[107.937,-2.569],[107.935,-2.593],[107.899,-2.608],[107.896,-2.663],[107.876,-2.69],[107.906,-2.71],[107.935,-2.709],[107.962,-2.742],[107.958,-2.757],[107.991,-2.752],[107.995,-2.776],[107.936,-2.799],[107.867,-2.8],[107.849,-2.821],[107.854,-2.867],[107.824,-2.878],[107.785,-2.866],[107.75,-2.893],[107.85,-2.976],[107.864,-3.028]]],[[[108.767,-2.574],[108.769,-2.57],[108.764,-2.565],[108.767,-2.574]]],[[[108.571,-2.571],[108.561,-2.567],[108.569,-2.58],[108.571,-2.571]]],[[[108.561,-2.555],[108.563,-2.552],[108.562,-2.552],[108.561,-2.555]]],[[[107.988,-2.554],[107.99,-2.552],[107.987,-2.551],[107.988,-2.554]]],[[[108.567,-2.545],[108.568,-2.543],[108.566,-2.544],[108.567,-2.545]]],[[[108.829,-2.518],[108.829,-2.52],[108.833,-2.525],[108.829,-2.518]]],[[[108.525,-2.513],[108.527,-2.512],[108.526,-2.511],[108.525,-2.513]]],[[[108.545,-2.493],[108.535,-2.501],[108.536,-2.513],[108.548,-2.508],[108.545,-2.493]]],[[[108.847,-2.497],[108.846,-2.493],[108.845,-2.494],[108.847,-2.497]]]]},"id":1906},{"type":"Feature","properties":{"code":5306},"geometry":{"type":"Polygon","coordinates":[[[125.014,-9.302],[124.994,-9.289],[124.982,-9.191],[125.014,-9.169],[125.052,-9.168],[125.097,-9.201],[125.134,-9.174],[125.174,-9.174],[125.193,-9.156],[125.17,-9.122],[125.184,-9.025],[125.112,-8.967],[125.076,-9.021],[124.983,-9.066],[124.94,-9.047],[124.931,-9.027],[124.943,-8.956],[124.877,-8.98],[124.865,-9.003],[124.796,-9.012],[124.826,-9.145],[124.809,-9.168],[124.854,-9.284],[124.839,-9.332],[124.815,-9.341],[124.846,-9.355],[124.844,-9.387],[124.872,-9.381],[124.882,-9.394],[124.898,-9.36],[124.961,-9.393],[124.995,-9.357],[124.988,-9.33],[125.014,-9.302]]]},"id":5306},{"type":"Feature","properties":{"code":1117},"geometry":{"type":"Polygon","coordinates":[[[97.313,4.602],[97.299,4.629],[97.26,4.622],[97.254,4.661],[97.305,4.662],[97.327,4.71],[97.317,4.742],[97.258,4.724],[97.251,4.735],[97.247,4.76],[97.281,4.824],[97.251,4.872],[97.143,4.912],[97.101,4.901],[97.024,4.914],[96.988,4.862],[96.879,4.874],[96.744,4.966],[96.661,4.973],[96.657,4.955],[96.675,4.949],[96.689,4.9],[96.69,4.838],[96.707,4.819],[96.683,4.755],[96.71,4.752],[96.746,4.712],[96.791,4.709],[96.805,4.675],[96.818,4.684],[96.84,4.665],[96.954,4.651],[97.118,4.583],[97.194,4.575],[97.313,4.602]]]},"id":1117},{"type":"Feature","properties":{"code":1408},"geometry":{"type":"MultiPolygon","coordinates":[[[[102.461,1.518],[102.01,1.605],[101.998,1.583],[102.088,1.479],[102.183,1.437],[102.293,1.429],[102.397,1.323],[102.508,1.255],[102.495,1.431],[102.479,1.441],[102.496,1.467],[102.461,1.518]]],[[[102.162,1.19],[102.148,1.378],[102.005,1.458],[101.766,1.655],[101.725,1.671],[101.689,1.515],[101.626,1.517],[101.578,1.54],[101.514,1.481],[101.481,1.482],[101.475,1.456],[101.422,1.458],[101.422,1.431],[101.317,1.474],[101.168,1.441],[101.013,1.351],[100.947,1.351],[100.932,1.248],[101.23,1.006],[101.282,1.06],[101.339,1.028],[101.433,1.016],[101.539,0.925],[101.711,1.197],[101.813,1.168],[101.873,1.099],[101.878,1.014],[101.84,0.946],[101.968,0.96],[102.131,1.176],[102.162,1.19]]],[[[101.431,1.747],[101.432,1.754],[101.429,1.746],[101.431,1.747]]],[[[101.411,1.751],[101.412,1.756],[101.409,1.754],[101.411,1.751]]],[[[101.416,1.746],[101.419,1.753],[101.416,1.766],[101.416,1.746]]],[[[101.38,1.764],[101.381,1.801],[101.377,1.804],[101.371,1.786],[101.38,1.764]]],[[[101.407,1.76],[101.412,1.796],[101.401,1.828],[101.393,1.794],[101.407,1.76]]],[[[101.403,1.839],[101.405,1.843],[101.403,1.844],[101.403,1.839]]],[[[101.367,1.881],[101.353,1.884],[101.369,1.871],[101.367,1.881]]],[[[101.571,2.069],[101.579,2.075],[101.579,2.077],[101.571,2.069]]],[[[101.571,2.075],[101.577,2.076],[101.577,2.078],[101.571,2.075]]],[[[101.55,2.089],[101.553,2.099],[101.543,2.093],[101.55,2.089]]],[[[101.575,2.104],[101.573,2.102],[101.576,2.1],[101.575,2.104]]],[[[101.628,2.109],[101.634,2.111],[101.629,2.111],[101.628,2.109]]],[[[101.636,2.12],[101.641,2.117],[101.641,2.122],[101.636,2.12]]],[[[101.655,2.124],[101.634,2.111],[101.62,2.105],[101.611,2.103],[101.604,2.1],[101.588,2.088],[101.566,2.038],[101.556,2.046],[101.518,2.028],[101.508,2.049],[101.47,2.064],[101.432,2.047],[101.397,2.005],[101.383,1.906],[101.454,1.725],[101.615,1.688],[101.731,1.762],[101.753,1.889],[101.777,1.926],[101.767,1.931],[101.785,1.939],[101.779,1.98],[101.739,2.04],[101.721,2.044],[101.71,2.089],[101.655,2.124]]],[[[101.625,2.115],[101.637,2.121],[101.641,2.122],[101.639,2.124],[101.625,2.115]]]]},"id":1408},{"type":"Feature","properties":{"code":6102},"geometry":{"type":"MultiPolygon","coordinates":[[[[108.865,0.708],[108.858,0.707],[108.864,0.703],[108.865,0.708]]],[[[108.86,0.717],[108.86,0.718],[108.858,0.717],[108.86,0.717]]],[[[108.796,0.749],[108.786,0.754],[108.786,0.743],[108.796,0.749]]],[[[108.77,0.729],[108.766,0.761],[108.762,0.764],[108.759,0.744],[108.77,0.729]]],[[[108.7,0.804],[108.694,0.775],[108.713,0.732],[108.727,0.732],[108.7,0.804]]],[[[108.791,0.84],[108.777,0.838],[108.777,0.822],[108.786,0.823],[108.791,0.84]]],[[[110.129,1.195],[110.097,1.199],[110.086,1.217],[110.065,1.208],[110.065,1.264],[109.979,1.298],[109.963,1.404],[109.929,1.425],[109.837,1.421],[109.839,1.482],[109.803,1.465],[109.798,1.504],[109.75,1.537],[109.719,1.476],[109.653,1.435],[109.609,1.432],[109.609,1.388],[109.576,1.381],[109.61,1.367],[109.626,1.331],[109.599,1.216],[109.588,1.201],[109.537,1.193],[109.469,1.02],[109.421,1.051],[109.25,1.035],[109.229,0.988],[109.162,0.949],[109.157,0.903],[109.046,0.839],[109.022,0.766],[108.97,0.776],[108.961,0.808],[108.935,0.807],[108.906,0.834],[108.874,0.84],[108.848,0.824],[108.846,0.794],[108.884,0.755],[108.872,0.707],[108.923,0.645],[108.931,0.546],[108.954,0.527],[108.99,0.553],[108.998,0.541],[109.039,0.593],[109.071,0.598],[109.133,0.659],[109.149,0.693],[109.192,0.7],[109.265,0.75],[109.291,0.711],[109.358,0.766],[109.407,0.73],[109.476,0.777],[109.532,0.711],[109.662,0.749],[109.695,0.847],[109.809,0.846],[109.85,0.871],[109.858,0.905],[109.908,0.935],[109.926,0.965],[109.929,1.01],[109.91,1.033],[109.925,1.052],[109.961,1.03],[110.037,1.019],[110.054,1.037],[110.092,1.019],[110.135,1.024],[110.112,1.061],[110.129,1.087],[110.078,1.109],[110.071,1.128],[110.129,1.195]]]]},"id":6102},{"type":"Feature","properties":{"code":1701},"geometry":{"type":"Polygon","coordinates":[[[103.18,-4.236],[103.083,-4.264],[103.051,-4.219],[103.061,-4.196],[103.026,-4.167],[102.999,-4.158],[102.934,-4.185],[102.904,-4.176],[102.88,-4.237],[102.885,-4.263],[102.861,-4.283],[102.846,-4.34],[102.8,-4.359],[102.877,-4.43],[102.899,-4.489],[103.08,-4.559],[103.085,-4.528],[103.167,-4.4],[103.201,-4.391],[103.2,-4.307],[103.282,-4.286],[103.285,-4.257],[103.18,-4.236]]]},"id":1701},{"type":"Feature","properties":{"code":1709},"geometry":{"type":"Polygon","coordinates":[[[102.614,-3.8],[102.582,-3.74],[102.577,-3.683],[102.528,-3.656],[102.511,-3.586],[102.454,-3.547],[102.421,-3.494],[102.335,-3.53],[102.267,-3.591],[102.22,-3.604],[102.205,-3.653],[102.243,-3.696],[102.233,-3.715],[102.25,-3.738],[102.331,-3.731],[102.358,-3.838],[102.383,-3.856],[102.552,-3.835],[102.563,-3.806],[102.614,-3.8]]]},"id":1709},{"type":"Feature","properties":{"code":1703},"geometry":{"type":"MultiPolygon","coordinates":[[[[102.387,-5.471],[102.383,-5.472],[102.384,-5.475],[102.387,-5.471]]],[[[102.392,-5.446],[102.387,-5.44],[102.386,-5.442],[102.392,-5.446]]],[[[102.381,-5.385],[102.146,-5.282],[102.135,-5.312],[102.095,-5.323],[102.087,-5.357],[102.168,-5.41],[102.202,-5.416],[102.265,-5.511],[102.28,-5.476],[102.302,-5.487],[102.311,-5.475],[102.322,-5.494],[102.36,-5.505],[102.374,-5.484],[102.339,-5.456],[102.367,-5.456],[102.388,-5.406],[102.381,-5.385]]],[[[102.421,-3.494],[102.396,-3.422],[102.366,-3.405],[102.376,-3.382],[102.275,-3.361],[102.298,-3.321],[102.289,-3.28],[102.206,-3.221],[102.16,-3.226],[102.169,-3.208],[102.126,-3.173],[102.138,-3.07],[102.083,-2.998],[102.041,-2.973],[102.007,-2.852],[101.964,-2.815],[101.921,-2.736],[101.855,-2.716],[101.866,-2.788],[101.805,-2.879],[101.802,-2.922],[101.784,-2.937],[101.79,-2.982],[101.702,-3.053],[101.713,-3.076],[101.668,-3.125],[101.595,-3.159],[101.575,-3.184],[101.596,-3.218],[101.762,-3.348],[101.91,-3.438],[101.925,-3.478],[102.075,-3.552],[102.205,-3.653],[102.224,-3.597],[102.267,-3.591],[102.335,-3.53],[102.421,-3.494]]]]},"id":1703},{"type":"Feature","properties":{"code":6405},"geometry":{"type":"MultiPolygon","coordinates":[[[[118.843,1.113],[118.841,1.12],[118.836,1.116],[118.843,1.113]]],[[[118.789,1.133],[118.786,1.131],[118.794,1.126],[118.789,1.133]]],[[[118.487,1.362],[118.489,1.362],[118.487,1.364],[118.487,1.362]]],[[[118.549,1.364],[118.546,1.362],[118.549,1.362],[118.549,1.364]]],[[[118.543,1.366],[118.543,1.364],[118.545,1.365],[118.543,1.366]]],[[[118.544,1.366],[118.543,1.368],[118.543,1.366],[118.544,1.366]]],[[[118.526,1.365],[118.52,1.367],[118.517,1.361],[118.526,1.365]]],[[[118.491,1.37],[118.491,1.373],[118.489,1.371],[118.491,1.37]]],[[[118.558,1.373],[118.555,1.37],[118.562,1.373],[118.558,1.373]]],[[[118.462,1.376],[118.462,1.372],[118.464,1.375],[118.462,1.376]]],[[[118.533,1.384],[118.532,1.386],[118.532,1.384],[118.533,1.384]]],[[[118.542,1.396],[118.541,1.394],[118.543,1.395],[118.542,1.396]]],[[[118.534,1.392],[118.532,1.388],[118.542,1.393],[118.534,1.392]]],[[[118.452,1.386],[118.438,1.394],[118.444,1.38],[118.452,1.386]]],[[[118.423,1.404],[118.423,1.405],[118.421,1.404],[118.423,1.404]]],[[[118.506,1.414],[118.505,1.416],[118.503,1.413],[118.506,1.414]]],[[[118.395,1.426],[118.393,1.427],[118.392,1.425],[118.395,1.426]]],[[[118.496,1.434],[118.498,1.437],[118.495,1.436],[118.496,1.434]]],[[[118.485,1.444],[118.481,1.445],[118.482,1.442],[118.485,1.444]]],[[[118.483,1.447],[118.48,1.448],[118.481,1.445],[118.483,1.447]]],[[[118.483,1.44],[118.457,1.462],[118.481,1.432],[118.465,1.424],[118.475,1.398],[118.502,1.38],[118.53,1.386],[118.512,1.41],[118.495,1.407],[118.487,1.435],[118.499,1.44],[118.483,1.44]]],[[[118.382,1.498],[118.386,1.498],[118.385,1.501],[118.382,1.498]]],[[[118.377,1.501],[118.376,1.499],[118.378,1.5],[118.377,1.501]]],[[[118.904,1.517],[118.904,1.515],[118.911,1.523],[118.904,1.517]]],[[[118.634,1.525],[118.63,1.524],[118.638,1.524],[118.634,1.525]]],[[[118.943,1.559],[118.95,1.56],[118.95,1.562],[118.943,1.559]]],[[[118.954,1.76],[118.959,1.759],[118.954,1.762],[118.954,1.76]]],[[[118.933,1.774],[118.942,1.773],[118.93,1.781],[118.933,1.774]]],[[[118.987,1.78],[118.988,1.783],[118.985,1.781],[118.987,1.78]]],[[[118.918,1.787],[118.92,1.791],[118.918,1.791],[118.918,1.787]]],[[[118.892,1.803],[118.895,1.805],[118.89,1.808],[118.892,1.803]]],[[[118.808,1.942],[118.81,1.945],[118.809,1.946],[118.808,1.942]]],[[[118.805,1.957],[118.804,1.963],[118.803,1.959],[118.805,1.957]]],[[[117.859,1.892],[117.873,1.971],[117.843,1.949],[117.829,1.952],[117.823,1.956],[117.821,1.96],[117.817,1.948],[117.827,1.949],[117.831,1.924],[117.849,1.931],[117.835,1.911],[117.848,1.919],[117.859,1.892]]],[[[118.819,1.967],[118.825,1.963],[118.83,1.975],[118.819,1.967]]],[[[117.863,1.967],[117.829,2.01],[117.82,1.986],[117.807,1.985],[117.843,1.95],[117.863,1.967]]],[[[117.882,2.053],[117.861,2.034],[117.844,2.038],[117.844,2.026],[117.889,2.036],[117.88,2.043],[117.882,2.053]]],[[[118.397,2.087],[118.397,2.084],[118.402,2.085],[118.397,2.087]]],[[[117.91,2.045],[117.832,2.095],[117.81,2.088],[117.823,2.078],[117.824,2.072],[117.801,2.026],[117.842,2.041],[117.822,2.052],[117.839,2.057],[117.835,2.06],[117.832,2.073],[117.837,2.077],[117.835,2.062],[117.84,2.057],[117.834,2.053],[117.844,2.055],[117.838,2.066],[117.84,2.071],[117.852,2.068],[117.845,2.039],[117.862,2.035],[117.878,2.056],[117.882,2.056],[117.885,2.04],[117.91,2.045]]],[[[117.779,2.073],[117.767,2.099],[117.736,2.084],[117.712,2.078],[117.721,2.062],[117.705,2.051],[117.714,2.032],[117.738,2.052],[117.763,2.024],[117.797,2.028],[117.8,2.04],[117.788,2.034],[117.783,2.05],[117.773,2.047],[117.769,2.054],[117.763,2.049],[117.751,2.057],[117.757,2.072],[117.779,2.073]]],[[[117.827,2.096],[117.795,2.109],[117.788,2.097],[117.776,2.096],[117.779,2.072],[117.757,2.072],[117.752,2.058],[117.764,2.049],[117.768,2.055],[117.784,2.051],[117.788,2.035],[117.801,2.041],[117.822,2.078],[117.808,2.073],[117.802,2.074],[117.799,2.079],[117.793,2.078],[117.792,2.061],[117.786,2.057],[117.781,2.061],[117.791,2.06],[117.791,2.076],[117.795,2.08],[117.8,2.079],[117.805,2.074],[117.812,2.075],[117.802,2.094],[117.809,2.084],[117.809,2.088],[117.811,2.089],[117.827,2.096]]],[[[117.771,2.104],[117.789,2.109],[117.766,2.118],[117.771,2.104]]],[[[118.334,2.132],[118.323,2.138],[118.33,2.13],[118.334,2.132]]],[[[117.897,2.079],[117.914,2.088],[117.897,2.103],[117.899,2.124],[117.88,2.139],[117.863,2.145],[117.829,2.114],[117.897,2.079]]],[[[117.88,2.154],[117.875,2.157],[117.872,2.155],[117.88,2.154]]],[[[118.531,2.162],[118.513,2.158],[118.505,2.135],[118.539,2.137],[118.563,2.116],[118.531,2.162]]],[[[117.802,2.12],[117.801,2.177],[117.781,2.182],[117.767,2.164],[117.713,2.162],[117.727,2.139],[117.732,2.086],[117.771,2.103],[117.766,2.117],[117.761,2.111],[117.755,2.111],[117.743,2.127],[117.739,2.118],[117.75,2.145],[117.758,2.113],[117.773,2.122],[117.802,2.12]]],[[[117.766,2.165],[117.776,2.18],[117.707,2.169],[117.748,2.17],[117.766,2.165]]],[[[117.891,2.186],[117.869,2.187],[117.896,2.166],[117.891,2.186]]],[[[117.881,2.175],[117.827,2.19],[117.866,2.157],[117.884,2.161],[117.881,2.175]]],[[[117.874,2.152],[117.843,2.168],[117.826,2.191],[117.801,2.182],[117.812,2.12],[117.829,2.117],[117.864,2.147],[117.88,2.142],[117.9,2.127],[117.91,2.098],[117.957,2.121],[117.94,2.117],[117.957,2.126],[117.947,2.136],[117.874,2.152]]],[[[117.917,2.156],[117.926,2.173],[117.903,2.205],[117.892,2.188],[117.917,2.156]]],[[[118.072,2.256],[118.075,2.257],[118.072,2.257],[118.072,2.256]]],[[[118.6,2.26],[118.597,2.257],[118.602,2.256],[118.6,2.26]]],[[[118.591,2.26],[118.591,2.262],[118.589,2.263],[118.591,2.26]]],[[[118.241,2.282],[118.247,2.285],[118.239,2.285],[118.241,2.282]]],[[[118.637,2.248],[118.57,2.312],[118.562,2.302],[118.564,2.241],[118.598,2.194],[118.653,2.162],[118.574,2.244],[118.57,2.305],[118.637,2.248]]],[[[118.079,2.313],[118.079,2.318],[118.077,2.314],[118.079,2.313]]],[[[118.134,2.331],[118.128,2.332],[118.132,2.329],[118.134,2.331]]],[[[118.203,2.382],[118.194,2.376],[118.216,2.348],[118.221,2.358],[118.203,2.382]]],[[[117.998,2.435],[117.958,2.427],[117.919,2.395],[117.898,2.404],[117.856,2.391],[117.821,2.363],[117.809,2.326],[117.749,2.327],[117.72,2.346],[117.704,2.398],[117.611,2.521],[117.571,2.502],[117.498,2.522],[117.404,2.609],[117.361,2.605],[117.314,2.626],[117.217,2.596],[117.074,2.608],[116.916,2.533],[116.835,2.515],[116.735,2.464],[116.712,2.437],[116.575,2.428],[116.566,2.453],[116.437,2.51],[116.424,2.498],[116.443,2.481],[116.439,2.459],[116.309,2.265],[116.322,2.251],[116.316,2.116],[116.22,2.091],[116.233,2.03],[116.194,1.983],[116.176,1.859],[116.184,1.84],[116.315,1.829],[116.349,1.803],[116.354,1.761],[116.392,1.755],[116.398,1.72],[116.415,1.711],[116.476,1.724],[116.504,1.675],[116.531,1.663],[116.544,1.588],[116.603,1.611],[116.756,1.621],[116.797,1.58],[116.86,1.594],[116.923,1.579],[116.989,1.533],[116.99,1.476],[116.963,1.417],[116.998,1.389],[116.99,1.353],[117.099,1.351],[117.111,1.372],[117.163,1.305],[117.318,1.387],[117.343,1.476],[117.328,1.528],[117.384,1.604],[117.432,1.589],[117.491,1.513],[117.522,1.515],[117.552,1.612],[117.574,1.625],[117.647,1.598],[117.706,1.685],[117.718,1.68],[117.713,1.608],[117.787,1.574],[117.805,1.614],[117.829,1.624],[117.841,1.568],[117.913,1.493],[117.903,1.404],[117.854,1.345],[117.959,1.28],[118.033,1.188],[118.158,1.168],[118.206,1.201],[118.195,1.247],[118.211,1.26],[118.285,1.204],[118.35,1.185],[118.38,1.274],[118.403,1.28],[118.421,1.253],[118.46,1.277],[118.533,1.213],[118.56,1.249],[118.578,1.244],[118.584,1.113],[118.606,1.096],[118.768,1.103],[118.805,1.003],[118.892,1.028],[118.941,1.008],[118.977,1.016],[118.982,1.035],[118.944,1.058],[118.871,1.067],[118.853,1.047],[118.836,1.051],[118.83,1.098],[118.776,1.133],[118.787,1.136],[118.777,1.153],[118.721,1.154],[118.769,1.166],[118.768,1.189],[118.711,1.251],[118.563,1.366],[118.549,1.355],[118.515,1.356],[118.51,1.376],[118.487,1.361],[118.476,1.364],[118.489,1.376],[118.48,1.384],[118.462,1.358],[118.454,1.369],[118.468,1.395],[118.44,1.373],[118.433,1.398],[118.408,1.396],[118.401,1.405],[118.429,1.413],[118.415,1.426],[118.426,1.432],[118.404,1.424],[118.374,1.424],[118.417,1.441],[118.41,1.486],[118.377,1.482],[118.387,1.495],[118.374,1.496],[118.247,1.558],[118.164,1.626],[118.134,1.633],[118.053,1.729],[118.066,1.761],[118.048,1.783],[117.967,1.789],[117.918,1.813],[117.889,1.872],[117.833,1.91],[117.815,1.948],[117.82,1.965],[117.806,1.984],[117.824,2.009],[117.766,2.013],[117.739,2.044],[117.721,2.027],[117.701,2.036],[117.696,2.054],[117.719,2.06],[117.709,2.078],[117.726,2.082],[117.723,2.139],[117.682,2.178],[117.816,2.201],[117.893,2.194],[117.904,2.209],[117.945,2.181],[118.018,2.196],[118.078,2.25],[118.078,2.255],[118.073,2.255],[118.072,2.256],[118.071,2.257],[118.072,2.257],[118.097,2.281],[118.085,2.289],[118.094,2.311],[118.085,2.325],[118.081,2.314],[118.079,2.313],[118.077,2.314],[118.046,2.379],[118.029,2.357],[117.985,2.371],[118.017,2.371],[117.998,2.435]]]]},"id":6405},{"type":"Feature","properties":{"code":9409},"geometry":{"type":"MultiPolygon","coordinates":[[[[136.624,-1.337],[136.62,-1.335],[136.622,-1.34],[136.624,-1.337]]],[[[136.613,-1.319],[136.616,-1.315],[136.612,-1.317],[136.613,-1.319]]],[[[136.204,-1.309],[136.209,-1.307],[136.204,-1.307],[136.204,-1.309]]],[[[136.219,-1.307],[136.216,-1.305],[136.216,-1.308],[136.219,-1.307]]],[[[136.6,-1.319],[136.607,-1.307],[136.603,-1.302],[136.6,-1.319]]],[[[136.374,-1.31],[136.375,-1.3],[136.373,-1.305],[136.374,-1.31]]],[[[136.696,-1.294],[136.699,-1.292],[136.691,-1.296],[136.696,-1.294]]],[[[136.678,-1.295],[136.67,-1.293],[136.67,-1.297],[136.678,-1.295]]],[[[136.319,-1.277],[136.323,-1.281],[136.323,-1.279],[136.319,-1.277]]],[[[136.669,-1.282],[136.673,-1.281],[136.674,-1.276],[136.669,-1.282]]],[[[136.61,-1.275],[136.59,-1.279],[136.604,-1.301],[136.61,-1.275]]],[[[136.422,-1.268],[136.41,-1.282],[136.413,-1.309],[136.412,-1.28],[136.422,-1.268]]],[[[136.679,-1.264],[136.666,-1.264],[136.664,-1.272],[136.679,-1.264]]],[[[136.316,-1.255],[136.317,-1.252],[136.314,-1.257],[136.316,-1.255]]],[[[136.7,-1.252],[136.7,-1.25],[136.698,-1.251],[136.7,-1.252]]],[[[136.379,-1.25],[136.367,-1.247],[136.378,-1.26],[136.379,-1.25]]],[[[136.23,-1.232],[136.199,-1.234],[136.188,-1.248],[136.204,-1.257],[136.23,-1.232]]],[[[136.603,-1.229],[136.594,-1.241],[136.605,-1.254],[136.617,-1.24],[136.603,-1.229]]],[[[136.537,-1.235],[136.5,-1.23],[136.502,-1.239],[136.537,-1.235]]],[[[136.353,-1.222],[136.354,-1.22],[136.352,-1.221],[136.353,-1.222]]],[[[136.323,-1.217],[136.293,-1.232],[136.296,-1.241],[136.333,-1.227],[136.343,-1.236],[136.323,-1.217]]],[[[136.694,-1.22],[136.708,-1.216],[136.698,-1.212],[136.694,-1.22]]],[[[136.444,-1.201],[136.43,-1.213],[136.447,-1.24],[136.45,-1.22],[136.444,-1.201]]],[[[136.6,-1.191],[136.576,-1.199],[136.59,-1.227],[136.614,-1.22],[136.6,-1.191]]],[[[136.62,-1.16],[136.625,-1.154],[136.626,-1.15],[136.62,-1.16]]],[[[136.609,-1.137],[136.592,-1.162],[136.605,-1.174],[136.62,-1.153],[136.609,-1.137]]],[[[134.783,-1.094],[134.787,-1.092],[134.783,-1.09],[134.783,-1.094]]],[[[134.949,-1.032],[134.939,-1.028],[134.942,-1.037],[134.949,-1.032]]],[[[134.939,-1.019],[134.942,-1.023],[134.945,-1.015],[134.939,-1.019]]],[[[134.945,-1.023],[134.954,-1.018],[134.948,-1.014],[134.945,-1.023]]],[[[134.95,-1.012],[134.948,-1.01],[134.948,-1.013],[134.95,-1.012]]],[[[134.792,-0.996],[134.789,-0.992],[134.79,-0.997],[134.792,-0.996]]],[[[134.901,-0.941],[134.843,-0.931],[134.792,-0.981],[134.81,-0.982],[134.792,-1.003],[134.795,-1.032],[134.827,-1.085],[134.844,-1.087],[134.835,-1.104],[134.857,-1.137],[134.952,-1.127],[134.982,-1.072],[134.98,-1.012],[134.959,-1.02],[134.96,-1.048],[134.924,-1.075],[134.921,-1.051],[134.941,-1.039],[134.937,-1.021],[134.944,-0.97],[134.901,-0.941]]],[[[135.708,-0.803],[135.741,-0.81],[135.774,-0.876],[135.766,-0.893],[135.787,-0.965],[135.825,-1.031],[135.82,-1.085],[135.801,-1.097],[135.857,-1.166],[135.905,-1.178],[135.941,-1.141],[136.001,-1.142],[136.038,-1.148],[136.074,-1.185],[136.148,-1.199],[136.314,-1.14],[136.384,-1.085],[136.385,-1.072],[136.362,-1.063],[136.323,-1.074],[136.296,-1.054],[136.289,-1.029],[136.257,-1.017],[136.172,-1.044],[136.152,-0.996],[136.099,-0.96],[136.091,-0.917],[136.06,-0.887],[136.04,-0.895],[136.05,-0.856],[136.035,-0.859],[136.029,-0.837],[135.941,-0.787],[135.924,-0.79],[135.854,-0.7],[135.803,-0.686],[135.803,-0.74],[135.708,-0.803]]]]},"id":9409},{"type":"Feature","properties":{"code":5206},"geometry":{"type":"MultiPolygon","coordinates":[[[[118.698,-8.742],[118.699,-8.74],[118.697,-8.74],[118.698,-8.742]]],[[[118.822,-8.73],[118.824,-8.736],[118.824,-8.732],[118.822,-8.73]]],[[[118.787,-8.732],[118.783,-8.73],[118.785,-8.734],[118.787,-8.732]]],[[[118.747,-8.732],[118.74,-8.731],[118.742,-8.736],[118.747,-8.732]]],[[[118.774,-8.718],[118.774,-8.712],[118.772,-8.715],[118.774,-8.718]]],[[[119.2,-8.695],[119.199,-8.694],[119.199,-8.697],[119.2,-8.695]]],[[[119.173,-8.689],[119.173,-8.69],[119.175,-8.69],[119.173,-8.689]]],[[[119.25,-8.671],[119.247,-8.671],[119.25,-8.672],[119.25,-8.671]]],[[[119.227,-8.653],[119.208,-8.672],[119.223,-8.69],[119.239,-8.663],[119.227,-8.653]]],[[[119.128,-8.593],[119.129,-8.596],[119.13,-8.595],[119.128,-8.593]]],[[[119.044,-8.587],[119.049,-8.587],[119.047,-8.585],[119.044,-8.587]]],[[[119.039,-8.576],[119.037,-8.571],[119.032,-8.573],[119.039,-8.576]]],[[[119.04,-8.569],[119.04,-8.567],[119.039,-8.568],[119.04,-8.569]]],[[[119.186,-8.565],[119.188,-8.582],[119.198,-8.584],[119.197,-8.571],[119.186,-8.565]]],[[[119.044,-8.556],[119.038,-8.566],[119.046,-8.568],[119.043,-8.581],[119.056,-8.569],[119.044,-8.556]]],[[[119.042,-8.556],[119.041,-8.556],[119.042,-8.557],[119.042,-8.556]]],[[[119.18,-8.548],[119.176,-8.547],[119.177,-8.55],[119.18,-8.548]]],[[[119.264,-8.55],[119.266,-8.548],[119.265,-8.546],[119.264,-8.55]]],[[[119.231,-8.538],[119.232,-8.537],[119.23,-8.538],[119.231,-8.538]]],[[[118.697,-8.451],[118.693,-8.447],[118.692,-8.449],[118.697,-8.451]]],[[[119.33,-8.434],[119.326,-8.432],[119.33,-8.435],[119.33,-8.434]]],[[[119.274,-8.396],[119.263,-8.4],[119.265,-8.437],[119.279,-8.467],[119.3,-8.429],[119.32,-8.454],[119.319,-8.428],[119.335,-8.43],[119.321,-8.401],[119.282,-8.419],[119.274,-8.396]]],[[[118.713,-8.496],[118.65,-8.55],[118.671,-8.519],[118.664,-8.488],[118.686,-8.459],[118.683,-8.411],[118.698,-8.396],[118.685,-8.393],[118.695,-8.377],[118.685,-8.344],[118.649,-8.291],[118.584,-8.266],[118.513,-8.26],[118.494,-8.243],[118.447,-8.262],[118.486,-8.337],[118.542,-8.394],[118.501,-8.444],[118.514,-8.51],[118.491,-8.535],[118.536,-8.681],[118.495,-8.773],[118.478,-8.884],[118.519,-8.878],[118.637,-8.813],[118.72,-8.792],[118.758,-8.797],[118.836,-8.845],[118.852,-8.833],[118.864,-8.846],[118.917,-8.84],[118.959,-8.817],[118.95,-8.789],[118.924,-8.788],[118.895,-8.762],[118.746,-8.763],[118.726,-8.777],[118.726,-8.759],[118.696,-8.752],[118.694,-8.738],[118.719,-8.738],[118.76,-8.692],[118.775,-8.709],[118.814,-8.703],[118.846,-8.73],[118.907,-8.68],[118.971,-8.748],[119.035,-8.732],[119.098,-8.751],[119.104,-8.726],[119.133,-8.752],[119.133,-8.737],[119.172,-8.723],[119.147,-8.71],[119.176,-8.698],[119.157,-8.672],[119.171,-8.647],[119.15,-8.636],[119.182,-8.633],[119.172,-8.611],[119.192,-8.609],[119.183,-8.585],[119.159,-8.579],[119.175,-8.563],[119.166,-8.556],[119.147,-8.567],[119.15,-8.592],[119.13,-8.603],[119.109,-8.596],[119.129,-8.63],[119.054,-8.652],[119.031,-8.633],[119.036,-8.595],[119.015,-8.575],[119.025,-8.551],[119.013,-8.537],[119.051,-8.514],[119.034,-8.467],[119.053,-8.464],[118.992,-8.376],[119.0,-8.31],[118.815,-8.28],[118.765,-8.309],[118.727,-8.346],[118.746,-8.377],[118.739,-8.402],[118.765,-8.4],[118.8,-8.427],[118.808,-8.409],[118.864,-8.424],[118.896,-8.489],[118.842,-8.496],[118.801,-8.532],[118.782,-8.506],[118.753,-8.519],[118.713,-8.496]]],[[[119.089,-8.132],[119.054,-8.127],[119.012,-8.153],[119.0,-8.179],[119.012,-8.247],[119.039,-8.26],[119.088,-8.25],[119.115,-8.223],[119.112,-8.156],[119.089,-8.132]]],[[[118.317,-8.37],[118.273,-8.36],[118.274,-8.333],[118.257,-8.349],[118.233,-8.332],[118.218,-8.284],[118.162,-8.241],[118.144,-8.136],[118.081,-8.1],[118.044,-8.107],[118.006,-8.093],[117.96,-8.107],[117.923,-8.08],[117.829,-8.129],[117.779,-8.126],[117.765,-8.143],[117.851,-8.213],[117.919,-8.213],[117.973,-8.272],[118.024,-8.299],[118.049,-8.339],[118.205,-8.436],[118.298,-8.428],[118.322,-8.405],[118.317,-8.37]]]]},"id":5206},{"type":"Feature","properties":{"code":2102},"geometry":{"type":"MultiPolygon","coordinates":[[[[107.149,0.513],[107.15,0.514],[107.149,0.515],[107.149,0.513]]],[[[107.399,0.506],[107.414,0.515],[107.414,0.519],[107.394,0.523],[107.399,0.506]]],[[[107.384,0.52],[107.376,0.528],[107.376,0.523],[107.384,0.52]]],[[[106.979,0.556],[106.974,0.556],[106.978,0.552],[106.979,0.556]]],[[[107.191,0.566],[107.188,0.567],[107.189,0.565],[107.191,0.566]]],[[[107.182,0.565],[107.18,0.569],[107.179,0.565],[107.182,0.565]]],[[[107.032,0.577],[107.029,0.581],[107.027,0.575],[107.032,0.577]]],[[[107.107,0.58],[107.105,0.582],[107.104,0.58],[107.107,0.58]]],[[[107.174,0.579],[107.17,0.579],[107.172,0.575],[107.174,0.579]]],[[[107.134,0.579],[107.127,0.587],[107.123,0.58],[107.134,0.579]]],[[[107.092,0.597],[107.087,0.599],[107.079,0.599],[107.092,0.597]]],[[[106.981,0.609],[106.976,0.601],[106.988,0.601],[106.981,0.609]]],[[[107.034,0.62],[107.031,0.616],[107.035,0.619],[107.034,0.62]]],[[[107.02,0.622],[107.015,0.649],[107.015,0.622],[107.02,0.622]]],[[[107.234,0.69],[107.23,0.695],[107.228,0.687],[107.234,0.69]]],[[[104.619,0.697],[104.613,0.719],[104.596,0.705],[104.619,0.697]]],[[[104.779,0.724],[104.777,0.721],[104.78,0.722],[104.779,0.724]]],[[[104.588,0.746],[104.583,0.748],[104.587,0.745],[104.588,0.746]]],[[[104.658,0.753],[104.622,0.742],[104.612,0.721],[104.625,0.713],[104.658,0.753]]],[[[104.798,0.754],[104.797,0.753],[104.799,0.753],[104.798,0.754]]],[[[104.757,0.748],[104.713,0.753],[104.716,0.745],[104.714,0.741],[104.734,0.717],[104.761,0.732],[104.757,0.748]]],[[[104.485,0.755],[104.484,0.761],[104.48,0.751],[104.485,0.755]]],[[[104.693,0.762],[104.696,0.737],[104.712,0.741],[104.715,0.744],[104.712,0.752],[104.714,0.759],[104.693,0.762]]],[[[104.676,0.77],[104.678,0.771],[104.677,0.772],[104.676,0.77]]],[[[104.432,0.773],[104.434,0.775],[104.432,0.775],[104.432,0.773]]],[[[104.516,0.781],[104.512,0.782],[104.512,0.779],[104.516,0.781]]],[[[104.516,0.785],[104.519,0.786],[104.517,0.788],[104.516,0.785]]],[[[104.814,0.787],[104.81,0.79],[104.809,0.786],[104.814,0.787]]],[[[104.646,0.792],[104.641,0.791],[104.647,0.791],[104.646,0.792]]],[[[104.636,0.784],[104.586,0.791],[104.589,0.776],[104.578,0.768],[104.583,0.752],[104.636,0.784]]],[[[104.699,0.792],[104.691,0.769],[104.753,0.758],[104.746,0.787],[104.699,0.792]]],[[[104.547,0.797],[104.51,0.774],[104.509,0.743],[104.541,0.771],[104.587,0.776],[104.547,0.797]]],[[[104.507,0.795],[104.504,0.793],[104.508,0.794],[104.507,0.795]]],[[[104.626,0.795],[104.629,0.796],[104.626,0.797],[104.626,0.795]]],[[[104.583,0.795],[104.576,0.793],[104.583,0.79],[104.583,0.795]]],[[[104.625,0.791],[104.616,0.793],[104.617,0.79],[104.625,0.791]]],[[[104.697,0.798],[104.7,0.799],[104.699,0.8],[104.697,0.798]]],[[[104.616,0.799],[104.606,0.798],[104.611,0.793],[104.616,0.799]]],[[[104.564,0.801],[104.555,0.795],[104.566,0.799],[104.564,0.801]]],[[[104.673,0.799],[104.671,0.802],[104.67,0.799],[104.673,0.799]]],[[[104.748,0.796],[104.742,0.801],[104.738,0.795],[104.748,0.796]]],[[[104.607,0.803],[104.61,0.804],[104.607,0.805],[104.607,0.803]]],[[[104.527,0.806],[104.526,0.805],[104.53,0.804],[104.527,0.806]]],[[[104.638,0.806],[104.639,0.807],[104.637,0.807],[104.638,0.806]]],[[[104.645,0.801],[104.638,0.805],[104.635,0.8],[104.645,0.801]]],[[[104.766,0.813],[104.763,0.811],[104.767,0.811],[104.766,0.813]]],[[[104.77,0.812],[104.768,0.814],[104.768,0.812],[104.77,0.812]]],[[[104.666,0.82],[104.664,0.82],[104.665,0.819],[104.666,0.82]]],[[[104.676,0.828],[104.671,0.824],[104.678,0.82],[104.676,0.828]]],[[[104.667,0.827],[104.664,0.833],[104.664,0.83],[104.667,0.827]]],[[[104.631,0.827],[104.631,0.834],[104.628,0.823],[104.631,0.827]]],[[[104.609,0.814],[104.626,0.825],[104.623,0.836],[104.609,0.814]]],[[[104.666,0.839],[104.663,0.841],[104.664,0.837],[104.666,0.839]]],[[[104.617,0.837],[104.621,0.845],[104.612,0.841],[104.617,0.837]]],[[[104.706,0.841],[104.702,0.846],[104.702,0.842],[104.706,0.841]]],[[[104.62,0.846],[104.623,0.846],[104.621,0.848],[104.62,0.846]]],[[[104.365,0.819],[104.353,0.845],[104.35,0.814],[104.365,0.819]]],[[[104.697,0.852],[104.697,0.854],[104.696,0.853],[104.697,0.852]]],[[[104.718,0.857],[104.717,0.859],[104.716,0.857],[104.718,0.857]]],[[[104.39,0.857],[104.385,0.859],[104.386,0.856],[104.39,0.857]]],[[[104.636,0.86],[104.635,0.858],[104.637,0.858],[104.636,0.86]]],[[[104.613,0.845],[104.624,0.856],[104.621,0.86],[104.613,0.845]]],[[[104.613,0.857],[104.617,0.859],[104.615,0.862],[104.613,0.857]]],[[[104.65,0.866],[104.632,0.846],[104.636,0.828],[104.624,0.804],[104.664,0.821],[104.65,0.866]]],[[[104.655,0.866],[104.658,0.87],[104.656,0.871],[104.655,0.866]]],[[[104.649,0.871],[104.654,0.872],[104.653,0.875],[104.649,0.871]]],[[[104.71,0.875],[104.707,0.876],[104.708,0.874],[104.71,0.875]]],[[[107.518,0.877],[107.522,0.879],[107.52,0.884],[107.518,0.877]]],[[[104.662,0.891],[104.668,0.893],[104.665,0.895],[104.662,0.891]]],[[[107.549,0.88],[107.541,0.896],[107.544,0.866],[107.549,0.88]]],[[[104.687,0.896],[104.66,0.863],[104.676,0.845],[104.695,0.848],[104.689,0.858],[104.7,0.886],[104.687,0.896]]],[[[104.631,0.894],[104.617,0.871],[104.627,0.853],[104.644,0.873],[104.661,0.88],[104.655,0.894],[104.631,0.894]]],[[[104.629,0.897],[104.634,0.899],[104.628,0.899],[104.629,0.897]]],[[[107.469,0.903],[107.469,0.906],[107.468,0.905],[107.469,0.903]]],[[[104.657,0.912],[104.662,0.91],[104.663,0.913],[104.657,0.912]]],[[[104.667,0.909],[104.672,0.913],[104.67,0.916],[104.667,0.909]]],[[[104.716,0.918],[104.718,0.922],[104.715,0.924],[104.716,0.918]]],[[[106.738,0.921],[106.743,0.92],[106.734,0.928],[106.738,0.921]]],[[[107.498,0.925],[107.501,0.926],[107.499,0.929],[107.498,0.925]]],[[[104.927,0.936],[104.918,0.934],[104.927,0.927],[104.927,0.936]]],[[[104.74,0.943],[104.732,0.931],[104.755,0.918],[104.74,0.943]]],[[[107.519,0.944],[107.521,0.948],[107.518,0.946],[107.519,0.944]]],[[[107.509,0.941],[107.495,0.943],[107.502,0.929],[107.509,0.941]]],[[[107.482,0.943],[107.481,0.966],[107.476,0.951],[107.482,0.943]]],[[[107.423,0.963],[107.411,0.958],[107.42,0.947],[107.423,0.963]]],[[[107.494,0.96],[107.488,0.969],[107.489,0.953],[107.494,0.96]]],[[[104.812,0.972],[104.813,0.97],[104.818,0.971],[104.812,0.972]]],[[[107.394,0.97],[107.399,0.974],[107.395,0.975],[107.394,0.97]]],[[[107.446,0.965],[107.426,0.979],[107.439,0.932],[107.467,0.923],[107.473,0.966],[107.462,0.975],[107.446,0.965]]],[[[107.398,0.98],[107.395,0.982],[107.396,0.98],[107.398,0.98]]],[[[104.228,0.981],[104.228,0.984],[104.224,0.981],[104.228,0.981]]],[[[107.415,0.991],[107.4,0.988],[107.404,0.978],[107.415,0.98],[107.415,0.991]]],[[[107.528,0.991],[107.521,0.993],[107.521,0.99],[107.528,0.991]]],[[[104.243,0.996],[104.232,0.979],[104.258,0.974],[104.262,0.986],[104.243,0.996]]],[[[104.429,0.997],[104.426,0.998],[104.434,0.996],[104.429,0.997]]],[[[107.409,0.999],[107.407,1.004],[107.405,0.999],[107.409,0.999]]],[[[107.392,1.011],[107.387,0.994],[107.392,0.989],[107.395,0.998],[107.392,1.011]]],[[[107.386,1.007],[107.379,1.012],[107.377,1.005],[107.386,1.007]]],[[[104.436,1.009],[104.44,1.014],[104.438,1.014],[104.436,1.009]]],[[[104.399,0.996],[104.383,1.015],[104.365,0.99],[104.399,0.996]]],[[[107.373,1.019],[107.356,1.011],[107.367,1.006],[107.373,1.019]]],[[[104.812,1.024],[104.813,1.026],[104.811,1.025],[104.812,1.024]]],[[[107.512,1.023],[107.508,1.024],[107.509,1.022],[107.512,1.023]]],[[[107.537,1.026],[107.529,0.994],[107.541,0.972],[107.573,1.007],[107.565,0.996],[107.579,0.99],[107.553,0.97],[107.553,0.947],[107.602,0.997],[107.537,1.026]]],[[[104.849,1.013],[104.782,1.025],[104.787,1.004],[104.811,1.002],[104.804,0.989],[104.824,0.98],[104.814,0.962],[104.84,0.961],[104.854,0.982],[104.849,1.013]]],[[[104.819,1.027],[104.819,1.028],[104.818,1.029],[104.819,1.027]]],[[[107.377,1.033],[107.382,1.03],[107.378,1.036],[107.377,1.033]]],[[[104.829,1.045],[104.83,1.047],[104.829,1.047],[104.829,1.045]]],[[[104.222,1.047],[104.221,1.037],[104.224,1.037],[104.222,1.047]]],[[[107.519,1.047],[107.497,1.044],[107.504,1.036],[107.519,1.047]]],[[[104.706,1.05],[104.714,1.053],[104.706,1.053],[104.706,1.05]]],[[[107.494,1.053],[107.484,1.052],[107.494,1.045],[107.494,1.053]]],[[[104.677,1.067],[104.67,1.064],[104.677,1.046],[104.677,1.067]]],[[[107.445,1.087],[107.441,1.088],[107.441,1.085],[107.445,1.087]]],[[[107.43,1.087],[107.438,1.09],[107.434,1.093],[107.43,1.087]]],[[[104.221,1.1],[104.223,1.102],[104.221,1.101],[104.221,1.1]]],[[[107.412,1.092],[107.403,1.112],[107.389,1.09],[107.412,1.092]]],[[[106.886,1.188],[106.892,1.192],[106.886,1.193],[106.886,1.188]]],[[[104.513,0.843],[104.521,0.825],[104.593,0.81],[104.611,0.833],[104.612,0.881],[104.619,0.898],[104.66,0.914],[104.635,0.987],[104.657,1.045],[104.633,1.107],[104.596,1.125],[104.577,1.155],[104.583,1.229],[104.55,1.223],[104.536,1.182],[104.501,1.17],[104.393,1.204],[104.374,1.194],[104.384,1.187],[104.374,1.178],[104.339,1.191],[104.312,1.182],[104.33,1.163],[104.33,1.138],[104.239,1.124],[104.22,1.09],[104.214,1.064],[104.235,1.038],[104.225,1.022],[104.257,1.001],[104.319,0.991],[104.333,0.992],[104.34,1.025],[104.379,1.01],[104.381,1.02],[104.405,1.034],[104.404,1.054],[104.416,1.055],[104.417,1.039],[104.453,1.054],[104.476,1.026],[104.488,1.034],[104.481,1.014],[104.445,1.017],[104.441,0.995],[104.521,0.977],[104.52,0.957],[104.553,0.922],[104.513,0.843]]],[[[107.045,1.314],[107.041,1.315],[107.042,1.313],[107.045,1.314]]]]},"id":2102},{"type":"Feature","properties":{"code":1110},"geometry":{"type":"Polygon","coordinates":[[[96.657,4.955],[96.661,4.973],[96.744,4.966],[96.785,4.942],[96.799,4.956],[96.816,4.989],[96.821,5.071],[96.859,5.095],[96.89,5.15],[96.881,5.192],[96.903,5.18],[96.925,5.21],[96.908,5.221],[96.913,5.246],[96.831,5.275],[96.64,5.213],[96.53,5.198],[96.485,5.209],[96.465,5.236],[96.398,5.209],[96.342,5.227],[96.335,5.15],[96.366,5.045],[96.325,4.962],[96.332,4.949],[96.373,4.931],[96.431,4.938],[96.466,4.894],[96.496,4.89],[96.536,4.935],[96.657,4.955]]]},"id":1110},{"type":"Feature","properties":{"code":3505},"geometry":{"type":"MultiPolygon","coordinates":[[[[112.24,-8.351],[112.24,-8.348],[112.238,-8.35],[112.24,-8.351]]],[[[112.307,-8.343],[112.308,-8.341],[112.305,-8.342],[112.307,-8.343]]],[[[112.358,-8.348],[112.393,-8.227],[112.366,-8.175],[112.43,-8.158],[112.457,-8.126],[112.453,-8.056],[112.478,-7.971],[112.445,-7.91],[112.37,-7.957],[112.306,-7.929],[112.179,-7.973],[112.096,-7.969],[112.09,-7.991],[111.977,-7.996],[111.976,-8.012],[111.955,-7.998],[111.994,-8.059],[111.997,-8.092],[112.121,-8.125],[112.116,-8.157],[112.078,-8.187],[112.028,-8.168],[112.028,-8.317],[112.143,-8.315],[112.154,-8.328],[112.219,-8.327],[112.22,-8.342],[112.263,-8.35],[112.286,-8.332],[112.316,-8.342],[112.328,-8.331],[112.358,-8.348]],[[112.184,-8.056],[112.2,-8.092],[112.155,-8.135],[112.134,-8.083],[112.161,-8.084],[112.184,-8.056]]]]},"id":3505},{"type":"Feature","properties":{"code":3316},"geometry":{"type":"Polygon","coordinates":[[[111.263,-6.855],[111.244,-6.862],[111.224,-6.846],[111.198,-6.898],[111.115,-6.916],[111.106,-6.962],[111.113,-6.979],[111.165,-6.981],[111.218,-7.03],[111.213,-7.077],[111.246,-7.181],[111.237,-7.241],[111.212,-7.246],[111.244,-7.285],[111.286,-7.289],[111.344,-7.319],[111.344,-7.335],[111.462,-7.374],[111.459,-7.352],[111.441,-7.351],[111.462,-7.345],[111.446,-7.337],[111.457,-7.321],[111.423,-7.31],[111.442,-7.288],[111.438,-7.269],[111.45,-7.274],[111.451,-7.248],[111.46,-7.261],[111.489,-7.26],[111.487,-7.243],[111.542,-7.227],[111.536,-7.215],[111.565,-7.207],[111.566,-7.187],[111.587,-7.185],[111.621,-7.108],[111.612,-7.082],[111.628,-7.075],[111.613,-7.034],[111.621,-6.982],[111.572,-6.952],[111.576,-6.919],[111.514,-6.889],[111.454,-6.876],[111.425,-6.894],[111.412,-6.882],[111.377,-6.891],[111.263,-6.855]]]},"id":3316},{"type":"Feature","properties":{"code":7501},"geometry":{"type":"MultiPolygon","coordinates":[[[[122.231,0.43],[122.226,0.434],[122.225,0.431],[122.231,0.43]]],[[[122.328,0.459],[122.332,0.459],[122.33,0.462],[122.328,0.459]]],[[[122.346,0.466],[122.351,0.465],[122.349,0.467],[122.346,0.466]]],[[[122.363,0.47],[122.355,0.47],[122.354,0.467],[122.363,0.47]]],[[[122.129,0.48],[122.124,0.481],[122.125,0.476],[122.129,0.48]]],[[[122.356,0.484],[122.354,0.485],[122.355,0.482],[122.356,0.484]]],[[[122.535,0.494],[122.521,0.496],[122.528,0.488],[122.535,0.494]]],[[[122.387,0.499],[122.384,0.499],[122.385,0.498],[122.387,0.499]]],[[[122.45,0.501],[122.443,0.494],[122.451,0.496],[122.45,0.501]]],[[[122.248,0.913],[122.209,0.899],[122.169,0.913],[122.117,0.905],[122.105,0.933],[122.076,0.903],[122.089,0.822],[122.114,0.818],[122.134,0.595],[122.119,0.496],[122.147,0.48],[122.148,0.463],[122.233,0.487],[122.281,0.474],[122.316,0.489],[122.317,0.508],[122.324,0.492],[122.332,0.509],[122.352,0.493],[122.351,0.509],[122.365,0.502],[122.402,0.522],[122.413,0.501],[122.437,0.499],[122.446,0.517],[122.465,0.501],[122.512,0.513],[122.513,0.498],[122.515,0.512],[122.519,0.501],[122.544,0.508],[122.545,0.49],[122.552,0.514],[122.578,0.493],[122.6,0.513],[122.592,0.495],[122.619,0.497],[122.643,0.476],[122.655,0.494],[122.629,0.534],[122.639,0.566],[122.601,0.649],[122.569,0.66],[122.546,0.7],[122.506,0.708],[122.501,0.735],[122.481,0.735],[122.464,0.758],[122.408,0.757],[122.34,0.794],[122.282,0.779],[122.251,0.79],[122.244,0.813],[122.264,0.844],[122.247,0.853],[122.248,0.913]]]]},"id":7501},{"type":"Feature","properties":{"code":3201},"geometry":{"type":"Polygon","coordinates":[[[107.023,-6.409],[106.966,-6.342],[106.98,-6.315],[106.966,-6.303],[106.945,-6.368],[106.881,-6.456],[106.855,-6.456],[106.85,-6.435],[106.825,-6.461],[106.823,-6.444],[106.738,-6.438],[106.72,-6.36],[106.593,-6.362],[106.577,-6.338],[106.515,-6.324],[106.529,-6.346],[106.499,-6.355],[106.476,-6.35],[106.484,-6.325],[106.466,-6.305],[106.425,-6.35],[106.454,-6.426],[106.439,-6.45],[106.401,-6.452],[106.412,-6.483],[106.403,-6.516],[106.43,-6.59],[106.429,-6.682],[106.466,-6.75],[106.524,-6.762],[106.575,-6.717],[106.588,-6.743],[106.631,-6.754],[106.656,-6.747],[106.659,-6.731],[106.693,-6.744],[106.74,-6.715],[106.777,-6.754],[106.92,-6.786],[106.946,-6.76],[106.974,-6.765],[106.987,-6.73],[106.996,-6.737],[107.006,-6.692],[106.99,-6.668],[107.051,-6.656],[107.134,-6.67],[107.169,-6.638],[107.215,-6.637],[107.227,-6.602],[107.178,-6.551],[107.17,-6.48],[107.055,-6.435],[107.062,-6.399],[107.023,-6.409]],[[106.778,-6.511],[106.793,-6.546],[106.818,-6.538],[106.839,-6.574],[106.843,-6.678],[106.819,-6.671],[106.809,-6.646],[106.771,-6.653],[106.79,-6.627],[106.735,-6.565],[106.74,-6.542],[106.764,-6.545],[106.778,-6.511]]]},"id":3201},{"type":"Feature","properties":{"code":3522},"geometry":{"type":"Polygon","coordinates":[[[111.441,-7.351],[111.527,-7.372],[111.574,-7.348],[111.773,-7.469],[111.82,-7.439],[111.94,-7.44],[111.958,-7.427],[111.943,-7.406],[112.069,-7.397],[112.089,-7.368],[112.072,-7.333],[112.09,-7.304],[112.087,-7.229],[112.118,-7.212],[112.165,-7.117],[112.154,-7.119],[112.151,-7.101],[112.122,-7.108],[112.124,-7.087],[112.085,-7.085],[112.082,-7.065],[112.041,-7.082],[112.044,-7.071],[112.019,-7.067],[112.02,-7.088],[112.005,-7.094],[112.01,-7.13],[111.995,-7.114],[111.983,-7.164],[111.954,-7.132],[111.932,-7.16],[111.931,-7.133],[111.86,-7.13],[111.825,-7.087],[111.714,-7.081],[111.66,-7.039],[111.652,-7.0],[111.622,-6.986],[111.613,-7.034],[111.628,-7.075],[111.612,-7.082],[111.621,-7.108],[111.587,-7.185],[111.566,-7.187],[111.565,-7.207],[111.536,-7.215],[111.542,-7.227],[111.487,-7.243],[111.489,-7.26],[111.46,-7.261],[111.451,-7.248],[111.45,-7.274],[111.438,-7.269],[111.442,-7.288],[111.423,-7.31],[111.457,-7.321],[111.446,-7.337],[111.462,-7.345],[111.441,-7.351]]]},"id":3522},{"type":"Feature","properties":{"code":7101},"geometry":{"type":"MultiPolygon","coordinates":[[[[123.81,0.863],[123.81,0.86],[123.811,0.86],[123.81,0.863]]],[[[123.803,0.867],[123.804,0.869],[123.802,0.871],[123.803,0.867]]],[[[123.79,0.879],[123.786,0.881],[123.789,0.875],[123.79,0.879]]],[[[123.976,0.902],[123.973,0.903],[123.976,0.898],[123.976,0.902]]],[[[124.298,1.007],[124.203,0.989],[124.136,0.927],[124.071,0.921],[123.929,0.857],[123.959,0.837],[123.913,0.852],[123.827,0.84],[123.791,0.855],[123.804,0.837],[123.785,0.829],[123.756,0.854],[123.765,0.837],[123.752,0.83],[123.732,0.865],[123.718,0.725],[123.74,0.684],[123.73,0.647],[123.7,0.613],[123.633,0.6],[123.643,0.573],[123.714,0.562],[123.721,0.525],[123.691,0.485],[123.698,0.455],[123.738,0.465],[123.792,0.44],[123.86,0.459],[123.929,0.431],[123.956,0.458],[124.024,0.476],[124.05,0.512],[124.113,0.527],[124.139,0.558],[124.16,0.561],[124.178,0.523],[124.297,0.562],[124.337,0.616],[124.34,0.648],[124.318,0.666],[124.293,0.659],[124.288,0.698],[124.255,0.708],[124.257,0.745],[124.305,0.753],[124.32,0.774],[124.356,0.755],[124.415,0.768],[124.433,0.792],[124.42,0.812],[124.436,0.823],[124.379,0.87],[124.367,0.921],[124.377,0.952],[124.355,0.986],[124.298,1.007]]]]},"id":7101},{"type":"Feature","properties":{"code":7110},"geometry":{"type":"MultiPolygon","coordinates":[[[[124.354,0.418],[124.351,0.419],[124.349,0.416],[124.354,0.418]]],[[[124.358,0.428],[124.365,0.422],[124.359,0.43],[124.358,0.428]]],[[[124.479,0.446],[124.477,0.448],[124.476,0.445],[124.479,0.446]]],[[[124.461,0.451],[124.46,0.45],[124.463,0.449],[124.461,0.451]]],[[[123.643,0.573],[123.618,0.561],[123.587,0.586],[123.533,0.576],[123.527,0.54],[123.552,0.51],[123.522,0.49],[123.523,0.463],[123.55,0.433],[123.48,0.353],[123.486,0.309],[123.574,0.321],[123.628,0.292],[123.648,0.307],[123.676,0.295],[123.707,0.319],[123.778,0.312],[123.819,0.336],[123.858,0.327],[123.882,0.347],[123.921,0.343],[123.993,0.375],[124.046,0.376],[124.052,0.36],[124.08,0.387],[124.211,0.397],[124.219,0.382],[124.224,0.395],[124.288,0.406],[124.271,0.428],[124.303,0.427],[124.314,0.41],[124.324,0.446],[124.338,0.433],[124.355,0.453],[124.36,0.431],[124.362,0.444],[124.412,0.454],[124.453,0.444],[124.449,0.465],[124.475,0.466],[124.463,0.512],[124.435,0.534],[124.439,0.566],[124.382,0.58],[124.337,0.616],[124.273,0.544],[124.178,0.523],[124.16,0.561],[124.139,0.558],[124.113,0.527],[124.05,0.512],[124.024,0.476],[123.956,0.458],[123.929,0.431],[123.86,0.459],[123.792,0.44],[123.738,0.465],[123.698,0.455],[123.691,0.485],[123.721,0.525],[123.714,0.562],[123.643,0.573]]]]},"id":7110},{"type":"Feature","properties":{"code":7111},"geometry":{"type":"MultiPolygon","coordinates":[[[[124.567,0.574],[124.564,0.574],[124.566,0.57],[124.567,0.574]]],[[[124.633,0.711],[124.633,0.712],[124.632,0.713],[124.633,0.711]]],[[[124.684,0.807],[124.664,0.807],[124.66,0.804],[124.684,0.807]]],[[[124.356,0.755],[124.348,0.73],[124.377,0.661],[124.34,0.648],[124.337,0.614],[124.382,0.58],[124.439,0.566],[124.435,0.534],[124.463,0.512],[124.466,0.477],[124.482,0.468],[124.489,0.486],[124.5,0.466],[124.513,0.473],[124.493,0.547],[124.538,0.588],[124.568,0.579],[124.566,0.618],[124.543,0.624],[124.555,0.651],[124.581,0.695],[124.593,0.683],[124.597,0.706],[124.629,0.712],[124.628,0.773],[124.67,0.828],[124.699,0.84],[124.66,0.89],[124.651,0.956],[124.58,0.934],[124.56,0.867],[124.497,0.821],[124.489,0.766],[124.469,0.763],[124.463,0.73],[124.433,0.792],[124.415,0.768],[124.356,0.755]]]]},"id":7111},{"type":"Feature","properties":{"code":7107},"geometry":{"type":"MultiPolygon","coordinates":[[[[123.581,0.897],[123.584,0.897],[123.582,0.898],[123.581,0.901],[123.581,0.897]]],[[[123.582,0.899],[123.584,0.9],[123.582,0.901],[123.582,0.899]]],[[[123.264,0.92],[123.264,0.923],[123.263,0.921],[123.264,0.92]]],[[[123.257,0.923],[123.256,0.922],[123.258,0.921],[123.257,0.923]]],[[[123.262,0.926],[123.259,0.92],[123.262,0.92],[123.262,0.926]]],[[[123.73,0.862],[123.713,0.874],[123.699,0.858],[123.591,0.904],[123.583,0.895],[123.526,0.886],[123.442,0.904],[123.416,0.89],[123.4,0.915],[123.394,0.898],[123.372,0.912],[123.35,0.904],[123.35,0.92],[123.343,0.907],[123.269,0.924],[123.261,0.913],[123.253,0.923],[123.262,0.932],[123.247,0.958],[123.239,0.942],[123.21,0.938],[123.167,0.951],[123.198,0.919],[123.178,0.901],[123.141,0.923],[123.11,0.92],[123.12,0.889],[123.206,0.856],[123.271,0.802],[123.246,0.734],[123.273,0.698],[123.322,0.698],[123.384,0.639],[123.486,0.626],[123.487,0.601],[123.509,0.584],[123.546,0.575],[123.587,0.586],[123.618,0.561],[123.643,0.573],[123.633,0.6],[123.7,0.613],[123.73,0.647],[123.74,0.684],[123.718,0.725],[123.73,0.862]]]]},"id":7107},{"type":"Feature","properties":{"code":7406},"geometry":{"type":"MultiPolygon","coordinates":[[[[122.054,-5.378],[122.063,-5.366],[122.06,-5.363],[122.054,-5.378]]],[[[121.834,-5.349],[121.841,-5.348],[121.834,-5.345],[121.834,-5.349]]],[[[121.831,-5.334],[121.833,-5.333],[121.831,-5.331],[121.831,-5.334]]],[[[122.058,-5.3],[122.068,-5.294],[122.075,-5.286],[122.058,-5.3]]],[[[121.775,-5.283],[121.78,-5.276],[121.776,-5.279],[121.775,-5.283]]],[[[121.782,-5.27],[121.78,-5.268],[121.78,-5.27],[121.782,-5.27]]],[[[121.786,-5.253],[121.784,-5.253],[121.783,-5.262],[121.786,-5.253]]],[[[122.044,-5.251],[122.048,-5.248],[122.044,-5.249],[122.044,-5.251]]],[[[122.077,-5.223],[122.075,-5.219],[122.075,-5.221],[122.077,-5.223]]],[[[121.812,-5.169],[121.811,-5.161],[121.811,-5.17],[121.812,-5.169]]],[[[121.815,-5.161],[121.817,-5.155],[121.812,-5.155],[121.815,-5.161]]],[[[121.822,-5.142],[121.816,-5.145],[121.822,-5.146],[121.822,-5.142]]],[[[121.823,-5.151],[121.843,-5.134],[121.839,-5.118],[121.823,-5.151]]],[[[121.913,-5.082],[121.912,-5.081],[121.909,-5.086],[121.913,-5.082]]],[[[121.906,-5.084],[121.908,-5.08],[121.904,-5.081],[121.906,-5.084]]],[[[121.91,-5.075],[121.908,-5.078],[121.91,-5.077],[121.91,-5.075]]],[[[121.919,-5.076],[121.916,-5.076],[121.918,-5.078],[121.919,-5.076]]],[[[121.914,-5.076],[121.914,-5.072],[121.911,-5.075],[121.914,-5.076]]],[[[122.044,-5.401],[122.047,-5.365],[122.037,-5.369],[122.033,-5.344],[122.05,-5.315],[122.051,-5.269],[122.032,-5.241],[122.072,-5.233],[122.069,-5.201],[122.055,-5.2],[122.034,-5.149],[122.009,-5.15],[122.015,-5.167],[121.991,-5.159],[121.966,-5.062],[121.937,-5.074],[121.936,-5.11],[121.895,-5.089],[121.904,-5.069],[121.888,-5.056],[121.849,-5.093],[121.876,-5.111],[121.865,-5.119],[121.851,-5.097],[121.839,-5.113],[121.882,-5.152],[121.84,-5.146],[121.822,-5.168],[121.838,-5.191],[121.807,-5.206],[121.794,-5.277],[121.822,-5.293],[121.875,-5.387],[121.921,-5.401],[121.946,-5.473],[121.954,-5.404],[122.044,-5.401]]],[[[121.946,-4.91],[121.949,-4.909],[121.946,-4.908],[121.946,-4.91]]],[[[122.061,-4.884],[122.06,-4.885],[122.064,-4.886],[122.061,-4.884]]],[[[122.058,-4.884],[122.047,-4.888],[122.038,-4.894],[122.058,-4.884]]],[[[122.116,-4.846],[122.118,-4.836],[122.111,-4.846],[122.116,-4.846]]],[[[122.143,-4.841],[122.143,-4.836],[122.143,-4.845],[122.143,-4.841]]],[[[122.141,-4.816],[122.121,-4.82],[122.12,-4.832],[122.136,-4.827],[122.141,-4.816]]],[[[122.152,-4.814],[122.149,-4.807],[122.142,-4.816],[122.152,-4.814]]],[[[121.506,-4.723],[121.503,-4.714],[121.505,-4.73],[121.506,-4.723]]],[[[121.907,-4.377],[121.806,-4.404],[121.782,-4.455],[121.723,-4.491],[121.723,-4.524],[121.66,-4.565],[121.622,-4.559],[121.613,-4.573],[121.558,-4.568],[121.47,-4.591],[121.466,-4.683],[121.505,-4.709],[121.511,-4.729],[121.506,-4.736],[121.583,-4.786],[121.616,-4.795],[121.628,-4.776],[121.631,-4.804],[121.663,-4.811],[121.683,-4.851],[121.812,-4.835],[121.879,-4.876],[121.983,-4.901],[122.005,-4.884],[122.001,-4.899],[122.022,-4.892],[122.025,-4.871],[122.043,-4.875],[122.067,-4.849],[122.075,-4.858],[122.091,-4.825],[122.12,-4.818],[122.046,-4.768],[122.036,-4.662],[122.019,-4.647],[122.041,-4.648],[122.089,-4.542],[122.106,-4.54],[122.104,-4.5],[122.051,-4.487],[122.0,-4.428],[121.907,-4.377]]]]},"id":7406},{"type":"Feature","properties":{"code":3511},"geometry":{"type":"Polygon","coordinates":[[[114.224,-7.986],[114.175,-7.969],[114.127,-7.993],[114.092,-7.875],[114.089,-7.806],[114.062,-7.758],[114.006,-7.756],[113.991,-7.778],[113.95,-7.765],[113.933,-7.793],[113.853,-7.794],[113.804,-7.816],[113.739,-7.788],[113.722,-7.879],[113.623,-7.961],[113.629,-7.972],[113.671,-7.968],[113.687,-8.011],[113.726,-8.023],[113.748,-8.065],[113.77,-8.038],[113.802,-8.057],[113.854,-8.045],[113.845,-8.024],[113.868,-8.035],[113.886,-8.014],[113.902,-8.018],[114.009,-8.074],[114.043,-8.133],[114.146,-8.101],[114.184,-8.12],[114.213,-8.099],[114.248,-8.045],[114.224,-7.986]]]},"id":3511},{"type":"Feature","properties":{"code":7311},"geometry":{"type":"MultiPolygon","coordinates":[[[[120.314,-4.953],[120.315,-4.952],[120.312,-4.949],[120.314,-4.953]]],[[[120.402,-4.593],[120.406,-4.589],[120.403,-4.589],[120.402,-4.593]]],[[[120.416,-4.586],[120.422,-4.579],[120.418,-4.579],[120.416,-4.586]]],[[[120.415,-4.575],[120.421,-4.571],[120.414,-4.573],[120.415,-4.575]]],[[[120.434,-4.559],[120.438,-4.556],[120.435,-4.556],[120.434,-4.559]]],[[[120.479,-4.542],[120.481,-4.532],[120.475,-4.53],[120.479,-4.542]]],[[[120.447,-4.539],[120.462,-4.534],[120.455,-4.528],[120.447,-4.539]]],[[[120.452,-4.508],[120.416,-4.496],[120.423,-4.518],[120.452,-4.508]]],[[[119.696,-4.788],[119.721,-4.821],[119.751,-4.803],[119.767,-4.824],[119.784,-4.806],[119.806,-4.808],[119.812,-4.766],[119.866,-4.743],[119.884,-4.718],[119.972,-4.78],[119.95,-4.795],[119.92,-4.857],[119.932,-4.89],[119.897,-4.916],[119.884,-5.001],[119.846,-5.047],[119.86,-5.088],[119.893,-5.096],[119.922,-5.132],[120.055,-5.125],[120.081,-5.078],[120.131,-5.044],[120.164,-5.078],[120.188,-5.069],[120.206,-5.1],[120.231,-5.087],[120.259,-5.115],[120.265,-5.101],[120.29,-5.11],[120.305,-4.868],[120.335,-4.84],[120.383,-4.838],[120.4,-4.709],[120.461,-4.658],[120.399,-4.606],[120.383,-4.554],[120.407,-4.544],[120.384,-4.548],[120.376,-4.511],[120.401,-4.481],[120.347,-4.425],[120.36,-4.37],[120.393,-4.336],[120.364,-4.298],[120.368,-4.223],[120.283,-4.246],[120.25,-4.272],[120.225,-4.235],[120.138,-4.219],[120.11,-4.248],[120.076,-4.247],[120.076,-4.346],[120.096,-4.385],[120.079,-4.401],[120.048,-4.397],[120.064,-4.432],[120.058,-4.5],[119.976,-4.538],[119.901,-4.515],[119.854,-4.537],[119.803,-4.535],[119.797,-4.595],[119.754,-4.641],[119.759,-4.684],[119.813,-4.704],[119.821,-4.742],[119.799,-4.765],[119.769,-4.755],[119.748,-4.797],[119.696,-4.788]]]]},"id":7311},{"type":"Feature","properties":{"code":7504},"geometry":{"type":"Polygon","coordinates":[[[123.533,0.576],[123.487,0.601],[123.486,0.626],[123.384,0.639],[123.322,0.698],[123.273,0.698],[123.247,0.716],[123.251,0.753],[123.168,0.753],[123.159,0.776],[123.134,0.765],[123.123,0.787],[123.069,0.803],[123.08,0.695],[123.036,0.628],[123.074,0.608],[123.061,0.589],[123.091,0.58],[123.079,0.523],[123.1,0.502],[123.086,0.478],[123.121,0.456],[123.156,0.403],[123.194,0.393],[123.267,0.322],[123.345,0.306],[123.435,0.316],[123.459,0.337],[123.482,0.321],[123.48,0.353],[123.55,0.433],[123.523,0.463],[123.522,0.49],[123.552,0.51],[123.527,0.54],[123.533,0.576]]]},"id":7504},{"type":"Feature","properties":{"code":9502},"geometry":{"type":"Polygon","coordinates":[[[140.848,-6.618],[140.841,-6.609],[140.905,-6.589],[140.909,-6.57],[140.889,-6.575],[140.889,-6.56],[140.935,-6.561],[140.92,-6.55],[140.919,-6.504],[140.959,-6.486],[140.923,-6.467],[140.938,-6.445],[140.915,-6.426],[140.926,-6.416],[140.951,-6.434],[140.941,-6.411],[140.981,-6.389],[140.94,-6.383],[140.945,-6.369],[140.977,-6.365],[140.959,-6.354],[140.958,-6.325],[141.0,-6.32],[140.999,-5.294],[140.098,-5.16],[139.644,-5.041],[139.704,-5.235],[139.726,-5.438],[139.727,-5.716],[139.869,-6.191],[139.825,-6.206],[139.824,-6.257],[139.858,-6.286],[139.854,-6.324],[139.788,-6.417],[140.072,-6.433],[140.057,-7.266],[140.848,-6.618]]]},"id":9502},{"type":"Feature","properties":{"code":3309},"geometry":{"type":"Polygon","coordinates":[[[110.817,-7.246],[110.857,-7.21],[110.833,-7.197],[110.793,-7.24],[110.766,-7.244],[110.785,-7.193],[110.76,-7.186],[110.769,-7.177],[110.743,-7.164],[110.745,-7.14],[110.734,-7.143],[110.69,-7.189],[110.705,-7.215],[110.692,-7.24],[110.627,-7.219],[110.636,-7.263],[110.621,-7.268],[110.621,-7.289],[110.601,-7.291],[110.607,-7.331],[110.646,-7.332],[110.624,-7.382],[110.635,-7.429],[110.618,-7.446],[110.648,-7.447],[110.629,-7.464],[110.661,-7.474],[110.66,-7.496],[110.602,-7.49],[110.577,-7.462],[110.589,-7.464],[110.58,-7.445],[110.599,-7.447],[110.576,-7.423],[110.555,-7.451],[110.544,-7.433],[110.517,-7.438],[110.511,-7.409],[110.483,-7.402],[110.458,-7.414],[110.426,-7.485],[110.38,-7.514],[110.477,-7.554],[110.538,-7.635],[110.547,-7.6],[110.597,-7.588],[110.6,-7.569],[110.703,-7.593],[110.726,-7.553],[110.709,-7.532],[110.781,-7.523],[110.808,-7.534],[110.804,-7.459],[110.78,-7.453],[110.768,-7.417],[110.772,-7.392],[110.802,-7.368],[110.788,-7.361],[110.803,-7.327],[110.795,-7.272],[110.768,-7.305],[110.772,-7.294],[110.768,-7.298],[110.759,-7.296],[110.78,-7.269],[110.76,-7.27],[110.808,-7.25],[110.826,-7.262],[110.817,-7.246]],[[110.571,-7.445],[110.564,-7.442],[110.572,-7.442],[110.571,-7.445]],[[110.562,-7.54],[110.575,-7.539],[110.588,-7.548],[110.569,-7.551],[110.562,-7.54]]]},"id":3309},{"type":"Feature","properties":{"code":3329},"geometry":{"type":"Polygon","coordinates":[[[109.167,-7.268],[109.175,-7.239],[109.149,-7.246],[109.057,-7.191],[109.084,-7.147],[109.074,-7.114],[109.052,-7.15],[108.989,-7.132],[108.965,-7.15],[108.951,-7.126],[108.984,-7.111],[108.969,-7.06],[109.024,-7.043],[109.027,-6.985],[109.065,-6.973],[109.074,-6.994],[109.075,-6.875],[109.102,-6.839],[109.066,-6.802],[109.08,-6.798],[109.068,-6.754],[109.052,-6.78],[109.023,-6.78],[108.929,-6.825],[108.853,-6.799],[108.833,-6.758],[108.824,-6.832],[108.752,-6.92],[108.759,-6.987],[108.79,-7.012],[108.774,-7.035],[108.778,-7.094],[108.766,-7.113],[108.725,-7.115],[108.693,-7.151],[108.698,-7.166],[108.723,-7.193],[108.75,-7.187],[108.79,-7.213],[108.81,-7.203],[108.818,-7.231],[108.864,-7.243],[108.852,-7.253],[108.865,-7.272],[108.893,-7.275],[108.928,-7.317],[108.95,-7.315],[108.951,-7.331],[109.028,-7.326],[109.036,-7.351],[109.113,-7.294],[109.105,-7.287],[109.127,-7.28],[109.117,-7.275],[109.167,-7.268]]]},"id":3329},{"type":"Feature","properties":{"code":5108},"geometry":{"type":"MultiPolygon","coordinates":[[[[114.528,-8.095],[114.501,-8.094],[114.517,-8.1],[114.528,-8.095]]],[[[115.232,-8.24],[115.244,-8.176],[115.279,-8.16],[115.303,-8.173],[115.321,-8.14],[115.331,-8.153],[115.364,-8.146],[115.404,-8.191],[115.457,-8.166],[115.184,-8.061],[115.116,-8.081],[115.002,-8.175],[114.867,-8.196],[114.618,-8.122],[114.594,-8.139],[114.594,-8.123],[114.579,-8.121],[114.563,-8.13],[114.568,-8.141],[114.555,-8.13],[114.522,-8.154],[114.493,-8.095],[114.435,-8.097],[114.445,-8.157],[114.47,-8.165],[114.458,-8.193],[114.513,-8.205],[114.59,-8.173],[114.618,-8.183],[114.637,-8.217],[114.684,-8.231],[114.703,-8.198],[114.755,-8.231],[114.776,-8.263],[114.816,-8.259],[114.824,-8.332],[114.87,-8.337],[114.924,-8.382],[114.935,-8.356],[114.949,-8.36],[114.98,-8.289],[115.01,-8.31],[115.03,-8.3],[115.072,-8.314],[115.101,-8.307],[115.109,-8.278],[115.177,-8.241],[115.232,-8.24]]]]},"id":5108},{"type":"Feature","properties":{"code":7302},"geometry":{"type":"MultiPolygon","coordinates":[[[[120.479,-5.68],[120.476,-5.676],[120.473,-5.68],[120.479,-5.68]]],[[[120.445,-5.644],[120.42,-5.651],[120.429,-5.66],[120.445,-5.644]]],[[[120.101,-5.585],[120.189,-5.566],[120.221,-5.539],[120.276,-5.537],[120.316,-5.507],[120.352,-5.519],[120.394,-5.586],[120.472,-5.622],[120.445,-5.557],[120.451,-5.476],[120.423,-5.462],[120.433,-5.445],[120.402,-5.378],[120.402,-5.338],[120.361,-5.324],[120.336,-5.287],[120.304,-5.301],[120.288,-5.286],[120.277,-5.301],[120.176,-5.312],[120.14,-5.288],[120.124,-5.311],[120.039,-5.346],[119.997,-5.322],[119.958,-5.343],[119.98,-5.39],[120.028,-5.393],[120.091,-5.49],[120.101,-5.585]]]]},"id":7302},{"type":"Feature","properties":{"code":6502},"geometry":{"type":"MultiPolygon","coordinates":[[[[117.629,2.797],[117.62,2.807],[117.61,2.811],[117.614,2.802],[117.629,2.797]]],[[[117.649,2.8],[117.639,2.81],[117.628,2.81],[117.634,2.804],[117.649,2.8]]],[[[117.729,2.828],[117.692,2.851],[117.64,2.814],[117.677,2.796],[117.733,2.808],[117.729,2.828]]],[[[117.713,2.895],[117.546,2.907],[117.543,2.899],[117.585,2.888],[117.596,2.858],[117.635,2.85],[117.717,2.871],[117.713,2.895]]],[[[117.519,2.905],[117.543,2.908],[117.517,2.909],[117.519,2.905]]],[[[117.561,2.912],[117.574,2.917],[117.556,2.914],[117.561,2.912]]],[[[117.605,2.918],[117.611,2.922],[117.592,2.918],[117.605,2.918]]],[[[117.492,2.921],[117.493,2.924],[117.489,2.925],[117.492,2.921]]],[[[117.705,2.929],[117.626,2.924],[117.58,2.91],[117.713,2.905],[117.705,2.929]]],[[[117.364,2.936],[117.368,2.936],[117.364,2.939],[117.364,2.936]]],[[[117.363,2.941],[117.373,2.944],[117.366,2.95],[117.363,2.941]]],[[[117.484,2.953],[117.448,2.946],[117.454,2.935],[117.472,2.938],[117.507,2.915],[117.547,2.912],[117.582,2.93],[117.57,2.936],[117.573,2.944],[117.558,2.951],[117.523,2.937],[117.503,2.939],[117.484,2.953]]],[[[117.507,2.939],[117.498,2.954],[117.487,2.953],[117.507,2.939]]],[[[117.5,2.958],[117.503,2.96],[117.5,2.96],[117.5,2.958]]],[[[117.482,2.962],[117.487,2.955],[117.499,2.959],[117.482,2.962]]],[[[117.667,2.987],[117.588,2.973],[117.561,2.951],[117.574,2.945],[117.582,2.932],[117.582,2.928],[117.571,2.921],[117.693,2.945],[117.667,2.963],[117.667,2.987]]],[[[117.521,2.94],[117.564,2.97],[117.546,2.99],[117.549,2.976],[117.536,2.958],[117.53,2.956],[117.515,2.977],[117.5,2.961],[117.505,2.96],[117.514,2.952],[117.521,2.94]]],[[[117.638,2.988],[117.62,2.988],[117.636,2.983],[117.638,2.988]]],[[[117.64,2.992],[117.636,2.992],[117.642,2.989],[117.64,2.992]]],[[[117.45,2.986],[117.462,2.991],[117.457,2.995],[117.45,2.986]]],[[[117.504,3.003],[117.51,3.002],[117.513,3.01],[117.504,3.003]]],[[[117.515,3.003],[117.524,3.009],[117.518,3.009],[117.515,3.003]]],[[[117.45,2.961],[117.481,2.962],[117.499,2.961],[117.515,2.978],[117.534,2.957],[117.544,2.992],[117.557,2.989],[117.557,3.009],[117.523,3.006],[117.476,2.966],[117.45,2.961]]],[[[117.493,2.999],[117.485,3.017],[117.476,3.0],[117.461,3.003],[117.464,2.988],[117.455,2.977],[117.476,2.968],[117.493,2.999]]],[[[117.51,3.014],[117.492,3.029],[117.488,3.028],[117.496,3.003],[117.492,2.994],[117.51,3.014]]],[[[117.418,3.03],[117.403,3.04],[117.396,3.038],[117.408,3.018],[117.418,3.03]]],[[[117.622,3.059],[117.573,3.046],[117.554,3.056],[117.552,3.034],[117.522,3.04],[117.523,3.029],[117.518,3.02],[117.512,3.018],[117.553,3.016],[117.576,2.981],[117.618,3.017],[117.622,3.059]]],[[[117.528,3.055],[117.497,3.06],[117.503,3.05],[117.5,3.041],[117.485,3.037],[117.508,3.017],[117.528,3.055]]],[[[117.447,3.057],[117.447,3.064],[117.44,3.055],[117.447,3.057]]],[[[117.549,3.064],[117.49,3.064],[117.446,3.053],[117.409,3.017],[117.4,3.029],[117.358,2.957],[117.367,2.951],[117.368,2.959],[117.373,2.961],[117.462,2.97],[117.454,2.976],[117.455,2.981],[117.45,2.984],[117.45,2.986],[117.45,2.988],[117.459,3.004],[117.479,3.006],[117.487,3.031],[117.484,3.037],[117.487,3.042],[117.5,3.042],[117.496,3.061],[117.526,3.06],[117.529,3.054],[117.526,3.041],[117.552,3.036],[117.549,3.064]]],[[[117.47,3.06],[117.482,3.068],[117.465,3.06],[117.47,3.06]]],[[[117.44,3.063],[117.446,3.063],[117.447,3.069],[117.44,3.063]]],[[[117.495,3.072],[117.488,3.072],[117.486,3.07],[117.495,3.072]]],[[[117.44,3.066],[117.446,3.07],[117.444,3.073],[117.44,3.066]]],[[[117.518,3.073],[117.516,3.072],[117.531,3.072],[117.518,3.073]]],[[[117.533,3.072],[117.538,3.077],[117.53,3.074],[117.533,3.072]]],[[[117.513,3.076],[117.497,3.071],[117.515,3.073],[117.513,3.076]]],[[[117.448,3.079],[117.453,3.073],[117.461,3.081],[117.448,3.079]]],[[[117.623,3.077],[117.622,3.082],[117.621,3.079],[117.623,3.077]]],[[[117.63,3.082],[117.624,3.076],[117.638,3.069],[117.63,3.082]]],[[[117.569,3.051],[117.619,3.066],[117.623,3.073],[117.603,3.084],[117.552,3.072],[117.569,3.051]]],[[[117.496,3.075],[117.465,3.08],[117.45,3.058],[117.459,3.058],[117.487,3.073],[117.496,3.075]]],[[[117.483,3.083],[117.481,3.087],[117.472,3.083],[117.483,3.083]]],[[[117.486,3.091],[117.494,3.091],[117.487,3.094],[117.486,3.091]]],[[[117.571,3.086],[117.605,3.087],[117.606,3.094],[117.571,3.086]]],[[[117.568,3.083],[117.511,3.096],[117.498,3.08],[117.568,3.083]]],[[[117.529,3.1],[117.527,3.101],[117.52,3.1],[117.529,3.1]]],[[[117.557,3.099],[117.558,3.102],[117.555,3.102],[117.557,3.099]]],[[[117.556,3.098],[117.544,3.102],[117.536,3.101],[117.556,3.098]]],[[[117.508,3.101],[117.495,3.102],[117.489,3.096],[117.496,3.091],[117.508,3.101]]],[[[117.497,3.103],[117.504,3.105],[117.504,3.106],[117.497,3.103]]],[[[117.388,3.09],[117.364,3.112],[117.365,3.089],[117.384,3.08],[117.362,3.065],[117.355,3.067],[117.347,3.076],[117.354,3.048],[117.37,3.048],[117.377,3.044],[117.378,3.057],[117.394,3.061],[117.395,3.077],[117.405,3.079],[117.388,3.09]]],[[[117.569,3.097],[117.582,3.115],[117.559,3.105],[117.569,3.097]]],[[[117.522,3.118],[117.515,3.114],[117.532,3.113],[117.522,3.118]]],[[[117.478,3.096],[117.447,3.122],[117.389,3.094],[117.407,3.079],[117.395,3.06],[117.38,3.056],[117.391,3.031],[117.389,3.016],[117.396,3.04],[117.401,3.042],[117.423,3.036],[117.445,3.079],[117.478,3.096]]],[[[117.62,3.113],[117.59,3.126],[117.581,3.119],[117.599,3.106],[117.62,3.113]]],[[[117.22,3.175],[117.226,3.178],[117.217,3.178],[117.22,3.175]]],[[[117.22,3.181],[117.233,3.18],[117.236,3.19],[117.22,3.181]]],[[[117.284,3.205],[117.302,3.231],[117.27,3.229],[117.284,3.205]]],[[[117.256,3.241],[117.257,3.244],[117.245,3.242],[117.256,3.241]]],[[[117.375,3.279],[117.383,3.281],[117.381,3.284],[117.375,3.279]]],[[[117.416,3.247],[117.47,3.293],[117.466,3.305],[117.443,3.278],[117.384,3.28],[117.416,3.247]]],[[[117.375,3.28],[117.388,3.299],[117.383,3.309],[117.367,3.28],[117.354,3.271],[117.362,3.254],[117.375,3.28]]],[[[117.446,3.34],[117.384,3.318],[117.39,3.303],[117.385,3.28],[117.444,3.28],[117.464,3.308],[117.47,3.303],[117.473,3.294],[117.458,3.272],[117.516,3.275],[117.523,3.298],[117.505,3.32],[117.446,3.34]]],[[[117.498,3.404],[117.449,3.402],[117.453,3.347],[117.501,3.344],[117.498,3.404]]],[[[117.985,2.435],[117.8,2.626],[117.785,2.748],[117.746,2.751],[117.697,2.783],[117.615,2.795],[117.598,2.781],[117.613,2.798],[117.599,2.814],[117.641,2.819],[117.664,2.845],[117.653,2.854],[117.632,2.847],[117.595,2.857],[117.584,2.888],[117.557,2.884],[117.545,2.89],[117.542,2.898],[117.543,2.906],[117.519,2.904],[117.454,2.933],[117.446,2.943],[117.448,2.947],[117.455,2.948],[117.453,2.956],[117.43,2.965],[117.372,2.959],[117.375,2.942],[117.368,2.934],[117.362,2.937],[117.364,2.951],[117.355,2.954],[117.339,2.909],[117.345,2.944],[117.389,3.031],[117.373,3.045],[117.355,3.046],[117.35,3.05],[117.346,3.077],[117.36,3.066],[117.382,3.08],[117.363,3.088],[117.36,3.111],[117.367,3.116],[117.374,3.115],[117.384,3.095],[117.406,3.114],[117.464,3.127],[117.46,3.141],[117.425,3.173],[117.404,3.164],[117.345,3.181],[117.318,3.158],[117.271,3.157],[117.269,3.131],[117.252,3.122],[117.268,3.133],[117.267,3.158],[117.318,3.167],[117.31,3.205],[117.266,3.18],[117.238,3.188],[117.234,3.179],[117.229,3.174],[117.202,3.164],[117.197,3.174],[117.229,3.191],[117.239,3.193],[117.266,3.185],[117.281,3.201],[117.263,3.229],[117.245,3.215],[117.262,3.231],[117.156,3.259],[117.232,3.248],[117.272,3.259],[117.272,3.242],[117.305,3.24],[117.319,3.211],[117.379,3.229],[117.396,3.256],[117.379,3.267],[117.37,3.253],[117.36,3.253],[117.352,3.269],[117.367,3.294],[117.327,3.293],[117.346,3.304],[117.369,3.296],[117.381,3.318],[117.388,3.322],[117.372,3.37],[117.331,3.379],[117.325,3.359],[117.298,3.365],[117.294,3.356],[117.307,3.341],[117.305,3.329],[117.304,3.342],[117.293,3.349],[117.292,3.36],[117.296,3.367],[117.303,3.368],[117.322,3.36],[117.329,3.396],[117.286,3.425],[117.242,3.313],[117.219,3.337],[117.184,3.335],[117.173,3.356],[117.11,3.346],[117.081,3.4],[117.054,3.406],[116.96,3.384],[116.924,3.398],[116.835,3.39],[116.78,3.367],[116.756,3.385],[116.804,3.288],[116.807,3.223],[116.786,3.179],[116.741,3.17],[116.724,3.104],[116.747,3.068],[116.742,3.035],[116.661,3.004],[116.657,2.976],[116.608,2.948],[116.581,2.89],[116.493,2.828],[116.443,2.817],[116.43,2.779],[116.325,2.69],[116.314,2.664],[116.323,2.597],[116.266,2.479],[116.233,2.488],[116.182,2.408],[116.112,2.391],[116.11,2.357],[116.059,2.313],[116.04,2.263],[116.028,2.253],[115.995,2.266],[115.99,2.246],[116.052,2.15],[116.095,2.17],[116.13,2.167],[116.157,2.132],[116.185,2.146],[116.286,2.102],[116.321,2.129],[116.322,2.251],[116.309,2.265],[116.439,2.459],[116.443,2.481],[116.424,2.498],[116.437,2.51],[116.566,2.453],[116.575,2.428],[116.712,2.437],[116.735,2.464],[116.835,2.515],[116.916,2.533],[117.074,2.608],[117.217,2.596],[117.314,2.626],[117.361,2.605],[117.404,2.609],[117.498,2.522],[117.571,2.502],[117.611,2.521],[117.704,2.398],[117.72,2.346],[117.749,2.327],[117.809,2.326],[117.821,2.363],[117.856,2.391],[117.898,2.404],[117.919,2.395],[117.985,2.435]]],[[[117.653,3.524],[117.658,3.529],[117.641,3.527],[117.653,3.524]]],[[[117.562,3.547],[117.574,3.548],[117.559,3.55],[117.562,3.547]]],[[[117.5,3.545],[117.415,3.557],[117.412,3.546],[117.446,3.533],[117.442,3.51],[117.486,3.498],[117.505,3.508],[117.529,3.488],[117.535,3.501],[117.547,3.471],[117.613,3.481],[117.609,3.5],[117.5,3.545]]],[[[117.856,3.58],[117.85,3.577],[117.855,3.576],[117.856,3.58]]],[[[117.622,3.575],[117.562,3.588],[117.542,3.574],[117.506,3.585],[117.534,3.562],[117.62,3.537],[117.658,3.546],[117.622,3.575]]],[[[117.854,3.527],[117.798,3.589],[117.759,3.566],[117.751,3.533],[117.762,3.511],[117.863,3.448],[117.874,3.47],[117.854,3.527]]],[[[117.468,3.574],[117.494,3.574],[117.459,3.589],[117.468,3.574]]]]},"id":6502},{"type":"Feature","properties":{"code":1509},"geometry":{"type":"Polygon","coordinates":[[[102.518,-1.646],[102.489,-1.646],[102.476,-1.568],[102.313,-1.568],[102.323,-1.502],[102.296,-1.457],[102.255,-1.478],[102.211,-1.474],[102.187,-1.45],[102.152,-1.459],[102.077,-1.394],[101.9,-1.353],[101.872,-1.305],[101.905,-1.259],[101.962,-1.251],[101.971,-1.214],[101.952,-1.214],[101.945,-1.196],[101.972,-1.154],[101.965,-1.138],[101.939,-1.145],[101.948,-1.136],[101.934,-1.128],[101.914,-1.14],[101.89,-1.121],[101.891,-1.137],[101.813,-1.22],[101.721,-1.241],[101.695,-1.291],[101.724,-1.361],[101.696,-1.394],[101.723,-1.438],[101.67,-1.508],[101.549,-1.596],[101.501,-1.679],[101.48,-1.673],[101.436,-1.694],[101.631,-1.891],[101.66,-1.874],[101.731,-1.876],[101.781,-1.835],[101.827,-1.821],[101.885,-1.848],[101.918,-1.836],[101.978,-1.874],[101.994,-1.909],[102.033,-1.906],[102.071,-1.872],[102.107,-1.883],[102.143,-1.834],[102.135,-1.791],[102.216,-1.783],[102.243,-1.746],[102.345,-1.678],[102.362,-1.676],[102.407,-1.714],[102.518,-1.646]]]},"id":1509},{"type":"Feature","properties":{"code":7207},"geometry":{"type":"MultiPolygon","coordinates":[[[[121.964,1.052],[121.976,1.065],[121.973,1.072],[121.969,1.072],[121.964,1.052]]],[[[121.809,1.092],[121.813,1.096],[121.81,1.095],[121.809,1.092]]],[[[121.84,1.116],[121.844,1.125],[121.834,1.118],[121.84,1.116]]],[[[121.363,1.267],[121.364,1.272],[121.36,1.269],[121.363,1.267]]],[[[122.195,1.038],[122.186,1.057],[122.163,1.033],[122.154,1.049],[122.13,1.056],[122.122,1.045],[122.108,1.068],[122.074,1.059],[122.065,1.074],[122.041,1.047],[121.981,1.023],[121.953,1.04],[121.958,1.06],[121.926,1.102],[121.884,1.08],[121.823,1.092],[121.741,1.061],[121.71,1.081],[121.7,1.068],[121.717,1.043],[121.713,1.04],[121.685,1.071],[121.654,1.065],[121.651,1.04],[121.632,1.061],[121.558,1.062],[121.51,1.087],[121.434,1.163],[121.421,1.188],[121.434,1.234],[121.412,1.232],[121.472,1.262],[121.462,1.308],[121.435,1.308],[121.404,1.262],[121.353,1.248],[121.337,1.262],[121.268,1.232],[121.184,1.265],[121.08,1.151],[121.095,1.093],[121.006,1.032],[121.027,1.001],[121.006,0.861],[120.99,0.841],[120.931,0.826],[120.891,0.788],[120.842,0.695],[120.86,0.708],[120.934,0.686],[121.01,0.707],[121.162,0.676],[121.187,0.722],[121.186,0.757],[121.213,0.773],[121.215,0.792],[121.353,0.795],[121.364,0.806],[121.349,0.85],[121.493,0.839],[121.532,0.852],[121.536,0.875],[121.603,0.872],[121.811,0.95],[121.851,0.992],[121.902,0.963],[121.921,0.927],[121.975,0.904],[122.042,0.989],[122.195,1.038]]]]},"id":7207},{"type":"Feature","properties":{"code":8104},"geometry":{"type":"Polygon","coordinates":[[[127.238,-3.633],[127.251,-3.592],[127.248,-3.45],[127.266,-3.384],[127.219,-3.357],[127.182,-3.355],[127.163,-3.335],[127.142,-3.35],[127.134,-3.378],[127.075,-3.373],[127.073,-3.321],[127.042,-3.328],[127.03,-3.265],[127.072,-3.259],[127.095,-3.283],[127.116,-3.28],[127.111,-3.233],[126.983,-3.137],[126.932,-3.143],[126.909,-3.122],[126.891,-3.127],[126.867,-3.095],[126.79,-3.058],[126.711,-3.056],[126.673,-3.07],[126.405,-3.08],[126.345,-3.1],[126.299,-3.093],[126.26,-3.132],[126.227,-3.137],[126.222,-3.183],[126.112,-3.157],[126.133,-3.302],[126.509,-3.435],[126.901,-3.518],[127.238,-3.633]]]},"id":8104},{"type":"Feature","properties":{"code":8109},"geometry":{"type":"MultiPolygon","coordinates":[[[[127.235,-3.838],[127.195,-3.815],[127.163,-3.824],[127.141,-3.852],[127.164,-3.888],[127.222,-3.905],[127.243,-3.875],[127.235,-3.838]]],[[[125.998,-3.251],[126.006,-3.239],[126.006,-3.216],[125.998,-3.226],[125.998,-3.251]]],[[[126.125,-3.152],[126.092,-3.111],[126.017,-3.174],[126.005,-3.262],[126.018,-3.334],[126.006,-3.358],[126.04,-3.397],[126.045,-3.441],[126.073,-3.477],[126.151,-3.525],[126.182,-3.614],[126.232,-3.618],[126.28,-3.664],[126.335,-3.679],[126.349,-3.701],[126.391,-3.719],[126.399,-3.709],[126.414,-3.733],[126.501,-3.785],[126.521,-3.782],[126.514,-3.794],[126.562,-3.792],[126.62,-3.827],[126.639,-3.823],[126.687,-3.861],[126.721,-3.845],[126.741,-3.857],[126.811,-3.804],[126.955,-3.77],[127.05,-3.689],[127.136,-3.661],[127.192,-3.675],[127.238,-3.633],[126.901,-3.518],[126.509,-3.435],[126.133,-3.302],[126.112,-3.157],[126.125,-3.152]]]]},"id":8109},{"type":"Feature","properties":{"code":7401},"geometry":{"type":"MultiPolygon","coordinates":[[[[123.159,-5.247],[123.157,-5.246],[123.158,-5.248],[123.159,-5.247]]],[[[122.68,-5.289],[122.698,-5.283],[122.712,-5.24],[122.68,-5.289]]],[[[122.737,-5.188],[122.725,-5.199],[122.717,-5.212],[122.737,-5.198],[122.737,-5.188]]],[[[122.954,-5.14],[122.867,-5.1],[122.786,-5.101],[122.737,-5.175],[122.756,-5.184],[122.754,-5.228],[122.784,-5.184],[122.812,-5.219],[122.771,-5.253],[122.732,-5.242],[122.686,-5.321],[122.725,-5.329],[122.726,-5.354],[122.759,-5.376],[122.769,-5.412],[122.738,-5.491],[122.806,-5.531],[122.833,-5.639],[122.898,-5.56],[122.892,-5.513],[122.875,-5.506],[122.847,-5.528],[122.842,-5.518],[122.872,-5.455],[122.923,-5.436],[122.976,-5.394],[122.996,-5.401],[123.017,-5.443],[123.13,-5.399],[123.224,-5.279],[123.196,-5.271],[123.181,-5.246],[123.159,-5.249],[123.152,-5.248],[123.114,-5.205],[123.091,-5.216],[123.104,-5.188],[123.082,-5.172],[123.059,-5.192],[123.068,-5.161],[123.033,-5.135],[123.002,-5.149],[122.944,-5.216],[122.919,-5.177],[122.954,-5.14]]]]},"id":7401},{"type":"Feature","properties":{"code":7415},"geometry":{"type":"MultiPolygon","coordinates":[[[[122.697,-6.198],[122.687,-6.178],[122.666,-6.184],[122.696,-6.211],[122.726,-6.205],[122.697,-6.198]]],[[[122.51,-5.624],[122.505,-5.646],[122.457,-5.692],[122.504,-5.698],[122.548,-5.681],[122.556,-5.652],[122.544,-5.627],[122.51,-5.624]]],[[[122.512,-5.597],[122.502,-5.595],[122.5,-5.599],[122.512,-5.597]]],[[[122.524,-5.5],[122.471,-5.53],[122.487,-5.561],[122.508,-5.558],[122.524,-5.5]]],[[[122.738,-5.491],[122.669,-5.496],[122.638,-5.514],[122.621,-5.505],[122.573,-5.538],[122.61,-5.654],[122.643,-5.698],[122.67,-5.685],[122.711,-5.619],[122.722,-5.628],[122.713,-5.681],[122.728,-5.689],[122.753,-5.639],[122.765,-5.666],[122.753,-5.694],[122.772,-5.702],[122.802,-5.695],[122.833,-5.639],[122.806,-5.531],[122.738,-5.491]]]]},"id":7415},{"type":"Feature","properties":{"code":7414},"geometry":{"type":"MultiPolygon","coordinates":[[[[121.939,-5.493],[121.939,-5.492],[121.938,-5.492],[121.939,-5.493]]],[[[122.063,-5.491],[122.046,-5.49],[121.992,-5.522],[122.028,-5.518],[122.063,-5.491]]],[[[121.941,-5.489],[121.936,-5.486],[121.94,-5.491],[121.941,-5.489]]],[[[122.075,-5.473],[122.07,-5.487],[122.085,-5.494],[122.089,-5.479],[122.075,-5.473]]],[[[121.954,-5.404],[121.947,-5.492],[122.049,-5.46],[122.044,-5.401],[121.954,-5.404]]],[[[122.316,-5.141],[122.303,-5.201],[122.315,-5.237],[122.265,-5.326],[122.278,-5.394],[122.365,-5.388],[122.381,-5.366],[122.376,-5.325],[122.434,-5.312],[122.449,-5.313],[122.382,-5.332],[122.396,-5.382],[122.413,-5.401],[122.464,-5.402],[122.468,-5.361],[122.483,-5.373],[122.498,-5.345],[122.479,-5.299],[122.539,-5.26],[122.52,-5.311],[122.539,-5.331],[122.512,-5.406],[122.519,-5.436],[122.546,-5.44],[122.566,-5.411],[122.594,-5.434],[122.594,-5.364],[122.616,-5.345],[122.618,-5.371],[122.639,-5.356],[122.646,-5.29],[122.623,-5.25],[122.577,-5.247],[122.626,-5.203],[122.561,-5.216],[122.52,-5.192],[122.504,-5.224],[122.441,-5.227],[122.366,-5.185],[122.354,-5.151],[122.316,-5.141]]]]},"id":7414},{"type":"Feature","properties":{"code":7409},"geometry":{"type":"MultiPolygon","coordinates":[[[[123.05,-4.825],[123.052,-4.824],[123.051,-4.823],[123.05,-4.825]]],[[[123.048,-4.809],[123.056,-4.804],[123.051,-4.802],[123.048,-4.809]]],[[[123.117,-4.797],[123.076,-4.796],[123.044,-4.814],[123.06,-4.812],[123.056,-4.83],[123.034,-4.833],[123.088,-4.853],[123.095,-4.829],[123.097,-4.847],[123.112,-4.847],[123.117,-4.797]]],[[[123.112,-4.796],[123.113,-4.785],[123.101,-4.792],[123.112,-4.796]]],[[[123.167,-4.785],[123.164,-4.787],[123.165,-4.79],[123.167,-4.785]]],[[[123.048,-4.778],[123.052,-4.78],[123.049,-4.777],[123.048,-4.778]]],[[[123.074,-4.772],[123.069,-4.775],[123.074,-4.775],[123.074,-4.772]]],[[[123.045,-4.774],[123.039,-4.777],[123.045,-4.778],[123.045,-4.774]]],[[[123.037,-4.77],[123.037,-4.768],[123.036,-4.768],[123.037,-4.77]]],[[[123.124,-4.775],[123.113,-4.768],[123.112,-4.781],[123.124,-4.775]]],[[[123.111,-4.765],[123.109,-4.765],[123.111,-4.769],[123.111,-4.765]]],[[[123.156,-4.773],[123.138,-4.769],[123.137,-4.76],[123.136,-4.773],[123.156,-4.773]]],[[[123.037,-4.767],[123.044,-4.766],[123.037,-4.759],[123.037,-4.767]]],[[[123.029,-4.766],[123.036,-4.759],[123.032,-4.754],[123.029,-4.766]]],[[[123.126,-4.76],[123.109,-4.749],[123.122,-4.765],[123.126,-4.76]]],[[[123.127,-4.728],[123.121,-4.74],[123.133,-4.747],[123.127,-4.728]]],[[[123.193,-4.673],[123.195,-4.673],[123.195,-4.672],[123.193,-4.673]]],[[[123.192,-4.664],[123.192,-4.667],[123.194,-4.665],[123.192,-4.664]]],[[[123.183,-4.675],[123.185,-4.662],[123.178,-4.672],[123.183,-4.675]]],[[[123.196,-4.641],[123.201,-4.641],[123.198,-4.635],[123.196,-4.641]]],[[[122.954,-5.14],[122.973,-5.115],[122.979,-5.059],[122.951,-5.019],[122.969,-4.952],[123.001,-4.936],[122.993,-4.826],[123.039,-4.801],[123.023,-4.765],[123.032,-4.745],[123.056,-4.77],[123.078,-4.743],[123.074,-4.786],[123.1,-4.794],[123.114,-4.695],[123.148,-4.728],[123.152,-4.745],[123.133,-4.757],[123.176,-4.77],[123.173,-4.836],[123.211,-4.863],[123.206,-4.675],[123.198,-4.656],[123.2,-4.694],[123.178,-4.674],[123.176,-4.662],[123.192,-4.617],[123.208,-4.613],[123.138,-4.482],[123.114,-4.483],[123.1,-4.454],[123.08,-4.459],[123.069,-4.432],[123.045,-4.424],[123.078,-4.401],[123.079,-4.366],[122.993,-4.394],[122.907,-4.46],[122.848,-4.591],[122.849,-4.609],[122.927,-4.612],[122.914,-4.797],[122.924,-4.857],[122.878,-5.026],[122.827,-5.095],[122.891,-5.106],[122.954,-5.14]]]]},"id":7409},{"type":"Feature","properties":{"code":3207},"geometry":{"type":"Polygon","coordinates":[[[108.442,-7.118],[108.359,-7.051],[108.34,-7.071],[108.321,-7.055],[108.169,-7.059],[108.221,-7.085],[108.219,-7.123],[108.19,-7.167],[108.188,-7.262],[108.277,-7.334],[108.405,-7.36],[108.395,-7.411],[108.42,-7.422],[108.421,-7.487],[108.442,-7.488],[108.434,-7.505],[108.485,-7.536],[108.518,-7.525],[108.542,-7.537],[108.52,-7.544],[108.528,-7.571],[108.549,-7.556],[108.577,-7.566],[108.622,-7.555],[108.653,-7.529],[108.647,-7.468],[108.696,-7.461],[108.704,-7.476],[108.723,-7.431],[108.687,-7.399],[108.667,-7.353],[108.65,-7.387],[108.63,-7.381],[108.615,-7.406],[108.59,-7.395],[108.569,-7.437],[108.469,-7.381],[108.469,-7.361],[108.489,-7.349],[108.522,-7.358],[108.55,-7.341],[108.585,-7.218],[108.52,-7.174],[108.508,-7.129],[108.442,-7.118]]]},"id":3207},{"type":"Feature","properties":{"code":3203},"geometry":{"type":"Polygon","coordinates":[[[107.315,-7.153],[107.306,-7.09],[107.252,-7.048],[107.181,-7.058],[107.195,-7.021],[107.19,-6.968],[107.218,-6.94],[107.278,-6.925],[107.341,-6.886],[107.349,-6.865],[107.342,-6.848],[107.325,-6.852],[107.313,-6.8],[107.273,-6.767],[107.253,-6.788],[107.255,-6.792],[107.25,-6.795],[107.252,-6.796],[107.25,-6.799],[107.252,-6.803],[107.25,-6.805],[107.251,-6.803],[107.249,-6.803],[107.251,-6.789],[107.262,-6.774],[107.261,-6.756],[107.284,-6.751],[107.265,-6.741],[107.255,-6.754],[107.25,-6.755],[107.253,-6.738],[107.275,-6.74],[107.254,-6.734],[107.25,-6.713],[107.285,-6.715],[107.246,-6.69],[107.263,-6.635],[107.227,-6.602],[107.215,-6.637],[107.169,-6.638],[107.134,-6.67],[107.051,-6.656],[106.99,-6.668],[107.006,-6.692],[106.998,-6.731],[106.965,-6.77],[107.032,-6.873],[107.065,-6.964],[107.046,-6.96],[107.033,-6.976],[107.049,-7.004],[107.038,-7.043],[106.975,-7.013],[106.943,-7.074],[106.937,-7.122],[106.965,-7.144],[106.957,-7.164],[106.982,-7.222],[106.96,-7.26],[106.975,-7.284],[106.967,-7.312],[106.94,-7.317],[106.934,-7.334],[106.915,-7.322],[106.909,-7.349],[106.895,-7.341],[106.875,-7.363],[106.823,-7.362],[106.777,-7.401],[106.791,-7.437],[106.883,-7.43],[107.423,-7.505],[107.431,-7.423],[107.473,-7.401],[107.484,-7.356],[107.454,-7.292],[107.476,-7.256],[107.424,-7.26],[107.346,-7.238],[107.325,-7.203],[107.251,-7.207],[107.315,-7.153]]]},"id":3203},{"type":"Feature","properties":{"code":3301},"geometry":{"type":"Polygon","coordinates":[[[108.967,-7.332],[108.928,-7.317],[108.893,-7.275],[108.865,-7.272],[108.852,-7.253],[108.864,-7.243],[108.818,-7.231],[108.81,-7.203],[108.79,-7.213],[108.75,-7.187],[108.723,-7.193],[108.693,-7.151],[108.625,-7.139],[108.562,-7.171],[108.557,-7.192],[108.581,-7.206],[108.585,-7.242],[108.555,-7.288],[108.558,-7.335],[108.583,-7.349],[108.661,-7.342],[108.687,-7.399],[108.723,-7.431],[108.712,-7.457],[108.754,-7.559],[108.732,-7.613],[108.801,-7.674],[108.782,-7.702],[108.8,-7.717],[108.785,-7.735],[109.04,-7.784],[109.043,-7.76],[109.017,-7.754],[109.023,-7.727],[109.088,-7.687],[109.289,-7.7],[109.391,-7.725],[109.386,-7.66],[109.358,-7.64],[109.263,-7.62],[109.268,-7.592],[109.214,-7.564],[109.172,-7.552],[109.159,-7.577],[109.067,-7.573],[109.058,-7.556],[109.002,-7.543],[109.004,-7.529],[108.973,-7.518],[108.959,-7.469],[108.901,-7.474],[108.891,-7.448],[108.931,-7.431],[108.935,-7.39],[108.967,-7.332]]]},"id":3301},{"type":"Feature","properties":{"code":3209},"geometry":{"type":"MultiPolygon","coordinates":[[[[108.685,-6.769],[108.683,-6.768],[108.681,-6.771],[108.685,-6.769]]],[[[108.824,-6.832],[108.842,-6.733],[108.804,-6.758],[108.795,-6.791],[108.749,-6.814],[108.685,-6.8],[108.676,-6.764],[108.651,-6.748],[108.629,-6.77],[108.602,-6.763],[108.594,-6.745],[108.57,-6.75],[108.541,-6.793],[108.518,-6.736],[108.547,-6.726],[108.542,-6.696],[108.562,-6.691],[108.539,-6.516],[108.454,-6.573],[108.445,-6.529],[108.417,-6.524],[108.36,-6.555],[108.328,-6.598],[108.323,-6.62],[108.345,-6.625],[108.339,-6.674],[108.368,-6.697],[108.364,-6.759],[108.404,-6.787],[108.453,-6.784],[108.455,-6.799],[108.512,-6.791],[108.508,-6.851],[108.523,-6.87],[108.599,-6.903],[108.655,-6.901],[108.655,-6.936],[108.682,-6.923],[108.715,-6.943],[108.717,-6.994],[108.736,-7.006],[108.762,-6.97],[108.761,-6.895],[108.778,-6.875],[108.792,-6.88],[108.824,-6.832]]]]},"id":3209},{"type":"Feature","properties":{"code":1210},"geometry":{"type":"Polygon","coordinates":[[[97.935,2.989],[97.964,2.973],[97.948,2.895],[98.006,2.872],[98.049,2.823],[98.099,2.822],[98.105,2.79],[98.197,2.735],[98.251,2.708],[98.271,2.72],[98.328,2.696],[98.356,2.66],[98.419,2.637],[98.466,2.552],[98.49,2.546],[98.554,2.583],[98.578,2.735],[98.562,2.769],[98.528,2.793],[98.524,2.873],[98.489,2.869],[98.439,2.89],[98.429,2.917],[98.368,2.932],[98.344,2.966],[98.295,2.965],[98.248,2.931],[98.206,2.972],[98.198,3.045],[98.173,3.079],[98.139,3.048],[98.109,3.055],[98.035,3.123],[98.038,3.078],[97.991,3.091],[97.96,3.065],[97.932,3.069],[97.946,3.005],[97.935,2.989]]]},"id":1210},{"type":"Feature","properties":{"code":9603},"geometry":{"type":"Polygon","coordinates":[[[136.73,-4.126],[136.693,-4.107],[136.678,-4.041],[136.647,-4.025],[136.227,-3.992],[136.192,-4.027],[136.16,-4.017],[136.121,-4.031],[136.094,-4.065],[136.085,-4.224],[136.094,-4.254],[136.174,-4.238],[136.249,-4.295],[136.268,-4.259],[136.328,-4.272],[136.342,-4.296],[136.425,-4.293],[136.427,-4.319],[136.486,-4.316],[136.536,-4.293],[136.489,-4.212],[136.67,-4.217],[136.703,-4.189],[136.73,-4.126]]]},"id":9603},{"type":"Feature","properties":{"code":1212},"geometry":{"type":"Polygon","coordinates":[[[98.71,3.794],[98.691,3.885],[98.698,3.873],[98.688,3.894],[98.668,3.909],[98.601,3.868],[98.6,3.834],[98.583,3.834],[98.515,3.759],[98.501,3.672],[98.518,3.667],[98.51,3.633],[98.532,3.62],[98.536,3.572],[98.5,3.569],[98.524,3.522],[98.495,3.39],[98.509,3.308],[98.47,3.277],[98.465,3.23],[98.537,3.238],[98.559,3.199],[98.622,3.232],[98.601,3.162],[98.629,3.117],[98.605,3.104],[98.624,3.063],[98.673,3.071],[98.69,3.05],[98.705,3.063],[98.73,3.22],[98.748,3.218],[98.796,3.298],[98.844,3.337],[98.919,3.367],[98.914,3.448],[98.936,3.515],[98.918,3.599],[98.949,3.664],[98.782,3.726],[98.747,3.766],[98.707,3.772],[98.704,3.74],[98.73,3.72],[98.704,3.715],[98.703,3.667],[98.668,3.671],[98.702,3.662],[98.693,3.626],[98.709,3.626],[98.706,3.602],[98.741,3.599],[98.72,3.551],[98.744,3.528],[98.657,3.522],[98.644,3.488],[98.625,3.518],[98.6,3.49],[98.593,3.54],[98.612,3.562],[98.599,3.62],[98.652,3.615],[98.666,3.635],[98.657,3.674],[98.624,3.699],[98.653,3.737],[98.627,3.767],[98.653,3.781],[98.68,3.767],[98.681,3.788],[98.71,3.794]]]},"id":1212},{"type":"Feature","properties":{"code":3321},"geometry":{"type":"Polygon","coordinates":[[[110.759,-6.791],[110.704,-6.794],[110.695,-6.768],[110.666,-6.764],[110.664,-6.716],[110.618,-6.706],[110.574,-6.735],[110.564,-6.718],[110.55,-6.725],[110.56,-6.751],[110.538,-6.752],[110.575,-6.772],[110.463,-6.931],[110.502,-6.958],[110.49,-7.004],[110.503,-7.014],[110.48,-7.053],[110.5,-7.067],[110.477,-7.085],[110.499,-7.096],[110.505,-7.123],[110.558,-7.139],[110.593,-7.123],[110.561,-7.09],[110.593,-7.067],[110.622,-6.981],[110.671,-6.976],[110.673,-7.008],[110.69,-7.021],[110.669,-7.054],[110.693,-7.018],[110.729,-7.032],[110.762,-7.021],[110.775,-7.001],[110.763,-7.0],[110.774,-6.975],[110.763,-6.968],[110.776,-6.964],[110.785,-6.911],[110.838,-6.847],[110.799,-6.838],[110.759,-6.791]]]},"id":3321},{"type":"Feature","properties":{"code":1311},"geometry":{"type":"Polygon","coordinates":[[[101.884,-1.134],[101.891,-1.1],[101.876,-1.093],[101.867,-1.111],[101.849,-1.099],[101.84,-1.112],[101.824,-1.088],[101.821,-0.995],[101.833,-0.981],[101.798,-0.968],[101.755,-0.974],[101.69,-0.941],[101.713,-0.9],[101.711,-0.864],[101.688,-0.87],[101.653,-0.828],[101.558,-0.834],[101.494,-0.805],[101.464,-0.839],[101.439,-0.84],[101.405,-0.887],[101.41,-0.921],[101.427,-0.931],[101.375,-0.939],[101.351,-0.923],[101.353,-0.947],[101.337,-0.958],[101.273,-0.949],[101.194,-0.905],[101.187,-0.95],[101.202,-0.978],[101.177,-1.032],[101.145,-1.034],[101.168,-1.102],[101.195,-1.107],[101.236,-1.151],[101.348,-1.133],[101.343,-1.044],[101.404,-1.037],[101.429,-1.004],[101.453,-1.012],[101.44,-1.087],[101.403,-1.148],[101.408,-1.18],[101.449,-1.21],[101.467,-1.282],[101.523,-1.304],[101.514,-1.338],[101.585,-1.326],[101.67,-1.388],[101.607,-1.437],[101.558,-1.445],[101.525,-1.485],[101.539,-1.513],[101.508,-1.572],[101.432,-1.639],[101.437,-1.695],[101.48,-1.673],[101.501,-1.679],[101.549,-1.596],[101.67,-1.508],[101.723,-1.438],[101.696,-1.394],[101.724,-1.361],[101.695,-1.291],[101.721,-1.241],[101.813,-1.22],[101.884,-1.134]]]},"id":1311},{"type":"Feature","properties":{"code":9602},"geometry":{"type":"Polygon","coordinates":[[[136.227,-3.992],[136.227,-3.951],[136.19,-3.929],[136.081,-3.735],[136.056,-3.722],[136.02,-3.734],[135.992,-3.767],[135.885,-3.783],[135.866,-3.84],[135.691,-3.865],[135.6,-3.907],[135.579,-3.934],[135.547,-3.932],[135.461,-3.867],[135.377,-3.866],[135.202,-3.819],[135.047,-4.045],[135.065,-4.149],[135.298,-4.155],[135.335,-4.177],[135.364,-4.157],[135.398,-4.16],[135.441,-4.192],[135.617,-4.218],[135.686,-4.19],[135.813,-4.225],[135.957,-4.227],[135.984,-4.256],[136.049,-4.258],[136.07,-4.276],[136.094,-4.254],[136.094,-4.065],[136.121,-4.031],[136.16,-4.017],[136.192,-4.027],[136.227,-3.992]]]},"id":9602},{"type":"Feature","properties":{"code":5205},"geometry":{"type":"MultiPolygon","coordinates":[[[[118.423,-8.67],[118.424,-8.668],[118.423,-8.669],[118.423,-8.67]]],[[[118.192,-8.648],[118.193,-8.648],[118.191,-8.647],[118.192,-8.648]]],[[[118.225,-8.648],[118.213,-8.649],[118.223,-8.658],[118.225,-8.648]]],[[[118.225,-8.647],[118.228,-8.645],[118.226,-8.644],[118.225,-8.647]]],[[[118.194,-8.642],[118.194,-8.639],[118.193,-8.64],[118.194,-8.642]]],[[[118.213,-8.638],[118.201,-8.638],[118.194,-8.648],[118.209,-8.654],[118.213,-8.638]]],[[[118.227,-8.638],[118.22,-8.637],[118.223,-8.646],[118.227,-8.638]]],[[[118.391,-8.616],[118.396,-8.617],[118.395,-8.612],[118.391,-8.616]]],[[[118.2,-8.597],[118.2,-8.595],[118.199,-8.595],[118.2,-8.597]]],[[[118.443,-8.268],[118.388,-8.304],[118.386,-8.331],[118.322,-8.36],[118.322,-8.405],[118.298,-8.428],[118.242,-8.441],[118.205,-8.436],[118.103,-8.377],[117.919,-8.213],[117.851,-8.213],[117.765,-8.143],[117.723,-8.15],[117.709,-8.22],[117.69,-8.234],[117.764,-8.289],[117.817,-8.368],[117.846,-8.371],[117.98,-8.464],[118.082,-8.45],[118.105,-8.495],[118.13,-8.482],[118.142,-8.513],[118.18,-8.532],[118.193,-8.57],[118.229,-8.551],[118.25,-8.587],[118.278,-8.59],[118.287,-8.625],[118.264,-8.642],[118.27,-8.657],[118.257,-8.651],[118.248,-8.666],[118.24,-8.65],[118.203,-8.672],[118.175,-8.654],[118.188,-8.705],[118.313,-8.693],[118.333,-8.712],[118.353,-8.684],[118.377,-8.694],[118.406,-8.672],[118.385,-8.653],[118.387,-8.609],[118.395,-8.607],[118.398,-8.62],[118.421,-8.624],[118.428,-8.72],[118.407,-8.759],[118.371,-8.779],[118.379,-8.828],[118.417,-8.871],[118.467,-8.889],[118.513,-8.715],[118.536,-8.681],[118.491,-8.535],[118.514,-8.51],[118.501,-8.444],[118.542,-8.394],[118.443,-8.268]]],[[[117.747,-8.098],[117.735,-8.107],[117.751,-8.121],[117.76,-8.109],[117.747,-8.098]]]]},"id":5205},{"type":"Feature","properties":{"code":7205},"geometry":{"type":"MultiPolygon","coordinates":[[[[119.656,-0.79],[119.652,-0.795],[119.655,-0.794],[119.656,-0.79]]],[[[119.805,-0.802],[119.76,-0.682],[119.732,-0.644],[119.709,-0.684],[119.66,-0.716],[119.686,-0.747],[119.682,-0.768],[119.656,-0.781],[119.662,-0.801],[119.648,-0.805],[119.652,-0.784],[119.622,-0.8],[119.613,-0.834],[119.561,-0.851],[119.572,-0.879],[119.553,-0.938],[119.556,-1.009],[119.575,-1.018],[119.593,-1.124],[119.605,-1.118],[119.61,-1.135],[119.603,-1.159],[119.572,-1.148],[119.564,-1.201],[119.542,-1.2],[119.523,-1.251],[119.473,-1.297],[119.481,-1.309],[119.523,-1.294],[119.519,-1.315],[119.464,-1.318],[119.447,-1.34],[119.478,-1.398],[119.502,-1.392],[119.509,-1.416],[119.518,-1.412],[119.508,-1.45],[119.542,-1.421],[119.546,-1.437],[119.582,-1.425],[119.592,-1.396],[119.641,-1.404],[119.697,-1.452],[119.727,-1.42],[119.763,-1.423],[119.728,-1.347],[119.75,-1.29],[119.744,-1.255],[119.805,-1.142],[119.804,-1.088],[119.753,-1.008],[119.682,-1.014],[119.66,-0.988],[119.649,-0.993],[119.647,-0.969],[119.654,-0.951],[119.705,-0.935],[119.731,-0.9],[119.745,-0.919],[119.784,-0.904],[119.768,-0.893],[119.759,-0.834],[119.805,-0.802]]],[[[119.798,-0.06],[119.8,-0.059],[119.799,-0.058],[119.798,-0.06]]],[[[119.8,-0.054],[119.805,-0.051],[119.802,-0.049],[119.8,-0.054]]],[[[119.805,-0.049],[119.807,-0.046],[119.804,-0.048],[119.805,-0.049]]],[[[119.8,-0.038],[119.795,-0.038],[119.803,-0.046],[119.8,-0.038]]],[[[119.788,-0.016],[119.786,-0.015],[119.782,-0.019],[119.788,-0.016]]],[[[119.62,0.087],[119.621,0.095],[119.618,0.098],[119.62,0.087]]],[[[119.899,0.482],[119.903,0.493],[119.891,0.491],[119.899,0.482]]],[[[119.859,0.532],[119.85,0.521],[119.851,0.505],[119.878,0.52],[119.859,0.532]]],[[[119.798,0.576],[119.791,0.576],[119.798,0.573],[119.798,0.576]]],[[[120.08,0.747],[120.078,0.748],[120.078,0.747],[120.08,0.747]]],[[[120.137,0.745],[120.072,0.74],[120.054,0.712],[120.038,0.717],[120.038,0.694],[120.016,0.67],[120.046,0.513],[120.001,0.483],[119.906,0.481],[119.882,0.458],[119.888,0.394],[119.845,0.335],[119.872,0.293],[119.89,0.296],[119.901,0.22],[119.834,0.216],[119.808,0.236],[119.77,0.212],[119.795,0.171],[119.863,0.115],[119.878,0.077],[119.882,-0.021],[119.841,-0.098],[119.822,-0.116],[119.777,-0.114],[119.768,-0.076],[119.738,-0.061],[119.732,-0.021],[119.665,0.019],[119.666,-0.017],[119.605,-0.007],[119.653,-0.094],[119.703,-0.136],[119.737,-0.142],[119.793,-0.121],[119.81,-0.136],[119.798,-0.155],[119.818,-0.195],[119.751,-0.364],[119.764,-0.4],[119.759,-0.497],[119.788,-0.596],[119.811,-0.628],[119.822,-0.688],[119.843,-0.696],[119.859,-0.658],[119.928,-0.635],[119.871,-0.695],[119.918,-0.698],[119.954,-0.68],[119.96,-0.698],[119.877,-0.727],[119.895,-0.751],[119.874,-0.769],[119.974,-0.808],[120.014,-0.794],[120.036,-0.848],[120.044,-0.829],[120.017,-0.75],[120.032,-0.684],[120.019,-0.641],[120.002,-0.633],[120.001,-0.591],[119.931,-0.504],[119.941,-0.46],[119.922,-0.443],[119.913,-0.37],[119.928,-0.303],[119.904,-0.27],[119.937,-0.209],[119.899,-0.139],[119.947,-0.071],[119.94,-0.011],[119.961,0.084],[120.001,0.123],[120.037,0.128],[120.045,0.172],[120.095,0.206],[120.096,0.244],[120.054,0.286],[120.056,0.334],[120.075,0.346],[120.082,0.385],[120.126,0.408],[120.113,0.429],[120.129,0.458],[120.156,0.468],[120.158,0.531],[120.203,0.574],[120.196,0.7],[120.137,0.745]]]]},"id":7205},{"type":"Feature","properties":{"code":1611},"geometry":{"type":"Polygon","coordinates":[[[102.991,-3.412],[102.99,-3.516],[102.946,-3.535],[102.935,-3.578],[102.902,-3.616],[102.86,-3.548],[102.81,-3.53],[102.794,-3.585],[102.808,-3.609],[102.752,-3.666],[102.738,-3.747],[102.655,-3.771],[102.618,-3.801],[102.659,-3.817],[102.689,-3.861],[102.775,-3.915],[102.816,-3.981],[102.845,-3.976],[102.86,-3.992],[102.911,-3.971],[102.962,-4.02],[103.085,-4.007],[103.114,-4.022],[103.142,-3.978],[103.143,-3.944],[103.128,-3.946],[103.108,-3.919],[103.107,-3.881],[103.171,-3.8],[103.145,-3.75],[103.157,-3.674],[103.127,-3.652],[103.125,-3.603],[103.163,-3.549],[103.169,-3.506],[103.194,-3.489],[103.176,-3.463],[103.111,-3.487],[103.047,-3.426],[102.991,-3.412]]]},"id":1611},{"type":"Feature","properties":{"code":5311},"geometry":{"type":"MultiPolygon","coordinates":[[[[121.528,-8.855],[121.508,-8.884],[121.516,-8.907],[121.534,-8.888],[121.528,-8.855]]],[[[122.006,-8.513],[122.024,-8.44],[121.983,-8.446],[121.955,-8.473],[121.957,-8.443],[121.913,-8.495],[121.871,-8.498],[121.843,-8.482],[121.8,-8.51],[121.725,-8.494],[121.68,-8.512],[121.665,-8.493],[121.641,-8.498],[121.644,-8.478],[121.619,-8.471],[121.602,-8.506],[121.611,-8.558],[121.57,-8.53],[121.578,-8.575],[121.553,-8.575],[121.538,-8.601],[121.525,-8.595],[121.519,-8.635],[121.432,-8.67],[121.396,-8.716],[121.416,-8.744],[121.415,-8.794],[121.586,-8.802],[121.64,-8.839],[121.624,-8.892],[121.643,-8.905],[121.672,-8.847],[121.775,-8.883],[121.861,-8.835],[121.997,-8.805],[121.99,-8.755],[121.951,-8.752],[121.926,-8.71],[121.958,-8.67],[121.962,-8.616],[121.984,-8.609],[121.976,-8.55],[122.006,-8.513]]]]},"id":5311},{"type":"Feature","properties":{"code":7316},"geometry":{"type":"Polygon","coordinates":[[[120.033,-3.373],[119.995,-3.302],[119.949,-3.296],[119.906,-3.259],[119.881,-3.256],[119.85,-3.28],[119.831,-3.248],[119.782,-3.24],[119.77,-3.274],[119.716,-3.298],[119.729,-3.329],[119.721,-3.352],[119.69,-3.36],[119.702,-3.424],[119.685,-3.445],[119.705,-3.473],[119.722,-3.646],[119.76,-3.671],[119.759,-3.699],[119.796,-3.723],[119.868,-3.816],[119.901,-3.824],[119.967,-3.796],[119.94,-3.761],[119.922,-3.685],[119.95,-3.66],[119.995,-3.659],[119.991,-3.629],[120.015,-3.609],[120.041,-3.541],[120.097,-3.497],[120.098,-3.475],[120.053,-3.404],[120.018,-3.386],[120.033,-3.373]]]},"id":7316},{"type":"Feature","properties":{"code":9101},"geometry":{"type":"MultiPolygon","coordinates":[[[[132.766,-3.539],[132.769,-3.512],[132.762,-3.501],[132.752,-3.528],[132.766,-3.539]]],[[[132.766,-3.484],[132.761,-3.459],[132.757,-3.458],[132.752,-3.486],[132.766,-3.484]]],[[[132.651,-3.404],[132.633,-3.409],[132.632,-3.427],[132.683,-3.456],[132.68,-3.495],[132.697,-3.515],[132.722,-3.512],[132.715,-3.468],[132.651,-3.404]]],[[[132.804,-3.314],[132.814,-3.309],[132.809,-3.303],[132.804,-3.314]]],[[[132.504,-3.117],[132.44,-3.102],[132.478,-3.136],[132.546,-3.153],[132.504,-3.117]]],[[[132.135,-2.976],[132.131,-2.969],[132.113,-2.972],[132.135,-2.976]]],[[[132.249,-2.971],[132.171,-2.972],[132.321,-2.996],[132.249,-2.971]]],[[[132.01,-2.943],[132.0,-2.949],[132.013,-2.95],[132.01,-2.943]]],[[[132.12,-2.945],[132.12,-2.942],[132.118,-2.942],[132.12,-2.945]]],[[[132.075,-2.702],[132.082,-2.682],[132.054,-2.694],[132.056,-2.702],[132.075,-2.702]]],[[[132.493,-2.674],[132.491,-2.67],[132.487,-2.673],[132.493,-2.674]]],[[[132.447,-2.649],[132.444,-2.645],[132.443,-2.648],[132.447,-2.649]]],[[[132.575,-2.65],[132.545,-2.643],[132.539,-2.649],[132.549,-2.658],[132.575,-2.65]]],[[[132.445,-2.643],[132.45,-2.642],[132.445,-2.641],[132.445,-2.643]]],[[[132.501,-2.632],[132.458,-2.635],[132.463,-2.668],[132.511,-2.65],[132.501,-2.632]]],[[[132.464,-2.625],[132.463,-2.622],[132.462,-2.627],[132.464,-2.625]]],[[[132.43,-2.621],[132.429,-2.618],[132.428,-2.62],[132.43,-2.621]]],[[[132.437,-2.621],[132.436,-2.618],[132.435,-2.622],[132.437,-2.621]]],[[[132.447,-2.62],[132.447,-2.617],[132.444,-2.617],[132.447,-2.62]]],[[[132.405,-2.609],[132.413,-2.605],[132.406,-2.604],[132.405,-2.609]]],[[[133.678,-3.004],[133.499,-2.856],[133.382,-2.791],[133.041,-2.514],[132.889,-2.693],[132.792,-2.786],[132.744,-2.806],[132.696,-2.791],[132.641,-2.728],[132.588,-2.695],[132.488,-2.683],[132.471,-2.693],[132.496,-2.711],[132.469,-2.711],[132.435,-2.74],[132.458,-2.715],[132.42,-2.7],[132.44,-2.679],[132.395,-2.689],[132.356,-2.668],[132.23,-2.655],[132.143,-2.666],[132.112,-2.691],[132.199,-2.707],[132.146,-2.723],[132.129,-2.712],[132.122,-2.727],[132.098,-2.709],[132.089,-2.721],[132.109,-2.735],[132.098,-2.748],[132.073,-2.727],[132.067,-2.751],[132.051,-2.731],[131.998,-2.761],[132.003,-2.781],[132.033,-2.771],[132.068,-2.788],[132.005,-2.82],[132.008,-2.836],[132.039,-2.839],[132.022,-2.854],[132.029,-2.878],[131.999,-2.888],[132.031,-2.901],[132.044,-2.927],[132.059,-2.89],[132.086,-2.963],[132.118,-2.954],[132.105,-2.932],[132.145,-2.945],[132.184,-2.922],[132.202,-2.933],[132.207,-2.911],[132.27,-2.933],[132.28,-2.922],[132.309,-2.935],[132.314,-2.923],[132.314,-2.938],[132.343,-2.952],[132.352,-2.939],[132.351,-2.968],[132.42,-2.995],[132.561,-3.112],[132.577,-3.137],[132.555,-3.137],[132.558,-3.157],[132.64,-3.188],[132.641,-3.223],[132.598,-3.234],[132.642,-3.271],[132.666,-3.321],[132.733,-3.341],[132.732,-3.285],[132.776,-3.263],[132.789,-3.282],[132.8,-3.277],[132.79,-3.268],[132.813,-3.268],[132.813,-3.298],[132.845,-3.304],[132.803,-3.365],[132.82,-3.453],[132.858,-3.483],[132.901,-3.47],[132.888,-3.491],[132.905,-3.537],[132.927,-3.542],[132.912,-3.553],[132.945,-3.561],[132.909,-3.584],[132.896,-3.65],[132.753,-3.632],[132.73,-3.642],[132.736,-3.692],[132.787,-3.796],[132.783,-3.833],[132.825,-3.891],[133.123,-3.588],[133.354,-3.298],[133.678,-3.004]]]]},"id":9101},{"type":"Feature","properties":{"code":5309},"geometry":{"type":"MultiPolygon","coordinates":[[[[122.846,-8.604],[122.844,-8.602],[122.843,-8.603],[122.846,-8.604]]],[[[122.803,-8.453],[122.794,-8.448],[122.795,-8.457],[122.803,-8.453]]],[[[123.146,-8.424],[123.021,-8.448],[122.976,-8.436],[122.945,-8.493],[122.885,-8.523],[122.871,-8.586],[122.891,-8.611],[122.924,-8.604],[122.983,-8.506],[123.021,-8.476],[123.065,-8.491],[123.148,-8.461],[123.168,-8.436],[123.146,-8.424]]],[[[123.328,-8.253],[123.332,-8.252],[123.328,-8.248],[123.328,-8.253]]],[[[123.332,-8.251],[123.339,-8.25],[123.333,-8.246],[123.332,-8.251]]],[[[123.211,-8.225],[123.181,-8.24],[123.141,-8.233],[123.032,-8.307],[122.999,-8.368],[123.0,-8.41],[123.053,-8.398],[123.069,-8.411],[123.179,-8.385],[123.294,-8.388],[123.305,-8.296],[123.333,-8.264],[123.276,-8.25],[123.243,-8.225],[123.218,-8.243],[123.211,-8.225]]],[[[122.654,-8.637],[122.677,-8.622],[122.725,-8.633],[122.737,-8.608],[122.779,-8.612],[122.831,-8.589],[122.842,-8.542],[122.79,-8.484],[122.783,-8.422],[122.86,-8.452],[122.887,-8.448],[122.878,-8.384],[122.913,-8.328],[122.964,-8.351],[123.019,-8.317],[123.018,-8.281],[122.982,-8.251],[122.979,-8.215],[122.956,-8.196],[122.972,-8.134],[122.866,-8.063],[122.844,-8.07],[122.83,-8.096],[122.782,-8.107],[122.784,-8.15],[122.732,-8.226],[122.787,-8.235],[122.809,-8.198],[122.866,-8.176],[122.9,-8.175],[122.939,-8.199],[122.912,-8.217],[122.881,-8.288],[122.811,-8.297],[122.765,-8.363],[122.723,-8.36],[122.682,-8.383],[122.673,-8.459],[122.686,-8.484],[122.655,-8.562],[122.654,-8.637]]]]},"id":5309},{"type":"Feature","properties":{"code":3205},"geometry":{"type":"Polygon","coordinates":[[[107.476,-7.256],[107.454,-7.292],[107.484,-7.356],[107.473,-7.401],[107.431,-7.423],[107.423,-7.505],[107.473,-7.518],[107.483,-7.539],[107.605,-7.573],[107.673,-7.626],[107.69,-7.668],[107.81,-7.687],[107.834,-7.705],[107.843,-7.735],[107.899,-7.739],[107.931,-7.686],[107.916,-7.597],[107.94,-7.581],[107.931,-7.56],[107.946,-7.541],[107.953,-7.46],[107.948,-7.401],[107.904,-7.362],[107.946,-7.33],[107.922,-7.288],[107.979,-7.272],[108.018,-7.23],[108.062,-7.223],[108.084,-7.162],[108.068,-7.13],[108.098,-7.102],[108.122,-7.114],[108.117,-7.077],[108.135,-7.05],[108.1,-7.019],[108.087,-6.98],[108.042,-6.996],[107.915,-6.945],[107.916,-6.967],[107.889,-6.982],[107.907,-6.992],[107.91,-7.036],[107.93,-7.032],[107.926,-7.052],[107.849,-7.058],[107.809,-7.101],[107.797,-7.157],[107.739,-7.167],[107.721,-7.197],[107.731,-7.213],[107.707,-7.228],[107.71,-7.248],[107.739,-7.266],[107.722,-7.314],[107.676,-7.316],[107.657,-7.289],[107.605,-7.307],[107.599,-7.282],[107.557,-7.251],[107.476,-7.256]]]},"id":3205},{"type":"Feature","properties":{"code":1113},"geometry":{"type":"Polygon","coordinates":[[[97.153,3.745],[97.206,3.693],[97.304,3.676],[97.511,3.7],[97.635,3.733],[97.824,3.749],[97.922,3.845],[97.899,3.935],[97.861,3.922],[97.789,4.023],[97.778,4.106],[97.72,4.169],[97.717,4.247],[97.668,4.242],[97.644,4.219],[97.601,4.253],[97.576,4.182],[97.53,4.193],[97.5,4.155],[97.404,4.18],[97.356,4.21],[97.251,4.17],[97.217,4.235],[97.161,4.28],[97.067,4.219],[96.95,4.186],[96.887,4.221],[96.828,4.281],[96.793,4.285],[96.802,4.223],[96.751,4.17],[96.724,4.096],[96.747,4.094],[96.788,4.055],[96.804,3.99],[96.835,3.959],[96.98,3.942],[97.042,3.96],[97.102,3.946],[97.117,3.921],[97.105,3.844],[97.153,3.745]]]},"id":1113},{"type":"Feature","properties":{"code":5104},"geometry":{"type":"Polygon","coordinates":[[[115.242,-8.603],[115.274,-8.65],[115.37,-8.574],[115.36,-8.524],[115.336,-8.523],[115.324,-8.49],[115.328,-8.33],[115.291,-8.332],[115.284,-8.314],[115.262,-8.332],[115.262,-8.319],[115.247,-8.317],[115.225,-8.388],[115.244,-8.478],[115.229,-8.525],[115.249,-8.57],[115.242,-8.603]]]},"id":5104},{"type":"Feature","properties":{"code":7502},"geometry":{"type":"Polygon","coordinates":[[[122.629,0.534],[122.684,0.504],[122.692,0.473],[122.822,0.498],[122.988,0.484],[123.042,0.496],[122.994,0.551],[123.03,0.546],[123.026,0.563],[123.074,0.608],[123.036,0.628],[123.08,0.695],[123.069,0.803],[123.037,0.782],[123.014,0.79],[122.967,0.716],[122.931,0.712],[122.916,0.689],[122.9,0.699],[122.901,0.758],[122.805,0.751],[122.755,0.764],[122.644,0.848],[122.599,0.847],[122.582,0.872],[122.418,0.885],[122.313,0.931],[122.295,0.912],[122.255,0.923],[122.247,0.853],[122.264,0.844],[122.244,0.813],[122.251,0.79],[122.282,0.779],[122.34,0.794],[122.398,0.761],[122.443,0.765],[122.501,0.735],[122.506,0.708],[122.546,0.7],[122.569,0.66],[122.601,0.649],[122.639,0.566],[122.629,0.534]]]},"id":7502},{"type":"Feature","properties":{"code":7505},"geometry":{"type":"MultiPolygon","coordinates":[[[[122.806,0.865],[122.805,0.864],[122.809,0.86],[122.806,0.865]]],[[[122.8,0.868],[122.799,0.867],[122.802,0.866],[122.8,0.868]]],[[[122.72,0.882],[122.718,0.882],[122.719,0.881],[122.72,0.882]]],[[[122.742,0.885],[122.738,0.885],[122.742,0.882],[122.742,0.885]]],[[[122.891,0.89],[122.852,0.896],[122.88,0.889],[122.891,0.853],[122.891,0.89]]],[[[122.771,0.913],[122.756,0.905],[122.806,0.874],[122.813,0.892],[122.771,0.913]]],[[[122.522,0.986],[122.525,0.988],[122.522,0.993],[122.522,0.986]]],[[[122.497,0.99],[122.497,0.993],[122.495,0.992],[122.497,0.99]]],[[[122.506,1.004],[122.506,1.002],[122.507,1.003],[122.506,1.004]]],[[[122.44,1.005],[122.436,1.003],[122.44,1.002],[122.44,1.005]]],[[[122.209,0.899],[122.26,0.925],[122.295,0.912],[122.313,0.931],[122.418,0.885],[122.582,0.872],[122.599,0.847],[122.644,0.848],[122.755,0.764],[122.805,0.751],[122.901,0.758],[122.9,0.699],[122.916,0.689],[122.931,0.712],[122.967,0.716],[123.014,0.79],[123.037,0.782],[123.084,0.805],[123.123,0.787],[123.134,0.765],[123.159,0.776],[123.168,0.753],[123.251,0.753],[123.274,0.787],[123.206,0.856],[123.12,0.889],[123.114,0.926],[123.094,0.93],[123.086,0.906],[123.083,0.93],[123.067,0.916],[123.046,0.939],[123.019,0.933],[122.986,0.967],[122.938,0.958],[122.945,0.937],[122.975,0.936],[122.95,0.922],[122.95,0.894],[122.921,0.86],[122.861,0.827],[122.848,0.8],[122.823,0.839],[122.796,0.834],[122.789,0.849],[122.803,0.847],[122.774,0.878],[122.766,0.861],[122.739,0.88],[122.713,0.867],[122.715,0.881],[122.722,0.886],[122.688,0.893],[122.649,0.948],[122.639,0.941],[122.624,0.963],[122.609,0.944],[122.492,0.987],[122.452,1.031],[122.439,1.021],[122.444,0.998],[122.432,0.993],[122.393,1.013],[122.364,0.995],[122.335,1.04],[122.315,1.005],[122.241,1.01],[122.231,0.992],[122.222,1.025],[122.175,1.036],[122.042,0.989],[121.988,0.935],[121.982,0.907],[122.03,0.885],[122.105,0.933],[122.117,0.905],[122.169,0.913],[122.209,0.899]]]]},"id":7505},{"type":"Feature","properties":{"code":7306},"geometry":{"type":"MultiPolygon","coordinates":[[[[119.431,-5.458],[119.419,-5.454],[119.422,-5.469],[119.431,-5.458]]],[[[119.937,-5.386],[119.929,-5.338],[119.997,-5.229],[119.991,-5.205],[120.026,-5.2],[120.032,-5.184],[119.976,-5.163],[119.97,-5.139],[119.922,-5.132],[119.887,-5.093],[119.864,-5.091],[119.863,-5.161],[119.798,-5.211],[119.748,-5.181],[119.667,-5.165],[119.646,-5.178],[119.6,-5.152],[119.571,-5.174],[119.519,-5.165],[119.512,-5.194],[119.463,-5.177],[119.461,-5.194],[119.396,-5.186],[119.409,-5.248],[119.376,-5.292],[119.406,-5.351],[119.363,-5.416],[119.421,-5.41],[119.418,-5.438],[119.433,-5.437],[119.426,-5.397],[119.457,-5.375],[119.449,-5.356],[119.475,-5.33],[119.456,-5.329],[119.463,-5.312],[119.501,-5.323],[119.528,-5.298],[119.541,-5.306],[119.584,-5.289],[119.617,-5.367],[119.646,-5.396],[119.627,-5.419],[119.648,-5.452],[119.631,-5.475],[119.664,-5.478],[119.669,-5.514],[119.705,-5.506],[119.706,-5.545],[119.73,-5.561],[119.786,-5.569],[119.86,-5.447],[119.937,-5.386]],[[119.427,-5.259],[119.424,-5.255],[119.427,-5.254],[119.427,-5.259]]]]},"id":7306},{"type":"Feature","properties":{"code":3525},"geometry":{"type":"MultiPolygon","coordinates":[[[[112.592,-7.202],[112.676,-7.18],[112.662,-7.151],[112.622,-7.118],[112.646,-7.112],[112.622,-7.11],[112.653,-7.042],[112.595,-6.945],[112.595,-6.916],[112.608,-6.925],[112.619,-6.913],[112.607,-6.875],[112.6,-6.893],[112.586,-6.89],[112.577,-6.851],[112.549,-6.846],[112.52,-6.87],[112.54,-6.883],[112.509,-6.907],[112.44,-6.874],[112.424,-6.948],[112.374,-6.958],[112.366,-6.991],[112.45,-7.001],[112.449,-7.016],[112.481,-7.002],[112.508,-7.013],[112.496,-7.028],[112.519,-7.047],[112.552,-7.05],[112.535,-7.096],[112.501,-7.106],[112.496,-7.127],[112.476,-7.125],[112.47,-7.159],[112.502,-7.166],[112.502,-7.192],[112.418,-7.232],[112.397,-7.264],[112.412,-7.273],[112.408,-7.305],[112.368,-7.324],[112.391,-7.333],[112.417,-7.312],[112.477,-7.305],[112.476,-7.381],[112.493,-7.409],[112.542,-7.405],[112.588,-7.37],[112.653,-7.362],[112.649,-7.314],[112.626,-7.3],[112.632,-7.261],[112.591,-7.222],[112.592,-7.202]]],[[[112.745,-5.808],[112.746,-5.806],[112.743,-5.808],[112.745,-5.808]]],[[[112.77,-5.804],[112.772,-5.797],[112.768,-5.797],[112.77,-5.804]]],[[[112.56,-5.798],[112.563,-5.798],[112.562,-5.796],[112.56,-5.798]]],[[[112.581,-5.77],[112.587,-5.769],[112.587,-5.768],[112.581,-5.77]]],[[[112.545,-5.751],[112.545,-5.749],[112.543,-5.75],[112.545,-5.751]]],[[[112.601,-5.755],[112.606,-5.75],[112.603,-5.745],[112.601,-5.755]]],[[[112.613,-5.734],[112.618,-5.731],[112.615,-5.729],[112.613,-5.734]]],[[[112.727,-5.738],[112.686,-5.717],[112.672,-5.737],[112.648,-5.731],[112.612,-5.752],[112.612,-5.77],[112.589,-5.774],[112.569,-5.806],[112.584,-5.831],[112.577,-5.845],[112.621,-5.854],[112.619,-5.869],[112.634,-5.843],[112.683,-5.852],[112.689,-5.867],[112.686,-5.854],[112.732,-5.831],[112.736,-5.766],[112.727,-5.738]]],[[[112.709,-5.721],[112.709,-5.718],[112.707,-5.718],[112.709,-5.721]]],[[[112.696,-5.717],[112.696,-5.715],[112.695,-5.716],[112.696,-5.717]]],[[[112.712,-5.717],[112.714,-5.716],[112.71,-5.714],[112.712,-5.717]]],[[[112.706,-5.714],[112.702,-5.714],[112.701,-5.715],[112.706,-5.714]]]]},"id":3525},{"type":"Feature","properties":{"code":3315},"geometry":{"type":"Polygon","coordinates":[[[111.115,-6.916],[111.077,-6.942],[111.092,-6.95],[111.069,-6.969],[110.945,-6.974],[110.915,-6.961],[110.9,-6.988],[110.885,-6.969],[110.851,-6.998],[110.815,-7.003],[110.778,-6.948],[110.763,-6.968],[110.774,-6.975],[110.763,-7.0],[110.775,-7.001],[110.762,-7.021],[110.729,-7.032],[110.693,-7.018],[110.669,-7.054],[110.69,-7.021],[110.673,-7.008],[110.671,-6.976],[110.619,-6.982],[110.619,-7.021],[110.593,-7.067],[110.561,-7.09],[110.593,-7.123],[110.558,-7.139],[110.546,-7.194],[110.606,-7.194],[110.616,-7.217],[110.692,-7.24],[110.705,-7.215],[110.69,-7.189],[110.742,-7.139],[110.743,-7.164],[110.769,-7.177],[110.76,-7.186],[110.785,-7.193],[110.766,-7.244],[110.793,-7.24],[110.833,-7.197],[110.849,-7.201],[110.858,-7.215],[110.838,-7.221],[110.829,-7.249],[110.848,-7.269],[110.904,-7.283],[110.922,-7.269],[110.981,-7.277],[111.029,-7.256],[111.057,-7.27],[111.107,-7.247],[111.177,-7.264],[111.199,-7.245],[111.234,-7.244],[111.246,-7.171],[111.213,-7.077],[111.218,-7.03],[111.165,-6.981],[111.111,-6.978],[111.115,-6.916]]]},"id":3315},{"type":"Feature","properties":{"code":3403},"geometry":{"type":"Polygon","coordinates":[[[110.329,-8.003],[110.375,-8.071],[110.707,-8.183],[110.706,-8.2],[110.798,-8.189],[110.828,-8.203],[110.834,-8.189],[110.818,-8.144],[110.799,-8.162],[110.787,-8.153],[110.778,-8.067],[110.754,-8.025],[110.788,-7.855],[110.785,-7.816],[110.772,-7.808],[110.756,-7.827],[110.723,-7.794],[110.692,-7.808],[110.67,-7.803],[110.67,-7.786],[110.657,-7.804],[110.607,-7.796],[110.585,-7.808],[110.584,-7.79],[110.555,-7.784],[110.542,-7.823],[110.482,-7.84],[110.467,-7.866],[110.498,-7.9],[110.477,-7.971],[110.463,-7.968],[110.466,-7.954],[110.454,-7.967],[110.449,-7.946],[110.443,-7.966],[110.396,-7.969],[110.396,-7.98],[110.35,-7.975],[110.355,-7.991],[110.329,-8.003]]]},"id":3403},{"type":"Feature","properties":{"code":6211},"geometry":{"type":"Polygon","coordinates":[[[113.76,-0.483],[113.713,-0.411],[113.596,-0.383],[113.442,-0.302],[113.364,-0.319],[113.265,-0.42],[113.151,-0.655],[113.017,-0.843],[113.031,-0.909],[113.091,-0.935],[113.229,-1.072],[113.233,-1.128],[113.187,-1.213],[113.199,-1.283],[113.361,-1.525],[113.482,-1.602],[113.492,-1.657],[113.507,-1.67],[113.562,-1.636],[113.6,-1.655],[113.737,-1.624],[113.827,-1.631],[113.887,-1.616],[113.914,-1.574],[113.969,-1.541],[114.008,-1.474],[113.972,-1.044],[113.934,-1.003],[113.763,-0.937],[113.722,-0.887],[113.678,-0.773],[113.65,-0.737],[113.67,-0.679],[113.737,-0.601],[113.76,-0.483]]]},"id":6211},{"type":"Feature","properties":{"code":8201},"geometry":{"type":"MultiPolygon","coordinates":[[[[127.598,0.859],[127.601,0.861],[127.599,0.862],[127.598,0.859]]],[[[127.509,0.86],[127.514,0.86],[127.512,0.864],[127.509,0.86]]],[[[127.515,0.862],[127.514,0.864],[127.513,0.862],[127.515,0.862]]],[[[127.506,0.864],[127.509,0.865],[127.507,0.867],[127.506,0.864]]],[[[127.561,0.869],[127.559,0.871],[127.558,0.868],[127.561,0.869]]],[[[127.558,0.871],[127.556,0.873],[127.555,0.871],[127.558,0.871]]],[[[127.551,0.869],[127.546,0.866],[127.553,0.865],[127.551,0.869]]],[[[127.519,0.872],[127.521,0.873],[127.519,0.874],[127.519,0.872]]],[[[127.53,0.873],[127.53,0.876],[127.529,0.874],[127.53,0.873]]],[[[127.525,0.873],[127.527,0.875],[127.525,0.876],[127.525,0.873]]],[[[127.529,0.878],[127.527,0.876],[127.53,0.877],[127.529,0.878]]],[[[127.533,0.879],[127.535,0.88],[127.534,0.88],[127.533,0.879]]],[[[127.508,0.881],[127.507,0.88],[127.508,0.879],[127.508,0.881]]],[[[127.514,0.878],[127.513,0.881],[127.512,0.879],[127.514,0.878]]],[[[127.539,0.882],[127.536,0.881],[127.538,0.88],[127.539,0.882]]],[[[127.522,0.876],[127.522,0.883],[127.517,0.88],[127.522,0.876]]],[[[127.509,0.882],[127.511,0.883],[127.508,0.883],[127.509,0.882]]],[[[127.524,0.882],[127.524,0.884],[127.523,0.884],[127.524,0.882]]],[[[127.506,0.88],[127.498,0.884],[127.5,0.865],[127.506,0.88]]],[[[127.515,0.886],[127.514,0.885],[127.515,0.884],[127.515,0.886]]],[[[127.516,1.553],[127.514,1.552],[127.516,1.552],[127.516,1.553]]],[[[127.491,1.659],[127.489,1.662],[127.489,1.66],[127.491,1.659]]],[[[127.487,1.668],[127.48,1.671],[127.485,1.653],[127.487,1.668]]],[[[127.541,1.683],[127.529,1.677],[127.529,1.672],[127.545,1.669],[127.541,1.683]]],[[[127.549,1.707],[127.545,1.708],[127.546,1.705],[127.549,1.707]]],[[[127.525,1.72],[127.511,1.685],[127.495,1.667],[127.535,1.689],[127.525,1.72]]],[[[127.604,1.804],[127.604,1.806],[127.602,1.805],[127.604,1.804]]],[[[127.709,0.821],[127.675,0.83],[127.632,0.878],[127.605,0.915],[127.594,0.966],[127.618,1.027],[127.603,1.108],[127.625,1.116],[127.619,1.14],[127.644,1.171],[127.623,1.237],[127.649,1.266],[127.634,1.274],[127.635,1.321],[127.653,1.327],[127.676,1.377],[127.657,1.416],[127.68,1.443],[127.67,1.463],[127.702,1.473],[127.729,1.539],[127.732,1.625],[127.703,1.714],[127.744,1.856],[127.764,1.864],[127.759,1.884],[127.789,1.911],[127.758,1.961],[127.751,1.945],[127.737,1.961],[127.693,1.931],[127.663,1.868],[127.654,1.876],[127.646,1.824],[127.576,1.761],[127.576,1.725],[127.55,1.711],[127.584,1.689],[127.584,1.66],[127.564,1.661],[127.555,1.639],[127.559,1.664],[127.548,1.664],[127.554,1.597],[127.51,1.557],[127.529,1.55],[127.528,1.457],[127.399,1.196],[127.431,1.146],[127.399,1.084],[127.412,1.047],[127.4,1.041],[127.424,1.032],[127.424,1.05],[127.479,1.064],[127.499,1.048],[127.494,1.015],[127.472,1.006],[127.511,0.972],[127.49,0.925],[127.496,0.886],[127.518,0.888],[127.529,0.885],[127.526,0.877],[127.537,0.883],[127.546,0.88],[127.525,0.858],[127.543,0.861],[127.548,0.88],[127.559,0.877],[127.562,0.868],[127.557,0.863],[127.563,0.864],[127.565,0.876],[127.566,0.865],[127.61,0.864],[127.613,0.853],[127.628,0.861],[127.638,0.817],[127.618,0.79],[127.638,0.768],[127.731,0.759],[127.709,0.821]]]]},"id":8201},{"type":"Feature","properties":{"code":8204},"geometry":{"type":"MultiPolygon","coordinates":[[[[127.639,-1.848],[127.638,-1.844],[127.633,-1.851],[127.639,-1.848]]],[[[127.648,-1.829],[127.646,-1.828],[127.648,-1.83],[127.648,-1.829]]],[[[127.634,-1.82],[127.582,-1.828],[127.572,-1.865],[127.594,-1.846],[127.635,-1.846],[127.645,-1.833],[127.634,-1.82]]],[[[128.351,-1.602],[128.311,-1.614],[128.297,-1.648],[128.322,-1.665],[128.358,-1.65],[128.365,-1.617],[128.351,-1.602]]],[[[128.102,-1.561],[128.088,-1.562],[128.084,-1.572],[128.095,-1.577],[128.102,-1.561]]],[[[128.066,-1.543],[128.059,-1.536],[128.057,-1.543],[128.066,-1.543]]],[[[128.092,-1.537],[128.083,-1.54],[128.093,-1.539],[128.092,-1.537]]],[[[128.046,-1.53],[128.031,-1.529],[128.045,-1.538],[128.046,-1.53]]],[[[127.356,-1.528],[127.356,-1.524],[127.355,-1.526],[127.356,-1.528]]],[[[127.998,-1.501],[127.985,-1.492],[127.993,-1.505],[127.998,-1.501]]],[[[127.41,-1.5],[127.392,-1.483],[127.377,-1.522],[127.395,-1.525],[127.41,-1.5]]],[[[127.969,-1.473],[127.958,-1.466],[127.956,-1.467],[127.969,-1.473]]],[[[127.464,-1.432],[127.464,-1.434],[127.466,-1.433],[127.464,-1.432]]],[[[127.842,-1.431],[127.846,-1.429],[127.843,-1.427],[127.842,-1.431]]],[[[127.282,-1.419],[127.279,-1.42],[127.279,-1.421],[127.282,-1.419]]],[[[127.867,-1.421],[127.877,-1.424],[127.878,-1.419],[127.867,-1.421]]],[[[127.523,-1.396],[127.523,-1.394],[127.522,-1.395],[127.523,-1.396]]],[[[127.39,-1.379],[127.397,-1.377],[127.391,-1.37],[127.39,-1.379]]],[[[127.36,-1.364],[127.348,-1.383],[127.342,-1.364],[127.336,-1.388],[127.321,-1.364],[127.319,-1.393],[127.28,-1.413],[127.327,-1.454],[127.399,-1.405],[127.371,-1.382],[127.381,-1.367],[127.367,-1.377],[127.36,-1.364]]],[[[127.374,-1.333],[127.381,-1.33],[127.373,-1.33],[127.374,-1.333]]],[[[127.641,-1.33],[127.513,-1.417],[127.504,-1.453],[127.437,-1.426],[127.44,-1.409],[127.412,-1.417],[127.444,-1.433],[127.416,-1.479],[127.432,-1.495],[127.406,-1.524],[127.411,-1.567],[127.391,-1.617],[127.408,-1.662],[127.422,-1.658],[127.497,-1.723],[127.596,-1.738],[127.616,-1.717],[127.661,-1.727],[127.716,-1.686],[127.816,-1.7],[127.889,-1.682],[127.981,-1.699],[128.024,-1.727],[128.088,-1.722],[128.156,-1.683],[128.164,-1.614],[128.121,-1.565],[128.089,-1.583],[128.072,-1.579],[128.078,-1.566],[128.013,-1.53],[127.933,-1.447],[127.891,-1.425],[127.878,-1.439],[127.835,-1.435],[127.839,-1.425],[127.801,-1.413],[127.793,-1.373],[127.777,-1.379],[127.76,-1.352],[127.706,-1.335],[127.7,-1.352],[127.673,-1.331],[127.67,-1.35],[127.641,-1.33]]],[[[127.434,-1.317],[127.374,-1.317],[127.418,-1.332],[127.434,-1.317]]],[[[127.706,-1.287],[127.7,-1.282],[127.703,-1.287],[127.706,-1.287]]],[[[127.694,-1.277],[127.697,-1.275],[127.696,-1.274],[127.694,-1.277]]],[[[127.703,-1.272],[127.697,-1.273],[127.701,-1.281],[127.703,-1.272]]],[[[127.707,-1.272],[127.706,-1.268],[127.706,-1.27],[127.707,-1.272]]],[[[127.701,-1.269],[127.699,-1.264],[127.698,-1.269],[127.701,-1.269]]],[[[127.598,-1.21],[127.548,-1.171],[127.51,-1.177],[127.509,-1.202],[127.479,-1.217],[127.467,-1.253],[127.492,-1.271],[127.561,-1.247],[127.638,-1.283],[127.693,-1.285],[127.695,-1.226],[127.598,-1.21]]],[[[128.445,-1.157],[128.444,-1.157],[128.445,-1.158],[128.445,-1.157]]],[[[128.443,-1.157],[128.438,-1.151],[128.436,-1.153],[128.443,-1.157]]],[[[128.434,-1.152],[128.426,-1.145],[128.409,-1.156],[128.417,-1.16],[128.434,-1.152]]],[[[128.452,-1.143],[128.45,-1.144],[128.452,-1.148],[128.452,-1.143]]],[[[127.444,-1.188],[127.41,-1.136],[127.395,-1.146],[127.427,-1.221],[127.444,-1.188]]],[[[128.405,-1.149],[128.363,-1.133],[128.406,-1.153],[128.405,-1.149]]],[[[128.4,-1.138],[128.39,-1.122],[128.384,-1.125],[128.4,-1.138]]],[[[128.333,-1.122],[128.337,-1.122],[128.336,-1.12],[128.333,-1.122]]],[[[128.31,-1.118],[128.306,-1.117],[128.308,-1.12],[128.31,-1.118]]],[[[128.318,-1.114],[128.319,-1.112],[128.317,-1.113],[128.318,-1.114]]],[[[128.347,-1.112],[128.329,-1.114],[128.346,-1.121],[128.347,-1.112]]],[[[128.344,-1.109],[128.341,-1.101],[128.335,-1.105],[128.344,-1.109]]],[[[128.338,-1.102],[128.337,-1.095],[128.334,-1.101],[128.338,-1.102]]],[[[128.312,-1.088],[128.317,-1.088],[128.314,-1.086],[128.312,-1.088]]],[[[128.411,-1.087],[128.36,-1.073],[128.343,-1.096],[128.358,-1.093],[128.36,-1.118],[128.376,-1.12],[128.412,-1.097],[128.453,-1.13],[128.411,-1.087]]],[[[128.251,-1.046],[128.228,-1.037],[128.228,-1.061],[128.238,-1.068],[128.235,-1.05],[128.251,-1.046]]],[[[128.335,-1.035],[128.335,-1.035],[128.334,-1.035],[128.335,-1.035]]],[[[128.342,-1.034],[128.337,-1.05],[128.35,-1.054],[128.36,-1.043],[128.342,-1.034]]],[[[128.175,-1.038],[128.178,-1.033],[128.174,-1.031],[128.175,-1.038]]],[[[128.133,-1.023],[128.132,-1.022],[128.133,-1.026],[128.133,-1.023]]],[[[128.172,-0.998],[128.169,-0.999],[128.174,-1.002],[128.172,-0.998]]],[[[128.38,-0.989],[128.379,-0.986],[128.378,-0.989],[128.38,-0.989]]],[[[128.377,-0.985],[128.375,-0.985],[128.377,-0.986],[128.377,-0.985]]],[[[128.362,-0.975],[128.358,-0.976],[128.361,-0.978],[128.362,-0.975]]],[[[128.367,-0.974],[128.365,-0.974],[128.368,-0.975],[128.367,-0.974]]],[[[128.343,-0.953],[128.347,-0.953],[128.344,-0.951],[128.343,-0.953]]],[[[128.353,-0.951],[128.36,-0.951],[128.356,-0.948],[128.353,-0.951]]],[[[128.32,-0.938],[128.305,-0.956],[128.338,-0.973],[128.333,-1.021],[128.363,-1.041],[128.414,-1.028],[128.405,-0.99],[128.367,-0.991],[128.32,-0.938]]],[[[128.459,-0.918],[128.462,-0.914],[128.461,-0.913],[128.459,-0.918]]],[[[128.122,-0.852],[128.118,-0.841],[128.114,-0.855],[128.122,-0.852]]],[[[128.095,-0.838],[128.079,-0.85],[128.103,-0.861],[128.111,-0.852],[128.095,-0.838]]],[[[127.875,-0.825],[127.874,-0.826],[127.876,-0.827],[127.875,-0.825]]],[[[128.139,-0.823],[128.135,-0.822],[128.133,-0.827],[128.139,-0.823]]],[[[128.146,-0.814],[128.144,-0.815],[128.144,-0.817],[128.146,-0.814]]],[[[128.139,-0.817],[128.139,-0.813],[128.138,-0.816],[128.139,-0.817]]],[[[128.149,-0.804],[128.137,-0.81],[128.153,-0.806],[128.149,-0.804]]],[[[128.162,-0.793],[128.151,-0.796],[128.154,-0.799],[128.162,-0.793]]],[[[128.158,-0.786],[128.157,-0.791],[128.161,-0.791],[128.158,-0.786]]],[[[127.197,-0.777],[127.196,-0.777],[127.198,-0.778],[127.197,-0.777]]],[[[127.169,-0.758],[127.162,-0.758],[127.191,-0.775],[127.169,-0.758]]],[[[127.878,-0.732],[127.881,-0.732],[127.878,-0.73],[127.878,-0.732]]],[[[127.164,-0.707],[127.166,-0.703],[127.162,-0.705],[127.164,-0.707]]],[[[128.548,-0.697],[128.553,-0.695],[128.548,-0.692],[128.548,-0.697]]],[[[127.173,-0.688],[127.177,-0.689],[127.176,-0.687],[127.173,-0.688]]],[[[127.66,-0.672],[127.667,-0.673],[127.666,-0.67],[127.66,-0.672]]],[[[127.313,-0.669],[127.315,-0.668],[127.313,-0.666],[127.313,-0.669]]],[[[127.308,-0.663],[127.312,-0.664],[127.309,-0.661],[127.308,-0.663]]],[[[128.579,-0.654],[128.571,-0.653],[128.58,-0.657],[128.579,-0.654]]],[[[127.305,-0.654],[127.311,-0.654],[127.306,-0.651],[127.305,-0.654]]],[[[128.571,-0.655],[128.56,-0.649],[128.558,-0.65],[128.571,-0.655]]],[[[127.304,-0.653],[127.304,-0.649],[127.3,-0.649],[127.304,-0.653]]],[[[127.276,-0.65],[127.279,-0.648],[127.277,-0.648],[127.276,-0.65]]],[[[128.557,-0.65],[128.554,-0.647],[128.553,-0.648],[128.557,-0.65]]],[[[127.34,-0.651],[127.34,-0.649],[127.338,-0.647],[127.34,-0.651]]],[[[127.3,-0.647],[127.3,-0.644],[127.299,-0.644],[127.3,-0.647]]],[[[127.423,-0.644],[127.421,-0.644],[127.422,-0.646],[127.423,-0.644]]],[[[128.544,-0.648],[128.526,-0.641],[128.528,-0.644],[128.544,-0.648]]],[[[128.576,-0.637],[128.573,-0.637],[128.574,-0.638],[128.576,-0.637]]],[[[128.515,-0.64],[128.52,-0.638],[128.513,-0.633],[128.515,-0.64]]],[[[127.321,-0.662],[127.309,-0.633],[127.301,-0.633],[127.302,-0.646],[127.321,-0.662]]],[[[128.568,-0.631],[128.565,-0.632],[128.569,-0.635],[128.568,-0.631]]],[[[127.433,-0.632],[127.426,-0.634],[127.433,-0.634],[127.433,-0.632]]],[[[128.607,-0.643],[128.591,-0.63],[128.577,-0.637],[128.594,-0.633],[128.596,-0.654],[128.607,-0.643]]],[[[128.558,-0.63],[128.556,-0.627],[128.555,-0.63],[128.558,-0.63]]],[[[128.59,-0.63],[128.591,-0.628],[128.59,-0.627],[128.59,-0.63]]],[[[128.553,-0.629],[128.552,-0.624],[128.547,-0.626],[128.553,-0.629]]],[[[127.195,-0.623],[127.194,-0.623],[127.196,-0.624],[127.195,-0.623]]],[[[128.568,-0.625],[128.563,-0.624],[128.563,-0.628],[128.568,-0.625]]],[[[127.293,-0.628],[127.298,-0.624],[127.295,-0.622],[127.293,-0.628]]],[[[128.541,-0.624],[128.54,-0.621],[128.538,-0.625],[128.541,-0.624]]],[[[128.555,-0.623],[128.556,-0.621],[128.555,-0.62],[128.555,-0.623]]],[[[128.55,-0.624],[128.552,-0.622],[128.552,-0.619],[128.55,-0.624]]],[[[128.551,-0.62],[128.545,-0.619],[128.547,-0.623],[128.551,-0.62]]],[[[128.535,-0.623],[128.531,-0.618],[128.527,-0.623],[128.535,-0.623]]],[[[127.328,-0.624],[127.309,-0.624],[127.332,-0.658],[127.322,-0.637],[127.328,-0.624]]],[[[128.545,-0.616],[128.543,-0.615],[128.542,-0.619],[128.545,-0.616]]],[[[128.529,-0.609],[128.528,-0.613],[128.531,-0.61],[128.529,-0.609]]],[[[128.526,-0.609],[128.523,-0.608],[128.523,-0.61],[128.526,-0.609]]],[[[127.393,-0.607],[127.392,-0.608],[127.394,-0.608],[127.393,-0.607]]],[[[127.258,-0.605],[127.192,-0.616],[127.216,-0.637],[127.212,-0.671],[127.187,-0.678],[127.191,-0.692],[127.167,-0.708],[127.164,-0.748],[127.2,-0.778],[127.245,-0.765],[127.311,-0.796],[127.334,-0.786],[127.294,-0.73],[127.291,-0.688],[127.304,-0.684],[127.252,-0.648],[127.246,-0.629],[127.271,-0.621],[127.258,-0.605]]],[[[128.52,-0.605],[128.515,-0.604],[128.519,-0.608],[128.52,-0.605]]],[[[127.337,-0.612],[127.334,-0.599],[127.324,-0.606],[127.348,-0.658],[127.373,-0.664],[127.373,-0.649],[127.377,-0.667],[127.414,-0.656],[127.414,-0.636],[127.386,-0.612],[127.337,-0.612]]],[[[128.515,-0.601],[128.513,-0.599],[128.513,-0.602],[128.515,-0.601]]],[[[128.496,-0.595],[128.492,-0.595],[128.494,-0.597],[128.496,-0.595]]],[[[128.499,-0.592],[128.497,-0.602],[128.514,-0.618],[128.514,-0.606],[128.499,-0.592]]],[[[127.388,-0.606],[127.388,-0.592],[127.38,-0.599],[127.388,-0.606]]],[[[128.494,-0.593],[128.495,-0.59],[128.492,-0.593],[128.494,-0.593]]],[[[128.491,-0.594],[128.493,-0.589],[128.488,-0.592],[128.491,-0.594]]],[[[127.167,-0.59],[127.166,-0.585],[127.166,-0.588],[127.167,-0.59]]],[[[128.414,-0.597],[128.411,-0.584],[128.409,-0.603],[128.414,-0.597]]],[[[128.488,-0.588],[128.475,-0.59],[128.487,-0.592],[128.488,-0.588]]],[[[127.143,-0.583],[127.143,-0.583],[127.144,-0.58],[127.143,-0.583]]],[[[127.614,-0.582],[127.605,-0.575],[127.606,-0.585],[127.614,-0.582]]],[[[127.618,-0.572],[127.619,-0.571],[127.617,-0.571],[127.618,-0.572]]],[[[128.406,-0.569],[128.404,-0.569],[128.407,-0.576],[128.406,-0.569]]],[[[128.347,-0.566],[128.33,-0.575],[128.329,-0.577],[128.347,-0.583],[128.361,-0.576],[128.339,-0.572],[128.347,-0.566]]],[[[128.395,-0.562],[128.393,-0.561],[128.398,-0.563],[128.395,-0.562]]],[[[128.392,-0.561],[128.39,-0.558],[128.389,-0.559],[128.392,-0.561]]],[[[128.412,-0.559],[128.43,-0.58],[128.422,-0.59],[128.433,-0.589],[128.44,-0.571],[128.412,-0.559]]],[[[128.389,-0.557],[128.388,-0.556],[128.39,-0.557],[128.389,-0.557]]],[[[127.268,-0.55],[127.266,-0.554],[127.27,-0.552],[127.268,-0.55]]],[[[127.253,-0.551],[127.252,-0.549],[127.251,-0.55],[127.253,-0.551]]],[[[128.341,-0.553],[128.316,-0.549],[128.335,-0.556],[128.341,-0.553]]],[[[127.248,-0.538],[127.246,-0.534],[127.246,-0.537],[127.248,-0.538]]],[[[127.25,-0.551],[127.231,-0.533],[127.224,-0.548],[127.25,-0.551]]],[[[127.259,-0.542],[127.259,-0.532],[127.257,-0.543],[127.259,-0.542]]],[[[127.287,-0.537],[127.277,-0.533],[127.278,-0.542],[127.287,-0.537]]],[[[128.409,-0.553],[128.366,-0.527],[128.335,-0.548],[128.383,-0.558],[128.354,-0.546],[128.367,-0.537],[128.409,-0.553]]],[[[127.268,-0.502],[127.252,-0.512],[127.266,-0.532],[127.273,-0.527],[127.268,-0.502]]],[[[127.257,-0.495],[127.255,-0.498],[127.259,-0.497],[127.257,-0.495]]],[[[127.265,-0.495],[127.265,-0.493],[127.262,-0.493],[127.265,-0.495]]],[[[127.287,-0.488],[127.273,-0.51],[127.29,-0.527],[127.287,-0.5],[127.299,-0.498],[127.287,-0.488]]],[[[127.681,-0.494],[127.676,-0.488],[127.678,-0.494],[127.681,-0.494]]],[[[127.271,-0.479],[127.263,-0.483],[127.276,-0.483],[127.271,-0.479]]],[[[128.09,-0.466],[128.089,-0.463],[128.088,-0.466],[128.09,-0.466]]],[[[127.71,-0.458],[127.705,-0.451],[127.702,-0.454],[127.71,-0.458]]],[[[127.722,-0.438],[127.721,-0.44],[127.722,-0.44],[127.722,-0.438]]],[[[128.124,-0.435],[128.127,-0.438],[128.127,-0.436],[128.124,-0.435]]],[[[127.119,-0.433],[127.116,-0.434],[127.118,-0.435],[127.119,-0.433]]],[[[127.31,-0.427],[127.309,-0.429],[127.311,-0.428],[127.31,-0.427]]],[[[127.755,-0.414],[127.752,-0.415],[127.755,-0.415],[127.755,-0.414]]],[[[127.728,-0.411],[127.724,-0.422],[127.745,-0.427],[127.728,-0.411]]],[[[127.729,-0.4],[127.721,-0.402],[127.722,-0.406],[127.729,-0.4]]],[[[127.113,-0.381],[127.115,-0.379],[127.113,-0.379],[127.113,-0.381]]],[[[127.763,-0.37],[127.76,-0.371],[127.762,-0.373],[127.763,-0.37]]],[[[127.43,-0.359],[127.431,-0.349],[127.418,-0.353],[127.43,-0.359]]],[[[127.315,-0.346],[127.314,-0.344],[127.313,-0.345],[127.315,-0.346]]],[[[127.32,-0.345],[127.32,-0.343],[127.319,-0.343],[127.32,-0.345]]],[[[127.408,-0.341],[127.411,-0.343],[127.411,-0.341],[127.408,-0.341]]],[[[127.312,-0.342],[127.315,-0.339],[127.312,-0.338],[127.312,-0.342]]],[[[127.302,-0.345],[127.287,-0.334],[127.281,-0.347],[127.302,-0.345]]],[[[127.763,-0.332],[127.763,-0.333],[127.764,-0.332],[127.763,-0.332]]],[[[127.744,-0.326],[127.739,-0.369],[127.726,-0.396],[127.759,-0.373],[127.744,-0.326]]],[[[127.127,-0.331],[127.123,-0.328],[127.12,-0.33],[127.127,-0.331]]],[[[127.407,-0.34],[127.399,-0.323],[127.404,-0.34],[127.407,-0.34]]],[[[127.116,-0.319],[127.123,-0.312],[127.117,-0.315],[127.116,-0.319]]],[[[127.261,-0.308],[127.262,-0.305],[127.26,-0.306],[127.261,-0.308]]],[[[127.07,-0.307],[127.065,-0.307],[127.07,-0.309],[127.07,-0.307]]],[[[127.111,-0.304],[127.11,-0.301],[127.109,-0.303],[127.111,-0.304]]],[[[127.525,-0.301],[127.513,-0.326],[127.484,-0.339],[127.479,-0.387],[127.452,-0.418],[127.426,-0.406],[127.412,-0.358],[127.372,-0.316],[127.338,-0.338],[127.32,-0.33],[127.338,-0.384],[127.318,-0.428],[127.296,-0.436],[127.291,-0.457],[127.306,-0.513],[127.361,-0.557],[127.359,-0.579],[127.389,-0.588],[127.407,-0.62],[127.42,-0.607],[127.444,-0.628],[127.48,-0.63],[127.442,-0.736],[127.463,-0.813],[127.474,-0.823],[127.5,-0.801],[127.611,-0.762],[127.63,-0.74],[127.652,-0.749],[127.665,-0.775],[127.657,-0.811],[127.682,-0.821],[127.681,-0.838],[127.753,-0.861],[127.726,-0.869],[127.827,-0.854],[127.87,-0.826],[127.879,-0.795],[127.897,-0.799],[127.879,-0.776],[127.905,-0.785],[127.902,-0.771],[127.872,-0.751],[127.873,-0.717],[127.799,-0.678],[127.715,-0.69],[127.684,-0.711],[127.655,-0.693],[127.647,-0.629],[127.605,-0.628],[127.596,-0.597],[127.6,-0.577],[127.663,-0.517],[127.677,-0.48],[127.69,-0.469],[127.692,-0.456],[127.658,-0.438],[127.644,-0.412],[127.615,-0.413],[127.613,-0.381],[127.604,-0.37],[127.592,-0.379],[127.568,-0.315],[127.539,-0.313],[127.525,-0.301]]],[[[127.563,-0.3],[127.542,-0.3],[127.568,-0.309],[127.563,-0.3]]],[[[127.271,-0.294],[127.269,-0.292],[127.271,-0.295],[127.271,-0.294]]],[[[127.069,-0.291],[127.055,-0.282],[127.057,-0.297],[127.069,-0.291]]],[[[127.02,-0.26],[127.02,-0.258],[127.018,-0.259],[127.02,-0.26]]],[[[127.24,-0.245],[127.175,-0.264],[127.15,-0.256],[127.109,-0.283],[127.115,-0.303],[127.139,-0.313],[127.135,-0.36],[127.109,-0.388],[127.122,-0.409],[127.103,-0.425],[127.122,-0.427],[127.154,-0.473],[127.12,-0.473],[127.111,-0.486],[127.136,-0.499],[127.122,-0.509],[127.148,-0.526],[127.228,-0.512],[127.227,-0.493],[127.264,-0.492],[127.256,-0.473],[127.277,-0.456],[127.263,-0.407],[127.286,-0.399],[127.288,-0.374],[127.25,-0.32],[127.257,-0.291],[127.302,-0.287],[127.305,-0.27],[127.262,-0.28],[127.24,-0.245]]],[[[127.061,-0.228],[127.043,-0.241],[127.043,-0.274],[127.031,-0.255],[127.02,-0.262],[127.036,-0.292],[127.044,-0.279],[127.091,-0.257],[127.087,-0.238],[127.061,-0.228]]],[[[127.316,-0.235],[127.298,-0.227],[127.304,-0.242],[127.316,-0.235]]],[[[127.152,-0.184],[127.128,-0.177],[127.109,-0.213],[127.091,-0.214],[127.093,-0.255],[127.126,-0.235],[127.127,-0.205],[127.152,-0.184]]],[[[127.141,-0.178],[127.139,-0.175],[127.14,-0.178],[127.141,-0.178]]],[[[127.206,-0.115],[127.206,-0.113],[127.205,-0.113],[127.206,-0.115]]],[[[127.417,-0.092],[127.419,-0.092],[127.416,-0.088],[127.417,-0.092]]],[[[127.445,-0.094],[127.438,-0.082],[127.434,-0.085],[127.445,-0.094]]],[[[127.431,-0.083],[127.433,-0.081],[127.43,-0.08],[127.431,-0.083]]],[[[127.422,-0.084],[127.426,-0.078],[127.42,-0.076],[127.422,-0.084]]],[[[127.434,-0.076],[127.439,-0.076],[127.437,-0.073],[127.434,-0.076]]],[[[127.269,-0.071],[127.24,-0.078],[127.23,-0.109],[127.198,-0.12],[127.226,-0.139],[127.261,-0.125],[127.269,-0.071]]],[[[127.471,-0.066],[127.468,-0.059],[127.468,-0.068],[127.471,-0.066]]],[[[127.438,-0.073],[127.42,-0.059],[127.42,-0.068],[127.438,-0.073]]],[[[127.467,-0.059],[127.469,-0.04],[127.462,-0.054],[127.467,-0.059]]],[[[127.203,-0.042],[127.206,-0.043],[127.206,-0.039],[127.203,-0.042]]],[[[127.202,-0.04],[127.199,-0.039],[127.2,-0.042],[127.202,-0.04]]],[[[127.191,-0.045],[127.172,-0.035],[127.174,-0.041],[127.191,-0.045]]],[[[127.219,-0.033],[127.223,-0.034],[127.222,-0.031],[127.219,-0.033]]],[[[127.229,-0.03],[127.232,-0.031],[127.231,-0.028],[127.229,-0.03]]],[[[127.204,-0.032],[127.203,-0.031],[127.203,-0.037],[127.204,-0.032]]],[[[127.237,-0.027],[127.236,-0.028],[127.237,-0.028],[127.237,-0.027]]],[[[127.225,-0.03],[127.227,-0.027],[127.226,-0.027],[127.225,-0.03]]],[[[127.216,-0.03],[127.213,-0.026],[127.21,-0.031],[127.216,-0.03]]],[[[127.2,-0.038],[127.191,-0.028],[127.196,-0.037],[127.2,-0.038]]],[[[127.249,-0.032],[127.242,-0.028],[127.243,-0.031],[127.249,-0.032]]],[[[127.234,-0.027],[127.233,-0.024],[127.233,-0.026],[127.234,-0.027]]],[[[127.224,-0.023],[127.222,-0.021],[127.222,-0.023],[127.224,-0.023]]],[[[127.237,-0.021],[127.233,-0.02],[127.235,-0.023],[127.237,-0.021]]],[[[127.417,-0.017],[127.402,-0.072],[127.41,-0.104],[127.416,-0.056],[127.429,-0.043],[127.417,-0.017]]],[[[127.191,-0.013],[127.164,-0.016],[127.202,-0.024],[127.191,-0.013]]],[[[127.425,-0.018],[127.426,-0.012],[127.423,-0.013],[127.425,-0.018]]],[[[127.427,0.009],[127.416,-0.002],[127.421,-0.011],[127.428,-0.007],[127.427,0.009]]],[[[127.428,0.012],[127.43,0.014],[127.428,0.015],[127.428,0.012]]],[[[127.23,0.025],[127.216,0.03],[127.226,0.021],[127.23,0.025]]],[[[127.459,0.131],[127.425,0.138],[127.404,0.009],[127.43,0.021],[127.442,0.007],[127.432,-0.005],[127.466,-0.041],[127.466,0.072],[127.447,0.068],[127.44,0.102],[127.459,0.131]]],[[[127.221,0.14],[127.207,0.138],[127.219,0.132],[127.221,0.14]]],[[[127.135,0.127],[127.118,0.149],[127.111,0.143],[127.113,0.132],[127.135,0.127]]],[[[127.428,0.144],[127.433,0.15],[127.429,0.152],[127.428,0.144]]],[[[127.172,0.157],[127.172,0.159],[127.171,0.158],[127.172,0.157]]],[[[127.158,0.157],[127.145,0.158],[127.145,0.15],[127.158,0.157]]],[[[127.699,-0.01],[127.699,-0.099],[127.663,-0.221],[127.689,-0.247],[127.686,-0.269],[127.75,-0.32],[127.864,-0.366],[127.906,-0.474],[127.938,-0.503],[127.988,-0.612],[128.002,-0.667],[128.065,-0.717],[128.151,-0.749],[128.217,-0.772],[128.233,-0.75],[128.224,-0.769],[128.247,-0.769],[128.229,-0.779],[128.283,-0.832],[128.24,-0.821],[128.225,-0.839],[128.265,-0.868],[128.299,-0.881],[128.316,-0.864],[128.352,-0.889],[128.38,-0.877],[128.453,-0.913],[128.435,-0.882],[128.381,-0.852],[128.215,-0.699],[128.185,-0.628],[128.049,-0.417],[127.981,-0.263],[127.946,-0.111],[127.889,-0.001],[127.887,0.083],[127.903,0.104],[127.929,0.108],[127.921,0.176],[127.896,0.175],[127.877,0.131],[127.849,0.135],[127.834,0.12],[127.788,0.152],[127.796,0.053],[127.816,0.028],[127.772,0.003],[127.768,0.025],[127.74,0.02],[127.699,-0.01]]],[[[127.417,0.374],[127.373,0.362],[127.343,0.33],[127.385,0.277],[127.422,0.282],[127.44,0.315],[127.417,0.374]]]]},"id":8204},{"type":"Feature","properties":{"code":8202},"geometry":{"type":"MultiPolygon","coordinates":[[[[129.422,-0.078],[129.41,-0.091],[129.432,-0.118],[129.435,-0.099],[129.427,-0.087],[129.422,-0.101],[129.422,-0.078]]],[[[129.653,-0.047],[129.603,-0.004],[129.583,-0.01],[129.587,-0.044],[129.614,-0.068],[129.635,-0.055],[129.615,-0.04],[129.625,-0.031],[129.641,-0.069],[129.653,-0.07],[129.653,-0.047]]],[[[129.624,0.018],[129.638,0.011],[129.628,0.023],[129.624,0.018]]],[[[129.401,-0.013],[129.28,0.048],[129.287,0.029],[129.329,0.022],[129.362,-0.003],[129.381,-0.03],[129.383,-0.072],[129.414,-0.071],[129.46,-0.091],[129.479,-0.124],[129.469,-0.139],[129.516,-0.162],[129.507,-0.176],[129.536,-0.213],[129.547,-0.199],[129.563,-0.212],[129.573,-0.179],[129.546,-0.129],[129.472,-0.086],[129.401,-0.013]]],[[[128.939,0.192],[128.951,0.177],[128.978,0.164],[128.964,0.18],[128.939,0.192]]],[[[128.296,0.393],[128.295,0.397],[128.292,0.394],[128.296,0.393]]],[[[127.912,0.398],[127.911,0.396],[127.912,0.395],[127.912,0.398]]],[[[128.167,0.44],[128.17,0.444],[128.165,0.446],[128.167,0.44]]],[[[128.873,0.469],[128.861,0.473],[128.874,0.454],[128.873,0.469]]],[[[128.81,0.565],[128.823,0.519],[128.861,0.49],[128.846,0.527],[128.81,0.565]]],[[[127.921,0.176],[127.921,0.273],[127.863,0.3],[127.874,0.298],[127.886,0.365],[127.906,0.364],[127.895,0.384],[127.912,0.4],[127.903,0.436],[127.929,0.465],[127.977,0.483],[127.978,0.471],[128.078,0.477],[128.111,0.455],[128.168,0.457],[128.178,0.428],[128.231,0.411],[128.24,0.424],[128.284,0.396],[128.338,0.404],[128.356,0.399],[128.379,0.406],[128.422,0.392],[128.458,0.403],[128.559,0.317],[128.843,0.261],[128.865,0.223],[128.903,0.207],[128.836,0.292],[128.671,0.342],[128.688,0.442],[128.668,0.49],[128.676,0.511],[128.644,0.512],[128.618,0.468],[128.621,0.443],[128.562,0.415],[128.509,0.442],[128.504,0.477],[128.488,0.472],[128.483,0.49],[128.358,0.51],[128.316,0.554],[128.273,0.548],[128.264,0.569],[128.211,0.6],[128.116,0.591],[128.065,0.616],[128.063,0.64],[128.001,0.656],[127.947,0.628],[127.867,0.632],[127.853,0.617],[127.829,0.622],[127.816,0.643],[127.792,0.642],[127.831,0.572],[127.806,0.526],[127.806,0.49],[127.779,0.485],[127.768,0.454],[127.775,0.412],[127.806,0.373],[127.798,0.317],[127.819,0.272],[127.797,0.248],[127.823,0.209],[127.787,0.154],[127.834,0.12],[127.849,0.135],[127.877,0.131],[127.896,0.175],[127.921,0.176]]]]},"id":8202},{"type":"Feature","properties":{"code":8206},"geometry":{"type":"MultiPolygon","coordinates":[[[[128.656,0.554],[128.65,0.557],[128.65,0.554],[128.656,0.554]]],[[[128.63,0.56],[128.619,0.566],[128.618,0.564],[128.63,0.56]]],[[[128.663,0.574],[128.636,0.565],[128.67,0.567],[128.663,0.574]]],[[[128.647,0.622],[128.632,0.632],[128.635,0.626],[128.647,0.622]]],[[[128.522,0.631],[128.54,0.633],[128.54,0.637],[128.522,0.631]]],[[[128.378,0.638],[128.382,0.639],[128.38,0.641],[128.378,0.638]]],[[[128.477,0.665],[128.474,0.666],[128.472,0.664],[128.477,0.665]]],[[[128.305,0.705],[128.299,0.706],[128.298,0.703],[128.305,0.705]]],[[[128.518,0.707],[128.525,0.713],[128.519,0.71],[128.518,0.707]]],[[[128.549,0.731],[128.553,0.732],[128.548,0.733],[128.549,0.731]]],[[[128.496,0.757],[128.497,0.758],[128.495,0.758],[128.496,0.757]]],[[[128.508,0.799],[128.51,0.799],[128.509,0.8],[128.508,0.799]]],[[[128.32,0.843],[128.321,0.826],[128.326,0.824],[128.332,0.831],[128.32,0.843]]],[[[127.933,0.991],[127.924,0.992],[127.931,0.989],[127.933,0.991]]],[[[127.951,1.024],[127.952,1.025],[127.951,1.026],[127.951,1.024]]],[[[127.731,0.759],[127.757,0.751],[127.792,0.642],[127.826,0.638],[127.829,0.622],[127.947,0.628],[128.001,0.656],[128.063,0.64],[128.065,0.616],[128.116,0.591],[128.211,0.6],[128.264,0.569],[128.273,0.548],[128.316,0.554],[128.358,0.51],[128.483,0.49],[128.488,0.472],[128.504,0.477],[128.509,0.442],[128.544,0.421],[128.572,0.418],[128.581,0.434],[128.621,0.443],[128.618,0.468],[128.644,0.512],[128.679,0.506],[128.687,0.519],[128.678,0.549],[128.571,0.561],[128.434,0.632],[128.355,0.64],[128.355,0.655],[128.324,0.651],[128.295,0.701],[128.26,0.738],[128.238,0.735],[128.198,0.789],[128.205,0.807],[128.251,0.825],[128.249,0.841],[128.311,0.815],[128.279,0.865],[128.334,0.911],[128.441,0.929],[128.504,0.971],[128.533,0.97],[128.61,1.042],[128.7,1.066],[128.688,1.094],[128.69,1.198],[128.719,1.247],[128.71,1.289],[128.741,1.31],[128.742,1.37],[128.758,1.393],[128.721,1.408],[128.683,1.463],[128.696,1.536],[128.731,1.534],[128.723,1.572],[128.669,1.589],[128.626,1.582],[128.613,1.569],[128.553,1.566],[128.506,1.531],[128.493,1.549],[128.467,1.55],[128.369,1.5],[128.345,1.459],[128.192,1.389],[128.086,1.261],[128.1,1.238],[128.146,1.253],[128.179,1.242],[128.2,1.199],[128.172,1.129],[128.032,1.116],[127.981,1.087],[127.952,1.018],[127.932,1.005],[127.945,0.994],[127.924,0.965],[127.93,0.876],[127.843,0.804],[127.797,0.795],[127.753,0.807],[127.693,0.878],[127.696,0.834],[127.731,0.759]]]]},"id":8206},{"type":"Feature","properties":{"code":8205},"geometry":{"type":"MultiPolygon","coordinates":[[[[127.662,0.877],[127.661,0.878],[127.661,0.876],[127.662,0.877]]],[[[127.888,1.149],[127.885,1.146],[127.889,1.147],[127.888,1.149]]],[[[127.88,1.147],[127.88,1.152],[127.876,1.15],[127.88,1.147]]],[[[128.024,1.299],[128.007,1.287],[128.006,1.281],[128.019,1.283],[128.024,1.299]]],[[[128.053,1.55],[128.054,1.552],[128.048,1.555],[128.053,1.55]]],[[[128.041,1.558],[128.042,1.562],[128.04,1.562],[128.041,1.558]]],[[[128.067,1.564],[128.049,1.581],[128.053,1.555],[128.067,1.564]]],[[[128.025,1.59],[128.021,1.591],[128.023,1.588],[128.025,1.59]]],[[[128.017,1.597],[128.02,1.595],[128.017,1.6],[128.017,1.597]]],[[[128.049,1.656],[128.048,1.666],[128.043,1.657],[128.049,1.656]]],[[[128.022,1.666],[128.018,1.666],[128.02,1.664],[128.022,1.666]]],[[[128.056,1.669],[128.048,1.673],[128.051,1.665],[128.056,1.669]]],[[[128.036,1.685],[128.031,1.684],[128.034,1.682],[128.036,1.685]]],[[[128.069,1.698],[128.068,1.7],[128.067,1.699],[128.069,1.698]]],[[[128.028,1.727],[128.019,1.73],[128.021,1.726],[128.028,1.727]]],[[[128.054,1.725],[128.048,1.732],[128.053,1.724],[128.054,1.725]]],[[[128.069,1.714],[128.073,1.742],[128.07,1.744],[128.062,1.734],[128.069,1.714]]],[[[128.04,1.754],[128.035,1.743],[128.056,1.741],[128.04,1.754]]],[[[128.054,1.759],[128.052,1.757],[128.054,1.758],[128.054,1.759]]],[[[128.026,1.751],[128.025,1.761],[128.022,1.755],[128.026,1.751]]],[[[127.981,1.774],[127.98,1.771],[127.984,1.772],[127.981,1.774]]],[[[127.971,1.772],[127.973,1.776],[127.97,1.774],[127.971,1.772]]],[[[128.018,1.767],[127.993,1.802],[128.004,1.776],[128.018,1.767]]],[[[127.72,1.955],[127.721,1.958],[127.718,1.956],[127.72,1.955]]],[[[127.774,2.107],[127.775,2.108],[127.773,2.109],[127.774,2.107]]],[[[127.79,2.119],[127.786,2.122],[127.786,2.12],[127.79,2.119]]],[[[127.774,2.128],[127.767,2.114],[127.784,2.103],[127.785,2.121],[127.774,2.128]]],[[[127.722,2.193],[127.77,2.152],[127.777,2.159],[127.759,2.19],[127.722,2.193]]],[[[127.713,2.203],[127.712,2.205],[127.712,2.203],[127.713,2.203]]],[[[127.772,2.199],[127.763,2.212],[127.754,2.204],[127.772,2.199]]],[[[127.709,0.821],[127.693,0.878],[127.674,0.883],[127.666,0.874],[127.68,0.867],[127.661,0.868],[127.649,0.917],[127.631,0.922],[127.641,0.934],[127.626,0.972],[127.651,1.022],[127.758,1.068],[127.825,1.146],[127.849,1.155],[127.874,1.149],[127.88,1.153],[127.903,1.15],[127.919,1.227],[127.972,1.275],[127.978,1.306],[128.01,1.313],[127.992,1.336],[127.988,1.38],[128.024,1.404],[128.009,1.425],[128.037,1.582],[128.0,1.597],[127.987,1.617],[127.999,1.623],[127.993,1.667],[128.021,1.69],[128.012,1.737],[127.991,1.762],[127.96,1.767],[127.929,1.811],[127.898,1.797],[127.86,1.805],[127.841,1.848],[127.852,1.925],[127.951,1.991],[127.954,2.04],[128.032,2.123],[128.067,2.197],[127.983,2.18],[127.977,2.208],[127.955,2.221],[127.958,2.195],[127.837,2.091],[127.744,1.967],[127.748,1.946],[127.768,1.959],[127.789,1.911],[127.759,1.884],[127.764,1.864],[127.744,1.856],[127.71,1.751],[127.703,1.703],[127.732,1.625],[127.729,1.539],[127.702,1.473],[127.67,1.463],[127.68,1.443],[127.657,1.416],[127.676,1.377],[127.653,1.327],[127.635,1.321],[127.634,1.274],[127.649,1.266],[127.623,1.237],[127.644,1.171],[127.619,1.14],[127.625,1.116],[127.603,1.108],[127.618,1.027],[127.594,0.966],[127.605,0.915],[127.632,0.878],[127.675,0.83],[127.709,0.821]]],[[[127.747,2.269],[127.745,2.272],[127.744,2.27],[127.747,2.269]]],[[[127.821,2.272],[127.819,2.274],[127.819,2.272],[127.821,2.272]]],[[[127.744,2.273],[127.743,2.274],[127.742,2.273],[127.744,2.273]]],[[[127.778,2.294],[127.756,2.263],[127.773,2.259],[127.772,2.22],[127.795,2.217],[127.816,2.229],[127.825,2.269],[127.779,2.275],[127.778,2.294]]]]},"id":8205},{"type":"Feature","properties":{"code":6306},"geometry":{"type":"Polygon","coordinates":[[[115.507,-2.886],[115.572,-2.81],[115.595,-2.749],[115.588,-2.713],[115.547,-2.729],[115.495,-2.717],[115.438,-2.782],[115.328,-2.702],[115.25,-2.678],[115.226,-2.688],[115.21,-2.65],[115.172,-2.636],[115.157,-2.611],[115.156,-2.571],[115.178,-2.554],[114.997,-2.498],[114.89,-2.514],[114.866,-2.531],[114.997,-2.756],[115.026,-2.779],[115.074,-2.786],[115.068,-2.845],[115.094,-2.829],[115.23,-2.87],[115.267,-2.896],[115.282,-2.929],[115.348,-2.936],[115.384,-2.91],[115.382,-2.881],[115.41,-2.892],[115.478,-2.872],[115.507,-2.886]]]},"id":6306},{"type":"Feature","properties":{"code":6307},"geometry":{"type":"Polygon","coordinates":[[[115.401,-2.44],[115.376,-2.494],[115.349,-2.482],[115.285,-2.524],[115.178,-2.554],[115.156,-2.571],[115.157,-2.611],[115.172,-2.636],[115.21,-2.65],[115.226,-2.688],[115.25,-2.678],[115.328,-2.702],[115.438,-2.782],[115.495,-2.717],[115.547,-2.729],[115.583,-2.711],[115.596,-2.734],[115.663,-2.722],[115.706,-2.702],[115.725,-2.659],[115.764,-2.658],[115.829,-2.605],[115.888,-2.614],[115.877,-2.527],[115.84,-2.508],[115.803,-2.504],[115.771,-2.528],[115.758,-2.568],[115.717,-2.59],[115.681,-2.538],[115.685,-2.513],[115.401,-2.44]]]},"id":6307},{"type":"Feature","properties":{"code":6308},"geometry":{"type":"Polygon","coordinates":[[[115.355,-2.341],[115.25,-2.354],[115.153,-2.304],[114.914,-2.459],[114.86,-2.521],[114.866,-2.531],[114.89,-2.514],[114.997,-2.498],[115.178,-2.554],[115.285,-2.524],[115.349,-2.482],[115.376,-2.494],[115.401,-2.44],[115.338,-2.395],[115.316,-2.4],[115.318,-2.358],[115.355,-2.341]]]},"id":6308},{"type":"Feature","properties":{"code":1215},"geometry":{"type":"MultiPolygon","coordinates":[[[[98.823,2.342],[98.824,2.343],[98.823,2.345],[98.823,2.342]]],[[[98.835,2.355],[98.749,2.439],[98.659,2.425],[98.614,2.398],[98.61,2.453],[98.594,2.476],[98.51,2.487],[98.473,2.464],[98.445,2.487],[98.362,2.465],[98.338,2.425],[98.288,2.421],[98.293,2.337],[98.241,2.357],[98.252,2.275],[98.27,2.262],[98.265,2.221],[98.279,2.222],[98.275,2.188],[98.303,2.161],[98.333,2.159],[98.449,2.092],[98.553,2.074],[98.591,2.083],[98.606,2.022],[98.644,2.003],[98.655,2.018],[98.679,1.989],[98.725,2.126],[98.816,2.161],[98.811,2.188],[98.921,2.229],[98.94,2.262],[98.972,2.272],[98.953,2.321],[98.854,2.338],[98.834,2.321],[98.816,2.346],[98.835,2.355]]]]},"id":1215},{"type":"Feature","properties":{"code":1403},"geometry":{"type":"MultiPolygon","coordinates":[[[[103.341,-0.642],[103.316,-0.666],[103.235,-0.684],[103.291,-0.701],[103.397,-0.692],[103.419,-0.669],[103.4,-0.647],[103.371,-0.651],[103.341,-0.642]]],[[[103.429,-0.606],[103.376,-0.61],[103.354,-0.628],[103.343,-0.627],[103.335,-0.638],[103.413,-0.636],[103.429,-0.606]]],[[[103.367,-0.374],[103.33,-0.356],[103.307,-0.382],[103.336,-0.403],[103.329,-0.435],[103.366,-0.429],[103.376,-0.437],[103.395,-0.51],[103.412,-0.519],[103.467,-0.502],[103.529,-0.51],[103.604,-0.432],[103.585,-0.399],[103.534,-0.396],[103.512,-0.368],[103.47,-0.381],[103.367,-0.374]]],[[[103.343,-0.25],[103.273,-0.244],[103.233,-0.277],[103.364,-0.357],[103.426,-0.358],[103.452,-0.34],[103.459,-0.313],[103.437,-0.301],[103.421,-0.303],[103.403,-0.293],[103.38,-0.296],[103.347,-0.286],[103.344,-0.284],[103.344,-0.279],[103.352,-0.265],[103.343,-0.25]]],[[[103.637,-0.226],[103.536,-0.219],[103.47,-0.306],[103.451,-0.358],[103.461,-0.371],[103.512,-0.36],[103.537,-0.387],[103.605,-0.395],[103.693,-0.354],[103.785,-0.343],[103.709,-0.256],[103.665,-0.253],[103.637,-0.226]]],[[[103.458,-0.31],[103.514,-0.201],[103.344,-0.25],[103.352,-0.263],[103.352,-0.266],[103.345,-0.284],[103.405,-0.291],[103.444,-0.301],[103.458,-0.31]]],[[[103.555,-0.174],[103.511,-0.181],[103.479,-0.201],[103.567,-0.193],[103.555,-0.174]]],[[[103.589,-0.119],[103.598,-0.118],[103.6,-0.115],[103.589,-0.119]]],[[[103.517,-0.104],[103.499,-0.086],[103.474,-0.107],[103.503,-0.119],[103.504,-0.105],[103.517,-0.104]]],[[[103.581,-0.077],[103.527,-0.087],[103.52,-0.104],[103.506,-0.105],[103.506,-0.119],[103.585,-0.101],[103.581,-0.077]]],[[[103.476,-0.049],[103.466,-0.043],[103.465,-0.056],[103.48,-0.055],[103.491,-0.084],[103.528,-0.081],[103.502,-0.08],[103.476,-0.049]]],[[[103.669,-0.049],[103.68,-0.036],[103.636,-0.015],[103.649,-0.044],[103.669,-0.049]]],[[[103.648,-0.046],[103.637,-0.018],[103.615,-0.007],[103.6,-0.019],[103.648,-0.046]]],[[[103.587,0.408],[103.58,0.432],[103.539,0.447],[103.587,0.408]]],[[[103.442,-0.739],[103.419,-0.73],[103.436,-0.716],[103.423,-0.705],[103.375,-0.695],[103.287,-0.705],[103.226,-0.685],[103.313,-0.663],[103.34,-0.628],[103.374,-0.609],[103.418,-0.6],[103.437,-0.552],[103.428,-0.531],[103.39,-0.515],[103.37,-0.435],[103.324,-0.438],[103.334,-0.404],[103.305,-0.381],[103.326,-0.352],[103.246,-0.305],[103.226,-0.271],[103.277,-0.236],[103.318,-0.243],[103.396,-0.227],[103.494,-0.157],[103.497,-0.133],[103.471,-0.119],[103.472,-0.103],[103.488,-0.086],[103.477,-0.055],[103.463,-0.058],[103.461,-0.045],[103.468,-0.04],[103.504,-0.078],[103.535,-0.08],[103.583,-0.061],[103.595,-0.035],[103.57,-0.035],[103.615,-0.005],[103.69,-0.023],[103.806,-0.012],[103.814,-0.0],[103.782,0.072],[103.756,0.218],[103.715,0.296],[103.678,0.326],[103.613,0.346],[103.577,0.401],[103.415,0.523],[103.357,0.537],[103.336,0.485],[103.255,0.446],[103.145,0.34],[103.003,0.29],[102.835,0.137],[102.716,0.105],[102.72,-0.462],[102.707,-0.477],[102.691,-0.469],[102.687,-0.539],[102.663,-0.604],[102.667,-0.672],[102.639,-0.716],[102.638,-0.805],[102.576,-0.889],[102.556,-1.095],[102.616,-1.094],[102.646,-1.122],[102.685,-1.084],[102.731,-1.076],[102.733,-1.054],[102.756,-1.045],[102.758,-1.027],[102.781,-1.033],[102.783,-0.998],[102.928,-0.867],[103.012,-0.755],[103.138,-0.749],[103.345,-0.792],[103.357,-0.806],[103.439,-0.771],[103.442,-0.739]]]]},"id":1403},{"type":"Feature","properties":{"code":1402},"geometry":{"type":"Polygon","coordinates":[[[102.716,0.105],[102.593,0.101],[102.538,0.074],[102.5,0.023],[102.475,-0.097],[102.407,-0.166],[102.368,-0.178],[102.207,-0.171],[102.165,-0.263],[102.097,-0.275],[101.96,-0.406],[101.892,-0.395],[101.906,-0.538],[101.805,-0.66],[101.776,-0.794],[101.783,-0.843],[101.839,-0.88],[101.851,-0.922],[101.914,-0.883],[101.927,-0.905],[101.959,-0.909],[101.977,-0.882],[102.007,-0.878],[102.117,-0.92],[102.139,-0.899],[102.165,-0.898],[102.203,-0.948],[102.254,-0.921],[102.306,-0.917],[102.326,-0.963],[102.386,-0.993],[102.382,-1.026],[102.442,-1.025],[102.476,-1.076],[102.555,-1.09],[102.576,-0.889],[102.638,-0.805],[102.639,-0.716],[102.667,-0.672],[102.663,-0.604],[102.687,-0.539],[102.691,-0.469],[102.707,-0.477],[102.72,-0.462],[102.716,0.105]]]},"id":1402},{"type":"Feature","properties":{"code":3212},"geometry":{"type":"Polygon","coordinates":[[[108.539,-6.516],[108.534,-6.48],[108.448,-6.431],[108.385,-6.357],[108.348,-6.246],[108.334,-6.274],[108.32,-6.254],[108.22,-6.24],[108.198,-6.221],[108.167,-6.231],[108.202,-6.242],[108.21,-6.273],[108.127,-6.335],[108.031,-6.306],[107.923,-6.251],[107.911,-6.269],[107.93,-6.309],[107.917,-6.323],[107.923,-6.359],[107.89,-6.403],[107.894,-6.448],[107.878,-6.457],[107.895,-6.462],[107.898,-6.484],[107.918,-6.485],[107.905,-6.505],[107.92,-6.514],[107.893,-6.557],[107.851,-6.574],[107.909,-6.596],[107.988,-6.669],[108.025,-6.677],[108.031,-6.638],[108.07,-6.614],[108.073,-6.575],[108.12,-6.54],[108.158,-6.612],[108.187,-6.609],[108.21,-6.573],[108.276,-6.591],[108.275,-6.616],[108.292,-6.62],[108.293,-6.609],[108.308,-6.623],[108.393,-6.534],[108.437,-6.522],[108.454,-6.573],[108.539,-6.516]]]},"id":3212},{"type":"Feature","properties":{"code":9606},"geometry":{"type":"Polygon","coordinates":[[[136.881,-3.241],[136.827,-3.281],[136.788,-3.265],[136.731,-3.282],[136.646,-3.257],[136.625,-3.237],[136.568,-3.25],[136.537,-3.226],[136.486,-3.226],[136.445,-3.177],[136.434,-3.085],[136.364,-3.042],[136.339,-3.005],[136.351,-2.941],[136.325,-2.913],[136.296,-2.916],[136.322,-2.941],[136.297,-2.985],[136.335,-3.052],[136.335,-3.098],[136.314,-3.132],[136.32,-3.164],[136.356,-3.186],[136.393,-3.292],[136.392,-3.352],[136.344,-3.377],[136.513,-3.631],[136.726,-3.843],[136.726,-3.905],[137.188,-3.909],[137.126,-3.817],[137.105,-3.751],[137.144,-3.597],[137.079,-3.591],[137.024,-3.552],[137.024,-3.501],[136.983,-3.485],[136.978,-3.417],[136.956,-3.412],[136.949,-3.336],[136.915,-3.308],[136.881,-3.241]]]},"id":9606},{"type":"Feature","properties":{"code":9403},"geometry":{"type":"Polygon","coordinates":[[[140.652,-2.476],[140.613,-2.439],[140.596,-2.455],[140.559,-2.439],[140.543,-2.448],[140.524,-2.427],[140.497,-2.443],[140.487,-2.428],[140.348,-2.395],[140.375,-2.43],[140.373,-2.449],[140.367,-2.461],[140.354,-2.445],[140.335,-2.464],[140.336,-2.448],[140.264,-2.423],[140.253,-2.4],[140.229,-2.405],[140.231,-2.421],[140.207,-2.407],[140.189,-2.38],[140.152,-2.369],[140.151,-2.323],[140.134,-2.347],[140.111,-2.319],[140.083,-2.329],[140.069,-2.356],[140.001,-2.36],[139.983,-2.429],[139.746,-2.402],[139.422,-2.47],[139.492,-3.096],[139.515,-3.132],[139.477,-3.168],[139.475,-3.187],[139.493,-3.203],[139.486,-3.247],[139.512,-3.307],[139.495,-3.368],[139.469,-3.398],[139.476,-3.411],[139.44,-3.437],[139.487,-3.475],[139.467,-3.494],[139.472,-3.516],[139.495,-3.487],[139.505,-3.518],[139.551,-3.536],[139.608,-3.498],[139.613,-3.514],[139.586,-3.538],[139.625,-3.554],[139.66,-3.527],[139.673,-3.554],[139.676,-3.529],[139.703,-3.541],[139.717,-3.52],[139.752,-3.567],[139.765,-3.558],[139.804,-3.564],[139.801,-3.584],[139.862,-3.583],[139.89,-3.621],[139.965,-3.61],[139.958,-3.639],[139.982,-3.656],[140.019,-3.636],[140.043,-3.671],[140.065,-3.648],[140.088,-3.682],[140.315,-3.739],[140.32,-3.753],[140.384,-3.736],[140.385,-3.72],[140.357,-3.71],[140.365,-3.683],[140.342,-3.688],[140.396,-3.63],[140.374,-3.569],[140.385,-3.554],[140.362,-3.528],[140.374,-3.533],[140.379,-3.514],[140.337,-3.486],[140.366,-3.453],[140.348,-3.401],[140.37,-3.368],[140.364,-3.352],[140.343,-3.359],[140.351,-3.337],[140.306,-3.308],[140.337,-3.209],[140.32,-3.188],[140.367,-3.156],[140.356,-3.125],[140.36,-2.804],[140.387,-2.77],[140.446,-2.779],[140.476,-2.75],[140.524,-2.779],[140.574,-2.758],[140.624,-2.769],[140.632,-2.716],[140.614,-2.612],[140.624,-2.531],[140.652,-2.476]]]},"id":9403},{"type":"Feature","properties":{"code":9702},"geometry":{"type":"Polygon","coordinates":[[[138.977,-3.922],[138.918,-3.899],[138.894,-3.859],[138.906,-3.797],[138.823,-3.766],[138.804,-3.759],[138.784,-3.823],[138.713,-3.787],[138.611,-3.784],[138.601,-3.845],[138.717,-3.848],[138.708,-3.887],[138.728,-3.911],[138.677,-3.968],[138.599,-4.14],[138.639,-4.138],[138.726,-4.173],[138.66,-4.244],[138.61,-4.328],[138.592,-4.401],[138.623,-4.485],[138.72,-4.471],[138.709,-4.328],[139.047,-4.192],[139.362,-4.113],[139.247,-4.012],[139.025,-4.043],[138.977,-3.922]]]},"id":9702},{"type":"Feature","properties":{"code":3509},"geometry":{"type":"MultiPolygon","coordinates":[[[[113.746,-8.544],[113.746,-8.542],[113.744,-8.544],[113.746,-8.544]]],[[[113.835,-8.534],[113.835,-8.533],[113.834,-8.533],[113.835,-8.534]]],[[[113.708,-8.531],[113.703,-8.533],[113.709,-8.533],[113.708,-8.531]]],[[[113.715,-8.504],[113.714,-8.503],[113.713,-8.504],[113.715,-8.504]]],[[[113.618,-8.497],[113.616,-8.498],[113.618,-8.498],[113.618,-8.497]]],[[[113.419,-8.469],[113.29,-8.445],[113.268,-8.467],[113.268,-8.497],[113.306,-8.508],[113.398,-8.496],[113.419,-8.469]]],[[[113.578,-8.44],[113.58,-8.441],[113.579,-8.44],[113.578,-8.44]]],[[[113.551,-8.438],[113.551,-8.436],[113.55,-8.438],[113.551,-8.438]]],[[[113.537,-8.432],[113.535,-8.431],[113.535,-8.433],[113.537,-8.432]]],[[[114.043,-8.133],[114.009,-8.074],[113.894,-8.015],[113.868,-8.035],[113.845,-8.024],[113.854,-8.045],[113.802,-8.057],[113.77,-8.038],[113.747,-8.064],[113.726,-8.023],[113.687,-8.011],[113.671,-7.968],[113.627,-7.975],[113.614,-7.992],[113.602,-7.979],[113.56,-7.986],[113.528,-8.016],[113.48,-7.992],[113.479,-8.017],[113.458,-8.024],[113.391,-7.997],[113.348,-8.054],[113.379,-8.157],[113.353,-8.203],[113.313,-8.228],[113.319,-8.265],[113.303,-8.307],[113.358,-8.35],[113.388,-8.4],[113.432,-8.379],[113.472,-8.383],[113.484,-8.416],[113.494,-8.413],[113.552,-8.436],[113.569,-8.425],[113.582,-8.444],[113.6,-8.435],[113.638,-8.455],[113.646,-8.495],[113.683,-8.491],[113.689,-8.505],[113.702,-8.482],[113.717,-8.485],[113.721,-8.496],[113.712,-8.528],[113.796,-8.489],[113.812,-8.503],[113.806,-8.555],[113.828,-8.527],[113.837,-8.53],[113.837,-8.554],[113.855,-8.519],[113.842,-8.494],[113.854,-8.429],[113.89,-8.409],[113.91,-8.441],[113.947,-8.401],[113.909,-8.346],[113.927,-8.327],[113.934,-8.255],[113.966,-8.232],[113.957,-8.206],[114.043,-8.133]]]]},"id":3509},{"type":"Feature","properties":{"code":5101},"geometry":{"type":"MultiPolygon","coordinates":[[[[114.45,-8.172],[114.447,-8.178],[114.453,-8.173],[114.45,-8.172]]],[[[114.451,-8.165],[114.45,-8.165],[114.451,-8.167],[114.451,-8.165]]],[[[114.445,-8.164],[114.443,-8.164],[114.444,-8.165],[114.445,-8.164]]],[[[114.458,-8.193],[114.459,-8.166],[114.451,-8.178],[114.442,-8.184],[114.438,-8.16],[114.431,-8.17],[114.448,-8.219],[114.581,-8.398],[114.751,-8.399],[114.915,-8.467],[114.936,-8.391],[114.87,-8.337],[114.824,-8.332],[114.807,-8.252],[114.776,-8.263],[114.755,-8.231],[114.703,-8.198],[114.684,-8.231],[114.652,-8.226],[114.618,-8.183],[114.59,-8.173],[114.513,-8.205],[114.458,-8.193]]]]},"id":5101},{"type":"Feature","properties":{"code":7304},"geometry":{"type":"MultiPolygon","coordinates":[[[[119.601,-5.647],[119.596,-5.646],[119.601,-5.649],[119.601,-5.647]]],[[[119.524,-5.593],[119.528,-5.592],[119.527,-5.589],[119.524,-5.593]]],[[[119.52,-5.591],[119.514,-5.59],[119.515,-5.593],[119.52,-5.591]]],[[[119.937,-5.386],[119.86,-5.447],[119.786,-5.569],[119.706,-5.545],[119.699,-5.501],[119.669,-5.514],[119.664,-5.478],[119.631,-5.475],[119.648,-5.452],[119.639,-5.43],[119.573,-5.446],[119.529,-5.431],[119.505,-5.457],[119.521,-5.485],[119.486,-5.492],[119.487,-5.51],[119.518,-5.548],[119.512,-5.569],[119.573,-5.606],[119.56,-5.611],[119.553,-5.594],[119.545,-5.633],[119.556,-5.648],[119.578,-5.658],[119.585,-5.614],[119.612,-5.612],[119.654,-5.633],[119.658,-5.653],[119.64,-5.672],[119.672,-5.694],[119.794,-5.7],[119.85,-5.665],[119.836,-5.639],[119.862,-5.633],[119.865,-5.61],[119.904,-5.584],[119.9,-5.557],[119.856,-5.554],[119.853,-5.516],[119.876,-5.527],[119.879,-5.49],[119.923,-5.434],[119.937,-5.386]]]]},"id":7304},{"type":"Feature","properties":{"code":3320},"geometry":{"type":"MultiPolygon","coordinates":[[[[110.63,-6.573],[110.625,-6.575],[110.631,-6.577],[110.63,-6.573]]],[[[110.759,-6.791],[110.792,-6.752],[110.83,-6.754],[110.836,-6.737],[110.82,-6.708],[110.839,-6.702],[110.859,-6.623],[110.907,-6.614],[110.912,-6.499],[110.968,-6.464],[110.975,-6.41],[110.836,-6.407],[110.722,-6.448],[110.69,-6.498],[110.664,-6.502],[110.683,-6.518],[110.644,-6.555],[110.662,-6.573],[110.643,-6.584],[110.655,-6.597],[110.638,-6.618],[110.645,-6.652],[110.592,-6.724],[110.618,-6.706],[110.664,-6.716],[110.666,-6.764],[110.695,-6.768],[110.704,-6.794],[110.759,-6.791]]],[[[110.92,-6.385],[110.923,-6.38],[110.919,-6.382],[110.92,-6.385]]],[[[110.405,-5.891],[110.411,-5.892],[110.41,-5.884],[110.405,-5.891]]],[[[110.433,-5.896],[110.425,-5.881],[110.422,-5.887],[110.433,-5.896]]],[[[110.355,-5.88],[110.357,-5.872],[110.353,-5.876],[110.355,-5.88]]],[[[110.585,-5.862],[110.579,-5.861],[110.585,-5.866],[110.585,-5.862]]],[[[110.484,-5.858],[110.489,-5.857],[110.487,-5.854],[110.484,-5.858]]],[[[110.239,-5.85],[110.24,-5.847],[110.238,-5.848],[110.239,-5.85]]],[[[110.584,-5.845],[110.583,-5.843],[110.582,-5.845],[110.584,-5.845]]],[[[110.607,-5.849],[110.599,-5.851],[110.6,-5.866],[110.607,-5.849]]],[[[110.196,-5.815],[110.184,-5.811],[110.18,-5.818],[110.196,-5.815]]],[[[110.508,-5.81],[110.508,-5.808],[110.507,-5.807],[110.508,-5.81]]],[[[110.373,-5.807],[110.375,-5.803],[110.372,-5.807],[110.373,-5.807]]],[[[110.163,-5.801],[110.164,-5.8],[110.163,-5.799],[110.163,-5.801]]],[[[110.507,-5.801],[110.51,-5.799],[110.507,-5.798],[110.507,-5.801]]],[[[110.455,-5.798],[110.454,-5.797],[110.456,-5.798],[110.455,-5.798]]],[[[110.555,-5.804],[110.561,-5.797],[110.553,-5.804],[110.555,-5.804]]],[[[110.346,-5.798],[110.342,-5.796],[110.342,-5.799],[110.346,-5.798]]],[[[110.51,-5.783],[110.514,-5.782],[110.51,-5.779],[110.51,-5.783]]],[[[110.484,-5.77],[110.449,-5.809],[110.461,-5.8],[110.476,-5.814],[110.472,-5.797],[110.479,-5.808],[110.475,-5.819],[110.41,-5.839],[110.448,-5.889],[110.447,-5.862],[110.477,-5.854],[110.467,-5.831],[110.484,-5.836],[110.494,-5.818],[110.474,-5.794],[110.484,-5.77]]],[[[110.233,-5.769],[110.239,-5.768],[110.238,-5.766],[110.233,-5.769]]],[[[110.191,-5.74],[110.185,-5.738],[110.191,-5.743],[110.191,-5.74]]],[[[110.412,-5.741],[110.402,-5.733],[110.407,-5.746],[110.412,-5.741]]],[[[110.245,-5.762],[110.248,-5.725],[110.231,-5.737],[110.245,-5.762]]]]},"id":3320},{"type":"Feature","properties":{"code":3517},"geometry":{"type":"Polygon","coordinates":[[[112.075,-7.383],[112.062,-7.417],[112.079,-7.473],[112.125,-7.452],[112.154,-7.463],[112.169,-7.489],[112.111,-7.565],[112.121,-7.606],[112.165,-7.613],[112.254,-7.727],[112.301,-7.726],[112.397,-7.776],[112.435,-7.767],[112.455,-7.779],[112.403,-7.622],[112.363,-7.552],[112.374,-7.487],[112.404,-7.461],[112.332,-7.453],[112.347,-7.436],[112.335,-7.37],[112.345,-7.345],[112.253,-7.363],[112.187,-7.352],[112.075,-7.383]]]},"id":3517},{"type":"Feature","properties":{"code":9102},"geometry":{"type":"MultiPolygon","coordinates":[[[[132.908,-4.129],[132.905,-4.121],[132.903,-4.128],[132.908,-4.129]]],[[[133.285,-4.186],[133.199,-4.102],[133.199,-4.182],[133.261,-4.216],[133.276,-4.256],[133.327,-4.254],[133.346,-4.235],[133.342,-4.204],[133.285,-4.186]]],[[[132.968,-4.083],[132.973,-4.084],[132.973,-4.08],[132.968,-4.083]]],[[[134.26,-4.042],[134.258,-4.013],[134.221,-3.993],[134.235,-4.034],[134.26,-4.042]]],[[[134.441,-4.019],[134.379,-3.987],[134.385,-4.015],[134.365,-4.03],[134.441,-4.019]]],[[[134.893,-3.945],[134.903,-3.939],[134.897,-3.938],[134.893,-3.945]]],[[[134.733,-3.947],[134.674,-3.939],[134.687,-3.96],[134.733,-3.947]]],[[[134.1,-3.914],[134.051,-3.923],[134.085,-3.981],[134.205,-4.028],[134.1,-3.914]]],[[[134.044,-3.91],[134.051,-3.908],[134.041,-3.908],[134.044,-3.91]]],[[[133.929,-3.883],[133.937,-3.883],[133.936,-3.877],[133.929,-3.883]]],[[[134.023,-3.869],[134.039,-3.85],[134.011,-3.858],[134.023,-3.869]]],[[[134.098,-3.839],[134.1,-3.833],[134.095,-3.839],[134.098,-3.839]]],[[[134.009,-3.816],[134.013,-3.813],[134.008,-3.814],[134.009,-3.816]]],[[[134.051,-3.827],[134.024,-3.812],[134.023,-3.824],[134.002,-3.821],[134.002,-3.853],[134.043,-3.843],[134.051,-3.827]]],[[[134.168,-3.8],[134.169,-3.792],[134.165,-3.799],[134.168,-3.8]]],[[[133.9,-3.743],[133.874,-3.721],[133.898,-3.833],[133.925,-3.878],[133.9,-3.743]]],[[[133.635,-3.473],[133.632,-3.465],[133.629,-3.471],[133.635,-3.473]]],[[[133.67,-3.437],[133.679,-3.438],[133.682,-3.433],[133.67,-3.437]]],[[[133.617,-3.423],[133.601,-3.434],[133.624,-3.456],[133.633,-3.432],[133.617,-3.423]]],[[[133.768,-3.125],[133.773,-3.118],[133.77,-3.117],[133.768,-3.125]]],[[[133.774,-3.054],[133.767,-3.079],[133.8,-3.112],[133.799,-3.089],[133.774,-3.054]]],[[[135.002,-4.105],[135.257,-3.751],[134.413,-3.474],[134.251,-3.402],[134.224,-3.35],[134.323,-3.184],[134.233,-3.043],[134.172,-2.852],[134.133,-2.839],[133.865,-2.955],[133.769,-3.005],[133.678,-3.004],[133.62,-3.05],[133.354,-3.298],[133.123,-3.588],[132.825,-3.891],[132.852,-3.963],[132.82,-3.922],[132.812,-3.945],[132.827,-3.968],[132.848,-3.968],[132.849,-4.019],[132.877,-4.056],[132.866,-4.091],[132.943,-4.123],[132.964,-4.08],[133.001,-4.06],[133.139,-4.079],[133.231,-3.998],[133.333,-4.001],[133.419,-3.882],[133.394,-3.886],[133.325,-3.867],[133.333,-3.842],[133.332,-3.858],[133.39,-3.88],[133.465,-3.861],[133.458,-3.825],[133.417,-3.798],[133.399,-3.74],[133.413,-3.7],[133.459,-3.674],[133.495,-3.627],[133.479,-3.606],[133.5,-3.588],[133.489,-3.561],[133.471,-3.563],[133.455,-3.548],[133.351,-3.552],[133.284,-3.532],[133.354,-3.549],[133.448,-3.545],[133.398,-3.507],[133.435,-3.511],[133.458,-3.546],[133.491,-3.557],[133.495,-3.564],[133.509,-3.56],[133.499,-3.541],[133.514,-3.531],[133.503,-3.547],[133.512,-3.564],[133.497,-3.571],[133.508,-3.591],[133.495,-3.621],[133.587,-3.574],[133.602,-3.531],[133.555,-3.46],[133.472,-3.421],[133.466,-3.406],[133.546,-3.442],[133.559,-3.433],[133.548,-3.411],[133.569,-3.432],[133.642,-3.415],[133.671,-3.343],[133.655,-3.235],[133.677,-3.212],[133.657,-3.122],[133.673,-3.125],[133.73,-3.043],[133.757,-3.032],[133.747,-3.024],[133.722,-3.032],[133.699,-3.027],[133.768,-3.022],[133.799,-3.03],[133.8,-3.014],[133.838,-2.995],[133.864,-2.956],[133.878,-2.952],[133.861,-2.967],[133.868,-3.028],[133.897,-3.076],[133.95,-3.079],[133.97,-3.062],[133.951,-3.08],[133.903,-3.087],[133.897,-3.1],[133.922,-3.104],[133.897,-3.101],[133.896,-3.113],[133.895,-3.095],[133.902,-3.087],[133.842,-3.024],[133.835,-3.093],[133.81,-3.12],[133.778,-3.118],[133.778,-3.174],[133.705,-3.174],[133.708,-3.212],[133.671,-3.244],[133.673,-3.323],[133.702,-3.409],[133.683,-3.438],[133.669,-3.449],[133.642,-3.452],[133.64,-3.473],[133.628,-3.479],[133.706,-3.59],[133.695,-3.674],[133.755,-3.649],[133.817,-3.73],[133.789,-3.618],[133.839,-3.559],[133.846,-3.638],[133.91,-3.703],[133.919,-3.747],[133.946,-3.776],[133.921,-3.755],[133.916,-3.784],[133.964,-3.863],[133.989,-3.824],[134.043,-3.785],[134.065,-3.823],[134.12,-3.791],[134.103,-3.769],[134.118,-3.748],[134.131,-3.764],[134.142,-3.745],[134.161,-3.781],[134.177,-3.776],[134.181,-3.828],[134.194,-3.831],[134.104,-3.898],[134.161,-3.904],[134.168,-3.892],[134.165,-3.923],[134.184,-3.945],[134.231,-3.977],[134.244,-3.968],[134.302,-4.046],[134.335,-4.018],[134.27,-3.936],[134.353,-3.963],[134.346,-3.91],[134.362,-3.915],[134.321,-3.883],[134.335,-3.877],[134.403,-3.918],[134.44,-3.916],[134.477,-3.965],[134.475,-3.982],[134.451,-3.982],[134.503,-4.013],[134.496,-4.024],[134.511,-4.041],[134.546,-4.032],[134.573,-3.997],[134.605,-3.996],[134.625,-3.949],[134.672,-3.917],[134.736,-3.936],[134.766,-3.913],[134.873,-3.947],[134.885,-3.929],[134.93,-3.931],[134.907,-3.944],[134.909,-3.959],[134.959,-3.944],[134.967,-3.957],[134.945,-3.978],[134.864,-3.979],[134.856,-3.948],[134.761,-3.93],[134.724,-3.956],[134.657,-3.979],[134.665,-4.036],[134.681,-4.053],[134.718,-4.056],[134.652,-4.074],[134.621,-4.118],[134.648,-4.134],[134.706,-4.137],[134.719,-4.198],[134.759,-4.206],[134.809,-4.251],[134.87,-4.251],[135.002,-4.105]]]]},"id":9102},{"type":"Feature","properties":{"code":1406},"geometry":{"type":"MultiPolygon","coordinates":[[[[100.744,0.869],[100.776,0.872],[100.776,0.879],[100.74,0.887],[100.744,0.869]]],[[[100.744,0.869],[100.75,0.849],[100.703,0.832],[100.691,0.803],[100.635,0.833],[100.617,0.823],[100.612,0.807],[100.678,0.778],[100.593,0.7],[100.676,0.589],[100.771,0.528],[100.793,0.544],[100.808,0.529],[100.84,0.466],[100.838,0.375],[100.81,0.353],[100.772,0.389],[100.735,0.38],[100.571,0.532],[100.512,0.457],[100.477,0.451],[100.435,0.417],[100.482,0.401],[100.498,0.364],[100.534,0.34],[100.535,0.311],[100.676,0.186],[100.701,0.245],[100.764,0.236],[100.8,0.257],[100.834,0.235],[100.848,0.175],[100.84,0.145],[100.787,0.127],[100.774,0.102],[100.801,0.049],[100.832,0.066],[100.85,0.053],[100.847,0.0],[100.814,-0.04],[100.782,-0.011],[100.745,-0.046],[100.768,-0.161],[100.763,-0.212],[100.801,-0.243],[100.806,-0.271],[100.837,-0.289],[100.844,-0.339],[100.979,-0.312],[101.024,-0.339],[101.047,-0.376],[101.114,-0.389],[101.142,-0.333],[101.141,-0.289],[101.166,-0.26],[101.157,-0.236],[101.176,-0.234],[101.201,-0.183],[101.193,-0.118],[101.272,-0.004],[101.368,-0.148],[101.409,-0.073],[101.451,-0.127],[101.47,-0.128],[101.483,-0.1],[101.524,-0.117],[101.514,-0.037],[101.534,0.029],[101.568,0.051],[101.592,0.193],[101.565,0.218],[101.574,0.253],[101.58,0.267],[101.681,0.27],[101.658,0.321],[101.687,0.383],[101.614,0.394],[101.574,0.454],[101.567,0.425],[101.476,0.455],[101.453,0.442],[101.447,0.416],[101.362,0.431],[101.349,0.49],[101.374,0.554],[101.326,0.598],[101.381,0.658],[101.314,0.697],[101.334,0.797],[101.305,0.8],[100.906,1.029],[100.771,0.865],[100.759,0.855],[100.744,0.869]]]]},"id":1406},{"type":"Feature","properties":{"code":6203},"geometry":{"type":"MultiPolygon","coordinates":[[[[114.256,-3.378],[114.26,-3.379],[114.259,-3.377],[114.256,-3.378]]],[[[114.792,-2.624],[114.697,-2.571],[114.757,-2.49],[114.722,-2.464],[114.654,-2.56],[114.617,-2.544],[114.598,-2.562],[114.554,-2.546],[114.718,-2.115],[114.705,-2.039],[114.62,-1.949],[114.637,-1.788],[114.599,-1.678],[114.674,-1.521],[114.667,-1.316],[114.7,-1.252],[114.71,-1.165],[114.678,-1.138],[114.54,-1.137],[114.499,-1.111],[114.456,-1.034],[114.459,-0.989],[114.501,-0.916],[114.569,-0.857],[114.424,-0.832],[114.27,-0.864],[114.228,-0.859],[114.133,-0.782],[114.06,-0.54],[113.991,-0.381],[113.942,-0.386],[113.92,-0.466],[113.775,-0.43],[113.737,-0.601],[113.67,-0.679],[113.65,-0.737],[113.678,-0.773],[113.722,-0.887],[113.763,-0.937],[113.934,-1.003],[113.972,-1.044],[114.008,-1.474],[113.969,-1.541],[113.991,-1.579],[113.971,-1.672],[113.989,-1.797],[114.032,-1.924],[114.098,-1.979],[114.133,-2.04],[114.133,-2.218],[114.251,-2.293],[114.275,-2.331],[114.317,-2.523],[114.334,-2.718],[114.348,-2.734],[114.287,-2.792],[114.293,-2.825],[114.265,-2.911],[114.223,-2.953],[114.283,-3.043],[114.226,-3.194],[114.203,-3.187],[114.132,-3.381],[114.183,-3.393],[114.249,-3.366],[114.262,-3.375],[114.259,-3.38],[114.247,-3.388],[114.254,-3.403],[114.347,-3.46],[114.357,-3.321],[114.375,-3.287],[114.435,-3.242],[114.449,-3.209],[114.423,-3.179],[114.526,-3.086],[114.524,-3.072],[114.533,-3.081],[114.545,-3.067],[114.506,-2.999],[114.549,-2.943],[114.516,-2.921],[114.538,-2.927],[114.567,-2.864],[114.599,-2.89],[114.615,-2.884],[114.596,-2.815],[114.664,-2.8],[114.681,-2.737],[114.717,-2.74],[114.762,-2.719],[114.789,-2.676],[114.792,-2.624]]]]},"id":6203},{"type":"Feature","properties":{"code":6108},"geometry":{"type":"Polygon","coordinates":[[[114.205,1.41],[114.14,1.466],[113.974,1.449],[113.926,1.412],[113.821,1.373],[113.83,1.337],[113.803,1.3],[113.703,1.265],[113.666,1.218],[113.632,1.219],[113.618,1.229],[113.625,1.252],[113.597,1.262],[113.583,1.308],[113.549,1.32],[113.499,1.318],[113.454,1.286],[113.421,1.285],[113.327,1.375],[113.232,1.394],[113.188,1.376],[113.144,1.387],[113.105,1.445],[113.018,1.405],[112.975,1.41],[112.982,1.45],[113.04,1.473],[113.031,1.492],[113.07,1.529],[113.058,1.558],[112.999,1.578],[112.974,1.562],[112.884,1.586],[112.84,1.538],[112.774,1.563],[112.676,1.554],[112.657,1.571],[112.501,1.583],[112.446,1.553],[112.433,1.527],[112.319,1.507],[112.288,1.474],[112.204,1.435],[112.2,1.407],[112.232,1.398],[112.232,1.379],[112.202,1.314],[112.178,1.304],[112.173,1.252],[112.157,1.242],[112.164,1.209],[112.135,1.178],[112.142,1.135],[111.997,1.139],[111.935,1.122],[111.928,1.09],[111.886,1.078],[111.869,1.013],[111.828,0.986],[111.777,0.999],[111.762,1.021],[111.717,1.006],[111.713,1.025],[111.692,1.018],[111.667,1.043],[111.596,1.009],[111.58,0.978],[111.547,0.985],[111.551,0.947],[111.53,0.953],[111.54,0.932],[111.566,0.916],[111.623,0.924],[111.638,0.86],[111.748,0.75],[111.687,0.626],[111.74,0.578],[111.71,0.554],[111.729,0.471],[111.687,0.378],[111.652,0.345],[111.665,0.293],[111.681,0.267],[111.731,0.246],[111.836,0.228],[111.871,0.18],[111.957,0.185],[112.01,0.211],[112.089,0.17],[112.092,0.127],[112.117,0.085],[112.149,0.079],[112.272,0.128],[112.347,0.117],[112.422,0.144],[112.513,0.119],[112.505,0.152],[112.517,0.179],[112.567,0.202],[112.619,0.148],[112.648,0.171],[112.63,0.209],[112.683,0.241],[112.737,0.216],[112.793,0.241],[112.858,0.21],[112.96,0.2],[112.961,0.256],[112.985,0.292],[113.057,0.317],[113.13,0.241],[113.167,0.262],[113.271,0.24],[113.348,0.277],[113.423,0.262],[113.452,0.271],[113.586,0.404],[113.657,0.438],[113.668,0.49],[113.774,0.565],[113.811,0.641],[113.842,0.662],[113.843,0.705],[113.874,0.712],[113.896,0.741],[113.873,0.779],[113.926,0.84],[113.871,0.888],[113.872,0.916],[113.914,0.976],[113.915,1.002],[113.888,1.038],[113.895,1.055],[113.948,1.061],[113.962,1.11],[113.986,1.126],[114.036,1.11],[114.058,1.127],[114.086,1.104],[114.221,1.161],[114.198,1.191],[114.207,1.236],[114.187,1.268],[114.21,1.305],[114.207,1.341],[114.165,1.381],[114.205,1.41]]]},"id":6108},{"type":"Feature","properties":{"code":5107},"geometry":{"type":"MultiPolygon","coordinates":[[[[115.586,-8.533],[115.585,-8.532],[115.584,-8.534],[115.586,-8.533]]],[[[115.414,-8.434],[115.389,-8.482],[115.414,-8.474],[115.409,-8.53],[115.462,-8.503],[115.479,-8.55],[115.509,-8.54],[115.508,-8.512],[115.53,-8.501],[115.58,-8.517],[115.612,-8.506],[115.634,-8.462],[115.7,-8.417],[115.71,-8.377],[115.629,-8.324],[115.56,-8.233],[115.457,-8.166],[115.435,-8.183],[115.454,-8.198],[115.437,-8.218],[115.459,-8.247],[115.43,-8.267],[115.396,-8.357],[115.414,-8.434]]]]},"id":5107},{"type":"Feature","properties":{"code":3313},"geometry":{"type":"MultiPolygon","coordinates":[[[[110.709,-7.532],[110.796,-7.549],[110.8,-7.533],[110.748,-7.523],[110.709,-7.532]]],[[[110.815,-7.523],[110.868,-7.546],[110.861,-7.567],[110.912,-7.584],[110.902,-7.614],[110.946,-7.618],[110.96,-7.684],[110.941,-7.739],[110.969,-7.74],[110.968,-7.771],[111.017,-7.759],[111.045,-7.783],[111.05,-7.759],[111.109,-7.737],[111.111,-7.748],[111.138,-7.719],[111.181,-7.712],[111.192,-7.613],[111.129,-7.511],[111.092,-7.53],[111.063,-7.495],[111.04,-7.511],[111.043,-7.536],[110.939,-7.494],[110.871,-7.488],[110.824,-7.456],[110.804,-7.459],[110.815,-7.523]]]]},"id":3313},{"type":"Feature","properties":{"code":3215},"geometry":{"type":"Polygon","coordinates":[[[107.171,-6.482],[107.178,-6.551],[107.213,-6.59],[107.25,-6.573],[107.305,-6.491],[107.35,-6.485],[107.39,-6.499],[107.373,-6.468],[107.433,-6.459],[107.502,-6.407],[107.513,-6.421],[107.534,-6.415],[107.582,-6.312],[107.58,-6.256],[107.643,-6.214],[107.62,-6.187],[107.541,-6.178],[107.476,-6.149],[107.342,-5.97],[107.28,-5.959],[107.167,-5.988],[107.098,-5.94],[107.084,-5.99],[107.101,-6.016],[107.093,-6.027],[107.136,-6.049],[107.143,-6.071],[107.246,-6.101],[107.248,-6.116],[107.265,-6.111],[107.281,-6.127],[107.282,-6.148],[107.292,-6.141],[107.278,-6.162],[107.296,-6.202],[107.272,-6.216],[107.283,-6.225],[107.269,-6.231],[107.276,-6.267],[107.217,-6.315],[107.226,-6.349],[107.204,-6.375],[107.221,-6.384],[107.221,-6.408],[107.196,-6.422],[107.216,-6.461],[107.171,-6.482]]]},"id":3215},{"type":"Feature","properties":{"code":2101},"geometry":{"type":"MultiPolygon","coordinates":[[[[103.621,0.489],[103.623,0.493],[103.62,0.492],[103.621,0.489]]],[[[103.635,0.49],[103.624,0.488],[103.625,0.484],[103.635,0.49]]],[[[103.639,0.502],[103.629,0.506],[103.635,0.497],[103.639,0.502]]],[[[103.623,0.514],[103.633,0.512],[103.621,0.522],[103.623,0.514]]],[[[103.62,0.532],[103.622,0.534],[103.619,0.534],[103.62,0.532]]],[[[103.636,0.532],[103.621,0.531],[103.62,0.525],[103.635,0.515],[103.636,0.532]]],[[[103.568,0.534],[103.569,0.536],[103.567,0.536],[103.568,0.534]]],[[[103.569,0.538],[103.569,0.54],[103.568,0.539],[103.569,0.538]]],[[[103.567,0.537],[103.557,0.543],[103.56,0.538],[103.567,0.537]]],[[[103.622,0.539],[103.629,0.542],[103.625,0.548],[103.622,0.539]]],[[[103.552,0.549],[103.556,0.548],[103.555,0.55],[103.552,0.549]]],[[[103.773,0.542],[103.774,0.553],[103.773,0.553],[103.773,0.542]]],[[[103.624,0.506],[103.578,0.557],[103.569,0.551],[103.598,0.49],[103.624,0.506]]],[[[103.656,0.558],[103.657,0.559],[103.655,0.56],[103.656,0.558]]],[[[103.571,0.56],[103.575,0.561],[103.573,0.563],[103.571,0.56]]],[[[103.629,0.564],[103.632,0.566],[103.631,0.568],[103.629,0.564]]],[[[103.667,0.562],[103.652,0.568],[103.662,0.552],[103.667,0.562]]],[[[103.645,0.573],[103.65,0.574],[103.646,0.577],[103.645,0.573]]],[[[103.775,0.574],[103.776,0.578],[103.77,0.579],[103.775,0.574]]],[[[103.566,0.584],[103.567,0.585],[103.565,0.585],[103.566,0.584]]],[[[103.569,0.589],[103.571,0.589],[103.57,0.59],[103.569,0.589]]],[[[103.564,0.589],[103.564,0.591],[103.563,0.59],[103.564,0.589]]],[[[103.639,0.586],[103.643,0.591],[103.638,0.588],[103.639,0.586]]],[[[103.635,0.592],[103.638,0.594],[103.634,0.595],[103.635,0.592]]],[[[103.531,0.582],[103.53,0.598],[103.524,0.592],[103.531,0.582]]],[[[103.662,0.596],[103.657,0.599],[103.659,0.595],[103.662,0.596]]],[[[103.701,0.606],[103.697,0.606],[103.701,0.604],[103.701,0.606]]],[[[103.51,0.608],[103.516,0.607],[103.514,0.609],[103.51,0.608]]],[[[103.495,0.609],[103.49,0.611],[103.491,0.607],[103.495,0.609]]],[[[103.714,0.609],[103.705,0.606],[103.717,0.605],[103.714,0.609]]],[[[103.67,0.61],[103.677,0.61],[103.668,0.612],[103.67,0.61]]],[[[103.563,0.62],[103.565,0.622],[103.562,0.622],[103.563,0.62]]],[[[103.663,0.613],[103.632,0.624],[103.638,0.615],[103.663,0.613]]],[[[103.573,0.624],[103.571,0.625],[103.572,0.623],[103.573,0.624]]],[[[103.758,0.623],[103.76,0.625],[103.757,0.624],[103.758,0.623]]],[[[103.558,0.631],[103.557,0.634],[103.555,0.632],[103.558,0.631]]],[[[103.641,0.628],[103.629,0.635],[103.629,0.633],[103.641,0.628]]],[[[103.706,0.614],[103.671,0.635],[103.686,0.604],[103.706,0.614]]],[[[103.669,0.635],[103.671,0.636],[103.67,0.637],[103.669,0.635]]],[[[103.656,0.633],[103.66,0.636],[103.658,0.637],[103.656,0.633]]],[[[103.556,0.638],[103.553,0.639],[103.552,0.637],[103.556,0.638]]],[[[103.625,0.639],[103.628,0.642],[103.625,0.642],[103.625,0.639]]],[[[103.58,0.649],[103.584,0.65],[103.581,0.652],[103.58,0.649]]],[[[103.573,0.655],[103.577,0.662],[103.571,0.662],[103.573,0.655]]],[[[103.586,0.664],[103.583,0.664],[103.585,0.662],[103.586,0.664]]],[[[103.555,0.672],[103.559,0.675],[103.556,0.676],[103.555,0.672]]],[[[103.58,0.677],[103.572,0.669],[103.585,0.671],[103.58,0.677]]],[[[103.555,0.681],[103.558,0.688],[103.554,0.682],[103.555,0.681]]],[[[103.526,0.686],[103.529,0.688],[103.527,0.689],[103.526,0.686]]],[[[103.542,0.686],[103.545,0.688],[103.542,0.689],[103.542,0.686]]],[[[103.521,0.69],[103.492,0.685],[103.462,0.621],[103.49,0.624],[103.521,0.69]]],[[[103.533,0.69],[103.534,0.69],[103.534,0.692],[103.533,0.69]]],[[[103.586,0.677],[103.592,0.69],[103.585,0.697],[103.577,0.686],[103.586,0.677]]],[[[103.557,0.697],[103.552,0.7],[103.555,0.696],[103.557,0.697]]],[[[103.517,0.694],[103.502,0.706],[103.496,0.691],[103.517,0.694]]],[[[103.563,0.71],[103.565,0.711],[103.563,0.711],[103.563,0.71]]],[[[103.652,0.718],[103.652,0.722],[103.651,0.719],[103.652,0.718]]],[[[103.744,0.736],[103.692,0.728],[103.693,0.71],[103.741,0.685],[103.731,0.711],[103.744,0.736]]],[[[103.656,0.74],[103.674,0.712],[103.688,0.723],[103.68,0.733],[103.656,0.74]]],[[[103.726,0.741],[103.723,0.74],[103.729,0.738],[103.726,0.741]]],[[[103.567,0.725],[103.572,0.736],[103.558,0.748],[103.557,0.745],[103.567,0.725]]],[[[103.582,0.745],[103.585,0.748],[103.581,0.749],[103.582,0.745]]],[[[103.854,0.749],[103.853,0.75],[103.853,0.749],[103.854,0.749]]],[[[103.977,0.749],[103.964,0.752],[103.963,0.747],[103.977,0.749]]],[[[103.941,0.75],[103.941,0.754],[103.938,0.751],[103.941,0.75]]],[[[103.553,0.751],[103.547,0.752],[103.55,0.749],[103.553,0.751]]],[[[103.733,0.749],[103.73,0.757],[103.719,0.754],[103.733,0.749]]],[[[103.628,0.758],[103.629,0.76],[103.626,0.759],[103.628,0.758]]],[[[103.689,0.76],[103.683,0.761],[103.686,0.756],[103.689,0.76]]],[[[103.858,0.761],[103.856,0.764],[103.856,0.761],[103.858,0.761]]],[[[103.552,0.765],[103.553,0.767],[103.551,0.767],[103.552,0.765]]],[[[103.678,0.757],[103.678,0.768],[103.668,0.761],[103.678,0.757]]],[[[103.854,0.769],[103.848,0.765],[103.852,0.762],[103.854,0.769]]],[[[103.976,0.767],[103.98,0.766],[103.977,0.77],[103.976,0.767]]],[[[103.955,0.761],[103.962,0.777],[103.95,0.763],[103.955,0.761]]],[[[103.529,0.776],[103.53,0.781],[103.528,0.778],[103.529,0.776]]],[[[103.773,0.778],[103.773,0.781],[103.768,0.785],[103.773,0.778]]],[[[103.725,0.788],[103.724,0.788],[103.724,0.786],[103.725,0.788]]],[[[103.867,0.781],[103.859,0.791],[103.87,0.774],[103.867,0.781]]],[[[103.554,0.784],[103.534,0.793],[103.531,0.76],[103.542,0.755],[103.554,0.784]]],[[[103.718,0.792],[103.71,0.791],[103.717,0.788],[103.718,0.792]]],[[[103.833,0.783],[103.838,0.791],[103.836,0.802],[103.833,0.783]]],[[[103.723,0.8],[103.725,0.801],[103.723,0.802],[103.723,0.8]]],[[[103.533,0.802],[103.534,0.805],[103.531,0.805],[103.533,0.802]]],[[[103.521,0.812],[103.524,0.813],[103.522,0.814],[103.521,0.812]]],[[[103.525,0.81],[103.529,0.814],[103.525,0.813],[103.525,0.81]]],[[[103.521,0.816],[103.523,0.817],[103.521,0.818],[103.521,0.816]]],[[[103.467,0.812],[103.466,0.82],[103.45,0.82],[103.467,0.812]]],[[[103.447,0.822],[103.45,0.827],[103.44,0.826],[103.447,0.822]]],[[[103.515,0.826],[103.516,0.831],[103.514,0.83],[103.515,0.826]]],[[[103.667,0.83],[103.703,0.755],[103.727,0.758],[103.704,0.803],[103.667,0.83]]],[[[103.941,0.781],[103.906,0.832],[103.905,0.816],[103.895,0.802],[103.887,0.796],[103.913,0.781],[103.919,0.754],[103.941,0.781]]],[[[103.651,0.84],[103.659,0.836],[103.652,0.846],[103.651,0.84]]],[[[103.344,0.848],[103.342,0.848],[103.342,0.847],[103.344,0.848]]],[[[103.348,0.847],[103.348,0.85],[103.346,0.849],[103.348,0.847]]],[[[103.496,0.847],[103.503,0.847],[103.497,0.852],[103.496,0.847]]],[[[103.409,0.857],[103.412,0.855],[103.411,0.858],[103.409,0.857]]],[[[103.705,0.839],[103.691,0.856],[103.697,0.836],[103.705,0.839]]],[[[103.795,0.858],[103.798,0.859],[103.794,0.861],[103.795,0.858]]],[[[103.655,0.865],[103.656,0.866],[103.654,0.865],[103.655,0.865]]],[[[103.904,0.869],[103.901,0.868],[103.905,0.865],[103.904,0.869]]],[[[103.622,0.866],[103.623,0.87],[103.621,0.868],[103.622,0.866]]],[[[103.694,0.825],[103.655,0.873],[103.692,0.823],[103.694,0.825]]],[[[103.799,0.875],[103.795,0.875],[103.798,0.872],[103.799,0.875]]],[[[103.795,0.872],[103.794,0.869],[103.803,0.866],[103.795,0.872]]],[[[103.806,0.878],[103.802,0.878],[103.806,0.876],[103.806,0.878]]],[[[103.78,0.879],[103.779,0.88],[103.78,0.879],[103.78,0.879]]],[[[103.423,0.877],[103.424,0.879],[103.421,0.88],[103.423,0.877]]],[[[103.775,0.879],[103.767,0.881],[103.775,0.873],[103.775,0.879]]],[[[103.642,0.881],[103.64,0.884],[103.641,0.882],[103.642,0.881]]],[[[103.41,0.885],[103.414,0.847],[103.476,0.82],[103.527,0.766],[103.527,0.78],[103.533,0.787],[103.531,0.8],[103.494,0.844],[103.453,0.856],[103.41,0.885]]],[[[103.698,0.882],[103.702,0.884],[103.7,0.885],[103.698,0.882]]],[[[103.799,0.886],[103.799,0.884],[103.799,0.885],[103.799,0.886]]],[[[103.765,0.88],[103.725,0.881],[103.72,0.851],[103.83,0.752],[103.834,0.811],[103.765,0.88]]],[[[103.806,0.881],[103.804,0.886],[103.802,0.882],[103.806,0.881]]],[[[103.797,0.886],[103.794,0.888],[103.797,0.881],[103.797,0.886]]],[[[103.8,0.893],[103.795,0.891],[103.799,0.89],[103.8,0.893]]],[[[103.397,0.891],[103.397,0.893],[103.395,0.894],[103.397,0.891]]],[[[103.378,0.894],[103.342,0.8],[103.351,0.74],[103.401,0.67],[103.4,0.649],[103.457,0.637],[103.512,0.755],[103.472,0.809],[103.441,0.822],[103.411,0.844],[103.405,0.882],[103.378,0.894]]],[[[103.902,0.849],[103.81,0.899],[103.832,0.843],[103.883,0.797],[103.904,0.819],[103.902,0.849]]],[[[103.752,0.901],[103.751,0.886],[103.767,0.884],[103.752,0.901]]],[[[103.838,0.902],[103.835,0.905],[103.831,0.901],[103.838,0.902]]],[[[103.365,0.897],[103.368,0.905],[103.365,0.906],[103.365,0.897]]],[[[103.797,0.896],[103.794,0.908],[103.79,0.902],[103.797,0.896]]],[[[103.399,0.907],[103.404,0.91],[103.398,0.91],[103.399,0.907]]],[[[103.362,0.909],[103.357,0.905],[103.359,0.904],[103.362,0.909]]],[[[103.809,0.911],[103.807,0.907],[103.809,0.907],[103.809,0.911]]],[[[103.343,0.911],[103.332,0.904],[103.34,0.893],[103.343,0.911]]],[[[103.342,0.916],[103.34,0.916],[103.341,0.915],[103.342,0.916]]],[[[103.463,0.922],[103.462,0.922],[103.464,0.921],[103.463,0.922]]],[[[103.348,0.922],[103.351,0.923],[103.349,0.924],[103.348,0.922]]],[[[103.437,0.925],[103.422,0.911],[103.406,0.908],[103.41,0.892],[103.453,0.859],[103.486,0.854],[103.475,0.913],[103.437,0.925]]],[[[103.527,0.867],[103.509,0.912],[103.489,0.926],[103.501,0.864],[103.527,0.867]]],[[[103.386,0.923],[103.381,0.926],[103.38,0.924],[103.386,0.923]]],[[[103.347,0.926],[103.347,0.928],[103.346,0.927],[103.347,0.926]]],[[[103.338,0.928],[103.344,0.929],[103.343,0.93],[103.338,0.928]]],[[[103.373,0.93],[103.375,0.935],[103.372,0.932],[103.373,0.93]]],[[[103.44,0.938],[103.444,0.924],[103.461,0.925],[103.457,0.934],[103.44,0.938]]],[[[103.344,0.938],[103.344,0.939],[103.343,0.939],[103.344,0.938]]],[[[103.417,0.949],[103.408,0.94],[103.419,0.913],[103.439,0.931],[103.417,0.949]]],[[[103.489,0.942],[103.494,0.949],[103.49,0.95],[103.489,0.942]]],[[[103.496,0.949],[103.493,0.953],[103.492,0.952],[103.496,0.949]]],[[[103.473,0.949],[103.426,0.956],[103.438,0.94],[103.456,0.935],[103.475,0.92],[103.473,0.949]]],[[[103.365,0.956],[103.357,0.956],[103.364,0.951],[103.365,0.956]]],[[[103.297,0.986],[103.29,0.989],[103.303,0.978],[103.297,0.986]]],[[[103.387,0.983],[103.379,0.995],[103.371,0.991],[103.387,0.983]]],[[[103.285,1.089],[103.292,1.095],[103.289,1.101],[103.285,1.089]]],[[[103.327,1.114],[103.323,1.116],[103.324,1.113],[103.327,1.114]]],[[[103.291,1.119],[103.288,1.118],[103.291,1.117],[103.291,1.119]]],[[[103.333,1.119],[103.332,1.125],[103.331,1.124],[103.333,1.119]]],[[[103.293,1.13],[103.291,1.129],[103.292,1.127],[103.293,1.13]]],[[[103.374,1.136],[103.369,1.122],[103.351,1.134],[103.311,1.087],[103.316,1.034],[103.35,1.004],[103.375,1.01],[103.394,0.992],[103.437,0.987],[103.446,0.995],[103.424,1.045],[103.39,1.064],[103.379,1.105],[103.39,1.119],[103.374,1.136]]],[[[103.3,1.141],[103.293,1.118],[103.303,1.113],[103.31,1.131],[103.3,1.141]]],[[[103.296,1.142],[103.296,1.145],[103.295,1.144],[103.296,1.142]]],[[[103.39,1.165],[103.379,1.151],[103.409,1.129],[103.409,1.143],[103.39,1.165]]],[[[103.346,1.186],[103.345,1.188],[103.344,1.186],[103.346,1.186]]]]},"id":2101},{"type":"Feature","properties":{"code":1211},"geometry":{"type":"Polygon","coordinates":[[[97.982,3.086],[98.038,3.078],[98.035,3.123],[98.109,3.055],[98.139,3.048],[98.173,3.079],[98.198,3.045],[98.206,2.972],[98.248,2.931],[98.295,2.965],[98.344,2.966],[98.368,2.932],[98.429,2.917],[98.435,2.893],[98.472,2.874],[98.511,2.869],[98.528,2.897],[98.552,2.873],[98.534,2.928],[98.556,3.026],[98.606,3.109],[98.629,3.117],[98.601,3.162],[98.626,3.222],[98.622,3.232],[98.559,3.199],[98.537,3.238],[98.499,3.241],[98.474,3.222],[98.447,3.248],[98.431,3.235],[98.399,3.249],[98.351,3.287],[98.366,3.245],[98.34,3.219],[98.297,3.228],[98.287,3.254],[98.258,3.249],[98.217,3.283],[98.12,3.266],[98.099,3.314],[98.028,3.331],[98.02,3.302],[97.992,3.281],[97.965,3.287],[97.936,3.265],[97.87,3.251],[97.941,3.205],[97.938,3.163],[97.969,3.142],[97.982,3.086]]]},"id":1211},{"type":"Feature","properties":{"code":6209},"geometry":{"type":"MultiPolygon","coordinates":[[[[113.405,-3.27],[113.396,-3.249],[113.359,-3.277],[113.366,-3.301],[113.405,-3.27]]],[[[113.334,-3.232],[113.324,-3.221],[113.328,-3.239],[113.334,-3.232]]],[[[113.219,-0.506],[113.185,-0.469],[113.155,-0.47],[113.149,-0.448],[113.112,-0.475],[113.109,-0.5],[113.1,-0.486],[113.059,-0.509],[113.024,-0.475],[113.015,-0.495],[112.997,-0.488],[112.977,-0.51],[112.917,-0.521],[112.835,-0.576],[112.787,-0.584],[112.745,-0.572],[112.729,-0.587],[112.733,-0.632],[112.705,-0.627],[112.686,-0.657],[112.646,-0.657],[112.643,-0.676],[112.577,-0.681],[112.567,-0.696],[112.494,-0.697],[112.463,-0.672],[112.431,-0.671],[112.387,-0.713],[112.345,-0.705],[112.314,-0.722],[112.273,-0.646],[112.21,-0.615],[112.177,-0.642],[112.165,-0.689],[112.175,-0.725],[112.151,-0.728],[112.18,-0.796],[112.099,-0.99],[112.127,-1.313],[112.289,-1.285],[112.393,-1.214],[112.523,-1.194],[112.647,-1.229],[112.744,-1.302],[112.821,-1.389],[112.841,-1.432],[112.863,-1.593],[112.928,-1.659],[112.931,-1.704],[112.981,-1.705],[113.026,-1.768],[113.195,-1.855],[113.196,-1.926],[113.271,-1.951],[113.281,-2.045],[113.231,-2.102],[113.247,-2.186],[113.175,-2.29],[113.172,-2.321],[113.212,-2.449],[113.202,-2.499],[113.091,-2.673],[113.08,-2.716],[113.167,-3.018],[113.157,-3.063],[113.343,-3.28],[113.316,-3.231],[113.32,-3.212],[113.334,-3.23],[113.332,-3.248],[113.365,-3.271],[113.393,-3.246],[113.429,-3.235],[113.45,-3.19],[113.537,-3.162],[113.593,-3.166],[113.628,-3.132],[113.645,-2.964],[113.577,-2.82],[113.583,-2.741],[113.767,-2.369],[113.696,-2.257],[113.694,-2.086],[113.623,-1.991],[113.593,-1.918],[113.489,-1.786],[113.498,-1.737],[113.482,-1.684],[113.482,-1.602],[113.361,-1.525],[113.185,-1.251],[113.198,-1.183],[113.233,-1.128],[113.229,-1.072],[113.091,-0.935],[113.031,-0.909],[113.02,-0.884],[113.032,-0.813],[113.13,-0.691],[113.205,-0.562],[113.219,-0.506]]]]},"id":6209},{"type":"Feature","properties":{"code":1704},"geometry":{"type":"Polygon","coordinates":[[[103.07,-4.559],[103.153,-4.601],[103.283,-4.709],[103.317,-4.758],[103.31,-4.782],[103.327,-4.807],[103.379,-4.8],[103.411,-4.833],[103.41,-4.862],[103.497,-4.873],[103.527,-4.892],[103.532,-4.916],[103.561,-4.925],[103.601,-4.867],[103.761,-4.775],[103.745,-4.741],[103.702,-4.725],[103.672,-4.731],[103.704,-4.698],[103.699,-4.672],[103.661,-4.609],[103.596,-4.595],[103.63,-4.556],[103.618,-4.532],[103.57,-4.524],[103.53,-4.568],[103.484,-4.579],[103.436,-4.531],[103.398,-4.517],[103.428,-4.405],[103.467,-4.343],[103.328,-4.292],[103.305,-4.254],[103.285,-4.257],[103.28,-4.29],[103.2,-4.307],[103.201,-4.391],[103.167,-4.4],[103.085,-4.528],[103.085,-4.556],[103.07,-4.559]]]},"id":1704},{"type":"Feature","properties":{"code":6111},"geometry":{"type":"MultiPolygon","coordinates":[[[[109.296,-1.73],[109.296,-1.726],[109.295,-1.729],[109.296,-1.73]]],[[[109.296,-1.714],[109.295,-1.713],[109.293,-1.715],[109.296,-1.714]]],[[[108.786,-1.709],[108.684,-1.703],[108.677,-1.719],[108.719,-1.726],[108.786,-1.709]]],[[[109.094,-1.7],[109.095,-1.695],[109.091,-1.696],[109.094,-1.7]]],[[[109.112,-1.697],[109.113,-1.694],[109.111,-1.695],[109.112,-1.697]]],[[[108.763,-1.623],[108.76,-1.623],[108.763,-1.625],[108.763,-1.623]]],[[[108.785,-1.616],[108.785,-1.611],[108.782,-1.615],[108.785,-1.616]]],[[[109.15,-1.605],[109.156,-1.599],[109.15,-1.6],[109.15,-1.605]]],[[[109.19,-1.595],[109.19,-1.591],[109.188,-1.592],[109.19,-1.595]]],[[[109.203,-1.587],[109.2,-1.587],[109.206,-1.588],[109.203,-1.587]]],[[[108.752,-1.588],[108.752,-1.583],[108.748,-1.591],[108.752,-1.588]]],[[[109.155,-1.577],[109.156,-1.576],[109.154,-1.578],[109.155,-1.577]]],[[[108.776,-1.587],[108.765,-1.576],[108.763,-1.591],[108.776,-1.587]]],[[[108.784,-1.576],[108.786,-1.571],[108.784,-1.573],[108.784,-1.576]]],[[[108.731,-1.575],[108.736,-1.569],[108.73,-1.57],[108.731,-1.575]]],[[[108.781,-1.566],[108.781,-1.565],[108.78,-1.566],[108.781,-1.566]]],[[[108.781,-1.558],[108.781,-1.557],[108.78,-1.558],[108.781,-1.558]]],[[[108.805,-1.562],[108.805,-1.555],[108.796,-1.56],[108.805,-1.562]]],[[[108.778,-1.557],[108.771,-1.553],[108.771,-1.557],[108.778,-1.557]]],[[[108.826,-1.556],[108.824,-1.554],[108.825,-1.557],[108.826,-1.556]]],[[[108.897,-1.534],[108.877,-1.567],[108.844,-1.569],[108.834,-1.552],[108.789,-1.581],[108.807,-1.58],[108.797,-1.593],[108.84,-1.584],[108.827,-1.589],[108.839,-1.632],[108.818,-1.648],[108.857,-1.677],[108.937,-1.653],[108.982,-1.601],[108.939,-1.551],[108.914,-1.553],[108.897,-1.534]]],[[[109.333,-1.521],[109.329,-1.522],[109.333,-1.525],[109.333,-1.521]]],[[[109.346,-1.518],[109.339,-1.518],[109.341,-1.523],[109.346,-1.518]]],[[[109.353,-1.5],[109.35,-1.5],[109.35,-1.501],[109.353,-1.5]]],[[[109.384,-1.504],[109.384,-1.487],[109.376,-1.501],[109.384,-1.504]]],[[[109.384,-1.478],[109.381,-1.478],[109.383,-1.479],[109.384,-1.478]]],[[[109.056,-1.484],[109.039,-1.486],[109.053,-1.501],[109.056,-1.484]]],[[[109.228,-1.411],[109.226,-1.411],[109.227,-1.414],[109.228,-1.411]]],[[[109.224,-1.413],[109.218,-1.408],[109.217,-1.411],[109.224,-1.413]]],[[[109.887,-1.367],[109.886,-1.366],[109.885,-1.368],[109.887,-1.367]]],[[[109.899,-1.352],[109.9,-1.343],[109.896,-1.351],[109.899,-1.352]]],[[[109.116,-1.343],[109.112,-1.344],[109.115,-1.347],[109.116,-1.343]]],[[[110.028,-1.312],[110.029,-1.309],[110.028,-1.31],[110.028,-1.312]]],[[[109.311,-1.289],[109.312,-1.288],[109.311,-1.289],[109.311,-1.289]]],[[[109.135,-1.287],[109.119,-1.3],[109.113,-1.313],[109.124,-1.311],[109.135,-1.287]]],[[[109.163,-1.293],[109.14,-1.288],[109.136,-1.33],[109.163,-1.293]]],[[[108.901,-1.286],[108.902,-1.283],[108.898,-1.288],[108.901,-1.286]]],[[[109.133,-1.284],[109.126,-1.281],[109.126,-1.286],[109.133,-1.284]]],[[[109.187,-1.275],[109.191,-1.27],[109.185,-1.273],[109.187,-1.275]]],[[[109.158,-1.266],[109.152,-1.276],[109.175,-1.296],[109.178,-1.28],[109.158,-1.266]]],[[[109.949,-1.269],[109.95,-1.266],[109.948,-1.266],[109.949,-1.269]]],[[[109.171,-1.265],[109.17,-1.263],[109.17,-1.265],[109.171,-1.265]]],[[[109.254,-1.237],[109.254,-1.235],[109.252,-1.236],[109.254,-1.237]]],[[[109.296,-1.236],[109.298,-1.234],[109.296,-1.234],[109.296,-1.236]]],[[[109.207,-1.242],[109.205,-1.232],[109.2,-1.242],[109.207,-1.242]]],[[[109.295,-1.23],[109.297,-1.228],[109.295,-1.228],[109.295,-1.23]]],[[[109.282,-1.213],[109.283,-1.21],[109.282,-1.21],[109.282,-1.213]]],[[[109.274,-1.211],[109.274,-1.2],[109.273,-1.199],[109.274,-1.211]]],[[[109.26,-1.182],[109.227,-1.2],[109.223,-1.242],[109.242,-1.243],[109.269,-1.216],[109.26,-1.182]]],[[[109.551,-1.003],[109.488,-0.973],[109.457,-1.003],[109.431,-1.185],[109.405,-1.245],[109.379,-1.255],[109.426,-1.292],[109.496,-1.309],[109.589,-1.246],[109.686,-1.217],[109.689,-1.192],[109.78,-1.144],[109.76,-1.004],[109.714,-0.989],[109.674,-1.021],[109.642,-1.012],[109.636,-0.986],[109.596,-0.981],[109.551,-1.003]]],[[[110.068,-1.368],[110.16,-1.326],[110.27,-1.304],[110.353,-1.236],[110.441,-1.234],[110.47,-1.133],[110.46,-1.11],[110.416,-1.102],[110.421,-1.086],[110.393,-1.07],[110.404,-1.059],[110.353,-0.873],[110.219,-0.861],[110.126,-0.79],[110.057,-0.759],[109.932,-0.752],[109.932,-0.781],[109.894,-0.802],[109.893,-0.822],[109.8,-0.842],[109.803,-0.867],[109.726,-0.922],[109.732,-0.988],[109.763,-0.994],[109.767,-1.033],[109.803,-1.049],[109.819,-1.091],[109.863,-1.092],[109.939,-1.123],[109.907,-1.209],[109.934,-1.219],[109.948,-1.239],[109.938,-1.251],[109.961,-1.277],[109.993,-1.274],[110.022,-1.291],[110.068,-1.368]]]]},"id":6111},{"type":"Feature","properties":{"code":3305},"geometry":{"type":"Polygon","coordinates":[[[109.437,-7.527],[109.415,-7.569],[109.445,-7.62],[109.414,-7.647],[109.388,-7.645],[109.379,-7.686],[109.395,-7.695],[109.387,-7.754],[109.412,-7.776],[109.498,-7.762],[109.828,-7.823],[109.83,-7.715],[109.798,-7.698],[109.814,-7.599],[109.785,-7.611],[109.741,-7.574],[109.737,-7.535],[109.774,-7.517],[109.75,-7.457],[109.684,-7.503],[109.633,-7.481],[109.587,-7.515],[109.559,-7.509],[109.545,-7.522],[109.497,-7.503],[109.437,-7.527]]]},"id":3305},{"type":"Feature","properties":{"code":3506},"geometry":{"type":"Polygon","coordinates":[[[112.306,-7.929],[112.325,-7.872],[112.287,-7.77],[112.328,-7.777],[112.349,-7.761],[112.396,-7.785],[112.422,-7.766],[112.397,-7.776],[112.301,-7.726],[112.254,-7.727],[112.165,-7.613],[112.121,-7.606],[112.111,-7.591],[112.076,-7.701],[112.059,-7.723],[112.026,-7.726],[112.022,-7.761],[111.988,-7.723],[111.982,-7.684],[111.953,-7.679],[111.928,-7.722],[111.814,-7.812],[111.797,-7.842],[111.802,-7.865],[111.863,-7.907],[111.883,-7.947],[111.929,-7.962],[111.945,-7.953],[111.957,-7.997],[111.976,-8.012],[111.977,-7.996],[112.09,-7.991],[112.096,-7.969],[112.179,-7.973],[112.306,-7.929]],[[112.001,-7.771],[112.042,-7.827],[112.081,-7.842],[112.064,-7.848],[112.069,-7.874],[112.022,-7.868],[111.985,-7.827],[111.958,-7.822],[111.956,-7.796],[112.001,-7.771]]]},"id":3506},{"type":"Feature","properties":{"code":9420},"geometry":{"type":"Polygon","coordinates":[[[140.381,-3.737],[140.404,-3.738],[140.397,-3.77],[140.417,-3.802],[140.399,-3.814],[140.42,-3.818],[140.416,-3.846],[140.43,-3.85],[140.418,-3.898],[140.404,-3.896],[140.41,-3.917],[140.446,-3.91],[140.455,-3.892],[140.488,-3.929],[140.508,-3.928],[140.497,-3.904],[140.517,-3.904],[140.525,-3.917],[140.593,-3.925],[140.587,-3.937],[140.61,-3.947],[140.678,-3.906],[140.73,-3.911],[140.755,-3.935],[140.768,-3.925],[140.788,-3.94],[140.886,-3.93],[140.916,-3.946],[140.917,-3.922],[140.943,-3.913],[140.982,-3.915],[140.999,-3.931],[140.999,-2.828],[140.824,-2.734],[140.716,-2.706],[140.664,-2.725],[140.624,-2.716],[140.632,-2.759],[140.613,-2.775],[140.574,-2.758],[140.524,-2.779],[140.476,-2.75],[140.446,-2.779],[140.387,-2.77],[140.36,-2.804],[140.356,-3.125],[140.367,-3.156],[140.32,-3.188],[140.337,-3.209],[140.306,-3.308],[140.351,-3.337],[140.343,-3.359],[140.364,-3.352],[140.37,-3.368],[140.348,-3.401],[140.366,-3.453],[140.337,-3.486],[140.379,-3.514],[140.374,-3.533],[140.362,-3.528],[140.385,-3.554],[140.374,-3.569],[140.396,-3.63],[140.342,-3.688],[140.365,-3.683],[140.357,-3.71],[140.385,-3.72],[140.381,-3.737]]]},"id":9420},{"type":"Feature","properties":{"code":3324},"geometry":{"type":"Polygon","coordinates":[[[109.924,-7.188],[109.934,-7.202],[109.963,-7.191],[110.109,-7.095],[110.175,-7.101],[110.183,-7.077],[110.193,-7.105],[110.144,-7.125],[110.146,-7.143],[110.259,-7.199],[110.284,-7.187],[110.34,-7.194],[110.318,-7.179],[110.343,-7.165],[110.327,-7.152],[110.352,-7.144],[110.346,-7.085],[110.337,-7.104],[110.313,-7.106],[110.294,-7.053],[110.269,-7.047],[110.308,-6.928],[110.249,-6.906],[110.218,-6.86],[110.174,-6.835],[110.135,-6.878],[110.028,-6.91],[110.045,-6.921],[110.03,-6.93],[110.05,-6.941],[110.05,-6.98],[109.974,-7.033],[109.977,-7.082],[109.924,-7.188]]]},"id":3324},{"type":"Feature","properties":{"code":1708},"geometry":{"type":"Polygon","coordinates":[[[102.614,-3.8],[102.655,-3.771],[102.738,-3.747],[102.752,-3.666],[102.808,-3.609],[102.794,-3.585],[102.81,-3.53],[102.774,-3.546],[102.677,-3.548],[102.684,-3.539],[102.655,-3.54],[102.628,-3.516],[102.594,-3.525],[102.511,-3.493],[102.472,-3.53],[102.442,-3.527],[102.511,-3.586],[102.528,-3.656],[102.577,-3.683],[102.582,-3.74],[102.614,-3.8]]]},"id":1708},{"type":"Feature","properties":{"code":2105},"geometry":{"type":"MultiPolygon","coordinates":[[[[105.886,2.359],[105.878,2.361],[105.88,2.355],[105.886,2.359]]],[[[106.053,2.502],[106.048,2.503],[106.049,2.498],[106.053,2.502]]],[[[106.043,2.507],[106.044,2.511],[106.042,2.509],[106.043,2.507]]],[[[106.053,2.511],[106.052,2.51],[106.052,2.509],[106.053,2.511]]],[[[106.04,2.51],[106.04,2.511],[106.041,2.506],[106.04,2.51]]],[[[106.05,2.512],[106.048,2.525],[106.039,2.514],[106.05,2.512]]],[[[106.286,2.616],[106.286,2.62],[106.284,2.617],[106.286,2.616]]],[[[106.279,2.611],[106.273,2.613],[106.274,2.606],[106.279,2.611]]],[[[106.305,2.632],[106.3,2.632],[106.301,2.628],[106.305,2.632]]],[[[106.247,2.716],[106.249,2.719],[106.247,2.717],[106.247,2.716]]],[[[106.271,2.718],[106.269,2.719],[106.269,2.718],[106.271,2.718]]],[[[106.283,2.72],[106.279,2.72],[106.276,2.719],[106.283,2.72]]],[[[106.266,2.725],[106.252,2.721],[106.251,2.712],[106.265,2.714],[106.266,2.725]]],[[[106.288,2.728],[106.283,2.727],[106.287,2.727],[106.288,2.728]]],[[[106.276,2.733],[106.268,2.732],[106.278,2.731],[106.276,2.733]]],[[[106.221,2.737],[106.222,2.739],[106.22,2.738],[106.221,2.737]]],[[[106.284,2.738],[106.284,2.74],[106.283,2.738],[106.284,2.738]]],[[[106.17,2.761],[106.176,2.745],[106.193,2.746],[106.188,2.756],[106.17,2.761]]],[[[106.018,2.782],[106.014,2.79],[106.013,2.788],[106.018,2.782]]],[[[106.225,2.807],[106.197,2.811],[106.223,2.766],[106.201,2.759],[106.254,2.723],[106.241,2.738],[106.254,2.761],[106.239,2.761],[106.246,2.776],[106.225,2.807]]],[[[105.772,2.842],[105.774,2.845],[105.773,2.845],[105.772,2.842]]],[[[106.124,2.842],[106.117,2.85],[106.116,2.846],[106.124,2.842]]],[[[106.104,2.87],[106.098,2.875],[106.097,2.87],[106.104,2.87]]],[[[105.792,2.876],[105.785,2.88],[105.791,2.874],[105.792,2.876]]],[[[106.154,2.9],[106.151,2.9],[106.153,2.899],[106.154,2.9]]],[[[106.134,2.906],[106.132,2.904],[106.135,2.904],[106.134,2.906]]],[[[106.158,2.907],[106.161,2.907],[106.16,2.91],[106.158,2.907]]],[[[105.673,2.919],[105.671,2.918],[105.675,2.917],[105.673,2.919]]],[[[105.695,2.918],[105.678,2.919],[105.688,2.909],[105.695,2.918]]],[[[106.145,2.93],[106.112,2.927],[106.149,2.919],[106.145,2.93]]],[[[106.192,2.952],[106.175,2.948],[106.188,2.942],[106.192,2.952]]],[[[106.17,2.969],[106.155,2.96],[106.164,2.953],[106.17,2.969]]],[[[105.853,2.974],[105.852,2.975],[105.85,2.974],[105.853,2.974]]],[[[105.702,2.974],[105.691,2.969],[105.707,2.96],[105.702,2.974]]],[[[105.699,2.976],[105.7,2.979],[105.698,2.977],[105.699,2.976]]],[[[105.771,2.983],[105.769,2.983],[105.77,2.982],[105.771,2.983]]],[[[105.684,2.985],[105.688,2.988],[105.685,2.99],[105.684,2.985]]],[[[105.698,2.988],[105.696,2.992],[105.694,2.99],[105.698,2.988]]],[[[106.413,2.984],[106.416,2.988],[106.415,2.994],[106.413,2.984]]],[[[106.13,2.992],[106.124,2.993],[106.126,2.988],[106.13,2.992]]],[[[106.249,2.998],[106.241,3.002],[106.24,2.992],[106.249,2.998]]],[[[106.146,3.006],[106.136,2.996],[106.139,2.976],[106.149,2.995],[106.146,3.006]]],[[[105.814,3.002],[105.802,3.005],[105.806,2.996],[105.814,3.002]]],[[[105.672,3.01],[105.67,3.012],[105.67,3.009],[105.672,3.01]]],[[[105.838,3.007],[105.84,3.012],[105.834,3.009],[105.838,3.007]]],[[[106.396,3.016],[106.395,3.017],[106.395,3.014],[106.396,3.016]]],[[[105.75,3.033],[105.753,3.033],[105.751,3.034],[105.75,3.033]]],[[[105.748,3.028],[105.746,3.034],[105.746,3.028],[105.748,3.028]]],[[[106.416,3.036],[106.393,3.029],[106.408,3.013],[106.416,3.036]]],[[[106.388,3.031],[106.38,3.032],[106.385,3.024],[106.388,3.031]]],[[[106.377,3.038],[106.371,3.037],[106.373,3.034],[106.377,3.038]]],[[[105.952,3.026],[105.957,3.046],[105.945,3.023],[105.952,3.026]]],[[[106.395,3.043],[106.389,3.039],[106.394,3.036],[106.395,3.043]]],[[[106.378,3.042],[106.382,3.044],[106.381,3.047],[106.378,3.042]]],[[[106.218,3.046],[106.223,3.048],[106.219,3.049],[106.218,3.046]]],[[[106.339,3.057],[106.333,3.057],[106.335,3.051],[106.339,3.057]]],[[[105.698,3.063],[105.705,3.032],[105.692,3.006],[105.675,3.009],[105.715,2.984],[105.707,2.935],[105.694,2.933],[105.707,2.926],[105.693,2.851],[105.732,2.815],[105.77,2.843],[105.739,2.851],[105.722,2.874],[105.767,2.872],[105.766,2.894],[105.785,2.906],[105.821,2.886],[105.795,2.909],[105.828,2.91],[105.81,2.944],[105.82,2.97],[105.834,2.959],[105.852,2.957],[105.84,2.979],[105.85,2.987],[105.808,2.99],[105.8,3.0],[105.785,2.972],[105.762,2.981],[105.749,2.969],[105.724,2.994],[105.739,3.05],[105.715,3.03],[105.698,3.063]]],[[[106.32,3.064],[106.319,3.067],[106.318,3.064],[106.32,3.064]]],[[[106.322,3.071],[106.323,3.073],[106.321,3.071],[106.322,3.071]]],[[[106.287,3.074],[106.286,3.073],[106.289,3.073],[106.287,3.074]]],[[[105.614,3.076],[105.608,3.076],[105.614,3.074],[105.614,3.076]]],[[[105.727,3.08],[105.726,3.082],[105.726,3.081],[105.727,3.08]]],[[[105.983,3.087],[105.963,3.04],[105.978,3.017],[105.991,3.072],[105.983,3.087]]],[[[105.674,3.082],[105.672,3.088],[105.67,3.083],[105.674,3.082]]],[[[105.958,3.077],[105.945,3.09],[105.954,3.07],[105.958,3.077]]],[[[105.973,3.087],[105.967,3.092],[105.962,3.081],[105.973,3.087]]],[[[105.598,3.091],[105.589,3.083],[105.609,3.081],[105.598,3.091]]],[[[106.344,3.087],[106.341,3.091],[106.342,3.084],[106.344,3.087]]],[[[106.356,3.091],[106.341,3.064],[106.354,3.048],[106.356,3.091]]],[[[106.337,3.079],[106.332,3.094],[106.328,3.072],[106.337,3.079]]],[[[105.641,3.091],[105.641,3.094],[105.639,3.091],[105.641,3.091]]],[[[106.253,3.09],[106.257,3.095],[106.255,3.097],[106.253,3.09]]],[[[105.972,3.096],[105.969,3.096],[105.974,3.096],[105.972,3.096]]],[[[105.962,3.101],[105.947,3.097],[105.962,3.092],[105.962,3.101]]],[[[105.735,3.084],[105.696,3.097],[105.711,3.074],[105.723,3.086],[105.735,3.084]]],[[[106.35,3.099],[106.355,3.108],[106.353,3.109],[106.35,3.099]]],[[[106.348,3.097],[106.344,3.111],[106.345,3.094],[106.348,3.097]]],[[[106.117,3.111],[106.11,3.114],[106.109,3.108],[106.117,3.111]]],[[[105.669,3.116],[105.669,3.118],[105.668,3.117],[105.669,3.116]]],[[[105.685,3.117],[105.676,3.107],[105.695,3.103],[105.685,3.117]]],[[[105.653,3.119],[105.643,3.093],[105.675,3.091],[105.653,3.119]]],[[[106.404,3.121],[106.396,3.113],[106.399,3.106],[106.402,3.109],[106.404,3.121]]],[[[106.432,3.122],[106.428,3.123],[106.431,3.121],[106.432,3.122]]],[[[105.675,3.124],[105.674,3.126],[105.673,3.124],[105.675,3.124]]],[[[105.666,3.126],[105.664,3.127],[105.666,3.122],[105.666,3.126]]],[[[106.148,3.123],[106.143,3.126],[106.143,3.122],[106.148,3.123]]],[[[106.456,3.123],[106.445,3.125],[106.454,3.12],[106.456,3.123]]],[[[106.407,3.129],[106.406,3.131],[106.406,3.129],[106.407,3.129]]],[[[106.126,3.119],[106.114,3.141],[106.113,3.118],[106.126,3.119]]],[[[106.105,3.134],[106.11,3.144],[106.102,3.138],[106.105,3.134]]],[[[106.385,3.152],[106.382,3.153],[106.381,3.15],[106.385,3.152]]],[[[106.417,3.154],[106.403,3.135],[106.436,3.129],[106.432,3.147],[106.417,3.154]]],[[[106.398,3.137],[106.387,3.151],[106.38,3.139],[106.398,3.137]]],[[[106.389,3.156],[106.385,3.153],[106.386,3.151],[106.389,3.156]]],[[[106.087,3.158],[106.074,3.147],[106.089,3.123],[106.099,3.138],[106.087,3.158]]],[[[106.439,3.159],[106.437,3.158],[106.439,3.156],[106.439,3.159]]],[[[106.407,3.149],[106.397,3.152],[106.399,3.147],[106.407,3.149]]],[[[106.405,3.16],[106.405,3.162],[106.403,3.161],[106.405,3.16]]],[[[106.369,3.155],[106.371,3.164],[106.362,3.153],[106.369,3.155]]],[[[106.436,3.16],[106.432,3.163],[106.428,3.157],[106.436,3.16]]],[[[106.295,3.162],[106.292,3.162],[106.294,3.158],[106.295,3.162]]],[[[106.397,3.166],[106.396,3.168],[106.395,3.165],[106.397,3.166]]],[[[106.311,3.135],[106.316,3.169],[106.285,3.125],[106.296,3.104],[106.3,3.127],[106.311,3.114],[106.308,3.086],[106.324,3.123],[106.327,3.112],[106.343,3.124],[106.34,3.151],[106.311,3.135]]],[[[106.301,3.165],[106.303,3.181],[106.297,3.176],[106.301,3.165]]],[[[106.304,3.184],[106.306,3.185],[106.304,3.187],[106.304,3.184]]],[[[106.369,3.177],[106.362,3.184],[106.364,3.161],[106.369,3.177]]],[[[106.355,3.189],[106.353,3.191],[106.353,3.189],[106.355,3.189]]],[[[106.444,3.193],[106.432,3.188],[106.435,3.167],[106.447,3.174],[106.444,3.193]]],[[[106.307,3.195],[106.31,3.195],[106.308,3.201],[106.307,3.195]]],[[[106.305,3.199],[106.293,3.197],[106.293,3.185],[106.296,3.184],[106.305,3.199]]],[[[106.35,3.202],[106.347,3.198],[106.351,3.202],[106.35,3.202]]],[[[106.304,3.204],[106.301,3.208],[106.301,3.205],[106.304,3.204]]],[[[106.486,3.211],[106.477,3.19],[106.492,3.198],[106.497,3.183],[106.501,3.202],[106.486,3.211]]],[[[106.455,3.21],[106.455,3.212],[106.454,3.211],[106.455,3.21]]],[[[106.487,3.22],[106.477,3.215],[106.477,3.207],[106.487,3.22]]],[[[106.475,3.229],[106.469,3.229],[106.471,3.225],[106.475,3.229]]],[[[106.308,3.224],[106.292,3.23],[106.297,3.216],[106.308,3.224]]],[[[106.277,3.195],[106.226,3.236],[106.217,3.217],[106.194,3.23],[106.213,3.118],[106.223,3.131],[106.237,3.095],[106.248,3.122],[106.279,3.076],[106.289,3.104],[106.283,3.12],[106.275,3.106],[106.268,3.117],[106.289,3.176],[106.274,3.17],[106.277,3.195]]],[[[106.284,3.234],[106.283,3.236],[106.283,3.235],[106.284,3.234]]],[[[106.317,3.238],[106.314,3.241],[106.316,3.235],[106.317,3.238]]],[[[106.452,3.251],[106.437,3.24],[106.456,3.225],[106.452,3.233],[106.452,3.251]]],[[[106.449,3.251],[106.448,3.25],[106.449,3.249],[106.449,3.251]]],[[[106.303,3.242],[106.308,3.246],[106.306,3.252],[106.303,3.242]]],[[[106.449,3.253],[106.447,3.258],[106.444,3.251],[106.449,3.253]]],[[[106.31,3.257],[106.309,3.261],[106.308,3.259],[106.31,3.257]]],[[[106.39,3.257],[106.39,3.263],[106.386,3.255],[106.39,3.257]]],[[[106.305,3.26],[106.299,3.278],[106.296,3.235],[106.305,3.26]]],[[[106.307,3.271],[106.301,3.279],[106.306,3.268],[106.307,3.271]]],[[[106.331,3.29],[106.332,3.295],[106.328,3.292],[106.331,3.29]]],[[[106.421,3.291],[106.406,3.278],[106.413,3.269],[106.421,3.291]]],[[[106.328,3.292],[106.326,3.302],[106.326,3.292],[106.328,3.292]]],[[[106.201,3.306],[106.192,3.296],[106.199,3.288],[106.201,3.291],[106.201,3.306]]],[[[106.411,3.299],[106.393,3.307],[106.394,3.29],[106.411,3.299]]],[[[106.389,3.312],[106.39,3.316],[106.385,3.305],[106.389,3.312]]],[[[106.327,3.313],[106.322,3.312],[106.325,3.305],[106.327,3.313]]],[[[106.32,3.314],[106.322,3.317],[106.32,3.317],[106.32,3.314]]],[[[106.308,3.309],[106.303,3.318],[106.302,3.302],[106.308,3.309]]],[[[106.052,3.335],[106.042,3.333],[106.052,3.328],[106.052,3.335]]],[[[106.387,3.34],[106.389,3.342],[106.388,3.343],[106.387,3.34]]],[[[106.299,3.348],[106.299,3.35],[106.298,3.35],[106.299,3.348]]],[[[106.3,3.351],[106.298,3.351],[106.299,3.35],[106.3,3.351]]],[[[106.174,3.352],[106.176,3.354],[106.175,3.356],[106.174,3.352]]],[[[106.3,3.347],[106.306,3.347],[106.305,3.358],[106.3,3.347]]],[[[106.319,3.357],[106.313,3.362],[106.315,3.355],[106.319,3.357]]],[[[106.325,3.365],[106.323,3.372],[106.322,3.365],[106.325,3.365]]],[[[106.263,3.374],[106.262,3.376],[106.261,3.374],[106.263,3.374]]],[[[106.318,3.371],[106.315,3.38],[106.316,3.368],[106.318,3.371]]],[[[106.35,3.373],[106.346,3.38],[106.348,3.372],[106.35,3.373]]],[[[106.46,3.38],[106.445,3.378],[106.45,3.37],[106.46,3.38]]],[[[106.462,3.381],[106.465,3.384],[106.463,3.384],[106.462,3.381]]],[[[106.302,3.38],[106.269,3.38],[106.264,3.336],[106.26,3.359],[106.243,3.343],[106.234,3.303],[106.247,3.29],[106.227,3.26],[106.266,3.227],[106.284,3.225],[106.259,3.287],[106.273,3.298],[106.288,3.251],[106.292,3.349],[106.308,3.366],[106.302,3.38]]],[[[106.233,3.38],[106.227,3.384],[106.227,3.379],[106.233,3.38]]],[[[106.245,3.385],[106.247,3.388],[106.245,3.387],[106.245,3.385]]],[[[106.227,3.394],[106.2,3.376],[106.201,3.346],[106.172,3.333],[106.188,3.3],[106.201,3.326],[106.218,3.297],[106.235,3.332],[106.235,3.35],[106.215,3.359],[106.227,3.394]]],[[[106.443,3.379],[106.433,3.394],[106.427,3.373],[106.443,3.379]]],[[[106.227,3.397],[106.229,3.399],[106.227,3.399],[106.227,3.397]]],[[[106.451,3.399],[106.449,3.401],[106.445,3.394],[106.451,3.399]]],[[[106.145,3.389],[106.152,3.402],[106.146,3.403],[106.145,3.389]]],[[[106.278,3.402],[106.272,3.39],[106.291,3.388],[106.278,3.402]]],[[[106.344,3.417],[106.329,3.405],[106.331,3.368],[106.318,3.323],[106.338,3.351],[106.344,3.417]]]]},"id":2105},{"type":"Feature","properties":{"code":8105},"geometry":{"type":"MultiPolygon","coordinates":[[[[134.532,-7.072],[134.484,-7.065],[134.475,-7.086],[134.522,-7.099],[134.532,-7.072]]],[[[134.669,-7.016],[134.686,-7.015],[134.677,-7.003],[134.669,-7.016]]],[[[134.2,-6.943],[134.2,-6.941],[134.198,-6.942],[134.2,-6.943]]],[[[134.512,-6.93],[134.49,-6.936],[134.491,-6.952],[134.528,-6.949],[134.512,-6.93]]],[[[134.548,-6.91],[134.522,-6.907],[134.52,-6.916],[134.548,-6.91]]],[[[134.752,-6.867],[134.686,-6.858],[134.698,-6.871],[134.715,-6.875],[134.745,-6.875],[134.752,-6.867]]],[[[134.755,-6.869],[134.76,-6.853],[134.758,-6.849],[134.755,-6.869]]],[[[134.64,-6.848],[134.646,-6.846],[134.642,-6.843],[134.64,-6.848]]],[[[134.682,-6.853],[134.661,-6.843],[134.644,-6.866],[134.636,-6.853],[134.622,-6.877],[134.585,-6.883],[134.605,-6.902],[134.682,-6.853]]],[[[134.48,-6.834],[134.482,-6.832],[134.478,-6.83],[134.48,-6.834]]],[[[134.552,-6.75],[134.519,-6.752],[134.511,-6.781],[134.534,-6.777],[134.552,-6.75]]],[[[134.41,-6.738],[134.414,-6.734],[134.414,-6.73],[134.41,-6.738]]],[[[134.44,-6.724],[134.447,-6.719],[134.439,-6.718],[134.44,-6.724]]],[[[134.511,-6.716],[134.493,-6.719],[134.475,-6.76],[134.528,-6.749],[134.511,-6.716]]],[[[134.466,-6.702],[134.472,-6.7],[134.47,-6.697],[134.466,-6.702]]],[[[134.482,-6.709],[134.493,-6.681],[134.473,-6.695],[134.482,-6.709]]],[[[134.773,-6.664],[134.776,-6.662],[134.774,-6.663],[134.773,-6.664]]],[[[134.528,-6.69],[134.508,-6.66],[134.49,-6.704],[134.51,-6.711],[134.528,-6.69]]],[[[134.528,-6.661],[134.531,-6.656],[134.53,-6.655],[134.528,-6.661]]],[[[134.775,-6.602],[134.755,-6.607],[134.762,-6.621],[134.762,-6.633],[134.787,-6.64],[134.796,-6.631],[134.775,-6.602]]],[[[134.592,-6.628],[134.603,-6.618],[134.601,-6.598],[134.582,-6.61],[134.592,-6.628]]],[[[134.783,-6.603],[134.783,-6.596],[134.779,-6.6],[134.783,-6.603]]],[[[134.757,-6.587],[134.759,-6.586],[134.757,-6.585],[134.757,-6.587]]],[[[134.735,-6.585],[134.729,-6.588],[134.741,-6.595],[134.735,-6.585]]],[[[134.761,-6.623],[134.709,-6.578],[134.686,-6.591],[134.666,-6.675],[134.627,-6.71],[134.623,-6.757],[134.653,-6.779],[134.684,-6.775],[134.706,-6.719],[134.738,-6.701],[134.739,-6.647],[134.761,-6.623]]],[[[134.763,-6.563],[134.763,-6.567],[134.765,-6.565],[134.763,-6.563]]],[[[134.731,-6.567],[134.722,-6.544],[134.702,-6.561],[134.731,-6.567]]],[[[134.216,-6.524],[134.217,-6.52],[134.211,-6.526],[134.216,-6.524]]],[[[134.214,-6.52],[134.214,-6.517],[134.209,-6.524],[134.214,-6.52]]],[[[134.588,-6.517],[134.564,-6.513],[134.549,-6.537],[134.577,-6.545],[134.588,-6.517]]],[[[134.755,-6.497],[134.771,-6.489],[134.763,-6.487],[134.755,-6.497]]],[[[134.85,-6.493],[134.817,-6.482],[134.773,-6.511],[134.778,-6.549],[134.813,-6.561],[134.85,-6.493]]],[[[134.583,-6.474],[134.554,-6.486],[134.528,-6.48],[134.527,-6.497],[134.514,-6.528],[134.548,-6.535],[134.583,-6.474]]],[[[134.181,-6.467],[134.172,-6.462],[134.173,-6.469],[134.181,-6.467]]],[[[134.628,-6.497],[134.635,-6.448],[134.589,-6.474],[134.579,-6.506],[134.594,-6.517],[134.628,-6.497]]],[[[134.724,-6.492],[134.73,-6.473],[134.693,-6.442],[134.642,-6.475],[134.667,-6.557],[134.721,-6.542],[134.74,-6.553],[134.763,-6.532],[134.732,-6.474],[134.724,-6.492]]],[[[134.771,-6.429],[134.765,-6.419],[134.763,-6.43],[134.771,-6.429]]],[[[134.768,-6.411],[134.758,-6.413],[134.761,-6.416],[134.768,-6.411]]],[[[134.34,-6.397],[134.345,-6.396],[134.341,-6.392],[134.34,-6.397]]],[[[134.776,-6.416],[134.787,-6.396],[134.77,-6.365],[134.765,-6.402],[134.776,-6.416]]],[[[134.746,-6.432],[134.754,-6.416],[134.752,-6.358],[134.732,-6.381],[134.728,-6.421],[134.746,-6.432]]],[[[134.363,-6.358],[134.346,-6.36],[134.348,-6.367],[134.363,-6.358]]],[[[134.343,-6.358],[134.331,-6.355],[134.331,-6.366],[134.343,-6.358]]],[[[134.368,-6.378],[134.377,-6.368],[134.364,-6.346],[134.366,-6.356],[134.361,-6.364],[134.368,-6.378]]],[[[134.612,-6.431],[134.596,-6.384],[134.532,-6.345],[134.514,-6.407],[134.483,-6.453],[134.471,-6.455],[134.48,-6.487],[134.503,-6.495],[134.513,-6.516],[134.528,-6.48],[134.548,-6.483],[134.541,-6.461],[134.552,-6.484],[134.596,-6.461],[134.612,-6.431]]],[[[134.333,-6.346],[134.328,-6.343],[134.33,-6.35],[134.333,-6.346]]],[[[134.526,-6.335],[134.53,-6.329],[134.522,-6.327],[134.526,-6.335]]],[[[134.356,-6.331],[134.36,-6.326],[134.358,-6.325],[134.356,-6.331]]],[[[134.789,-6.328],[134.792,-6.325],[134.788,-6.325],[134.789,-6.328]]],[[[134.348,-6.342],[134.356,-6.326],[134.34,-6.317],[134.338,-6.337],[134.348,-6.342]]],[[[134.327,-6.36],[134.318,-6.314],[134.311,-6.307],[134.294,-6.346],[134.327,-6.36]]],[[[134.544,-6.331],[134.538,-6.32],[134.544,-6.302],[134.522,-6.324],[134.544,-6.331]]],[[[134.717,-6.307],[134.699,-6.306],[134.715,-6.313],[134.728,-6.306],[134.717,-6.307]]],[[[134.833,-6.31],[134.822,-6.296],[134.788,-6.349],[134.806,-6.351],[134.833,-6.31]]],[[[134.879,-6.298],[134.851,-6.282],[134.844,-6.327],[134.797,-6.39],[134.82,-6.434],[134.806,-6.431],[134.801,-6.449],[134.844,-6.476],[134.908,-6.321],[134.879,-6.287],[134.88,-6.3],[134.862,-6.325],[134.865,-6.346],[134.861,-6.323],[134.879,-6.298]]],[[[134.331,-6.304],[134.303,-6.283],[134.333,-6.325],[134.331,-6.304]]],[[[134.453,-6.273],[134.406,-6.295],[134.403,-6.331],[134.388,-6.312],[134.365,-6.331],[134.377,-6.367],[134.368,-6.397],[134.407,-6.397],[134.448,-6.447],[134.477,-6.449],[134.517,-6.397],[134.533,-6.338],[134.525,-6.336],[134.5,-6.3],[134.476,-6.299],[134.453,-6.273]]],[[[134.741,-6.263],[134.738,-6.26],[134.737,-6.262],[134.741,-6.263]]],[[[134.862,-6.225],[134.858,-6.224],[134.861,-6.23],[134.862,-6.225]]],[[[134.368,-6.224],[134.37,-6.219],[134.367,-6.223],[134.368,-6.224]]],[[[134.362,-6.22],[134.364,-6.218],[134.363,-6.216],[134.362,-6.22]]],[[[134.34,-6.217],[134.339,-6.215],[134.338,-6.216],[134.34,-6.217]]],[[[134.359,-6.217],[134.362,-6.216],[134.361,-6.215],[134.359,-6.217]]],[[[134.366,-6.22],[134.368,-6.216],[134.366,-6.213],[134.366,-6.22]]],[[[134.353,-6.216],[134.359,-6.215],[134.358,-6.212],[134.353,-6.216]]],[[[134.368,-6.213],[134.368,-6.211],[134.367,-6.212],[134.368,-6.213]]],[[[134.361,-6.212],[134.365,-6.211],[134.363,-6.21],[134.361,-6.212]]],[[[134.34,-6.212],[134.343,-6.213],[134.34,-6.209],[134.34,-6.212]]],[[[134.336,-6.214],[134.337,-6.208],[134.334,-6.211],[134.336,-6.214]]],[[[134.208,-6.208],[134.216,-6.196],[134.208,-6.197],[134.208,-6.208]]],[[[134.874,-6.196],[134.859,-6.186],[134.869,-6.197],[134.851,-6.208],[134.858,-6.219],[134.874,-6.196]]],[[[134.885,-6.182],[134.886,-6.18],[134.884,-6.181],[134.885,-6.182]]],[[[134.845,-6.165],[134.841,-6.165],[134.843,-6.166],[134.845,-6.165]]],[[[134.121,-6.161],[134.095,-6.165],[134.102,-6.195],[134.16,-6.228],[134.105,-6.201],[134.133,-6.304],[134.168,-6.294],[134.134,-6.311],[134.117,-6.381],[134.124,-6.382],[134.134,-6.368],[134.149,-6.36],[134.17,-6.358],[134.137,-6.367],[134.121,-6.391],[134.115,-6.384],[134.115,-6.416],[134.139,-6.462],[134.209,-6.425],[134.183,-6.457],[134.218,-6.442],[134.195,-6.465],[134.222,-6.509],[134.238,-6.499],[134.212,-6.535],[134.232,-6.565],[134.235,-6.594],[134.251,-6.578],[134.236,-6.61],[134.248,-6.613],[134.261,-6.638],[134.277,-6.639],[134.286,-6.657],[134.302,-6.66],[134.286,-6.66],[134.255,-6.638],[134.229,-6.605],[134.208,-6.52],[134.185,-6.532],[134.213,-6.514],[134.2,-6.484],[134.149,-6.532],[134.143,-6.517],[134.154,-6.527],[134.18,-6.483],[134.135,-6.48],[134.116,-6.446],[134.097,-6.493],[134.081,-6.694],[134.051,-6.774],[134.091,-6.847],[134.123,-6.845],[134.15,-6.865],[134.15,-6.846],[134.184,-6.848],[134.181,-6.826],[134.19,-6.832],[134.188,-6.85],[134.15,-6.849],[134.15,-6.868],[134.197,-6.941],[134.214,-6.906],[134.332,-6.86],[134.377,-6.816],[134.358,-6.806],[134.353,-6.826],[134.35,-6.83],[134.345,-6.832],[134.356,-6.806],[134.33,-6.809],[134.36,-6.804],[134.374,-6.768],[134.401,-6.755],[134.382,-6.722],[134.4,-6.732],[134.457,-6.687],[134.429,-6.675],[134.431,-6.657],[134.4,-6.673],[134.444,-6.639],[134.444,-6.667],[134.464,-6.679],[134.471,-6.657],[134.493,-6.656],[134.502,-6.615],[134.523,-6.609],[134.531,-6.583],[134.483,-6.581],[134.471,-6.564],[134.439,-6.572],[134.471,-6.563],[134.489,-6.564],[134.496,-6.547],[134.474,-6.544],[134.481,-6.525],[134.504,-6.522],[134.479,-6.49],[134.468,-6.452],[134.45,-6.453],[134.404,-6.397],[134.368,-6.403],[134.352,-6.377],[134.351,-6.396],[134.315,-6.417],[134.339,-6.388],[134.308,-6.373],[134.311,-6.354],[134.298,-6.36],[134.293,-6.347],[134.294,-6.328],[134.309,-6.303],[134.303,-6.293],[134.273,-6.307],[134.287,-6.288],[134.267,-6.261],[134.25,-6.259],[134.223,-6.221],[134.149,-6.201],[134.121,-6.161]]],[[[134.864,-6.16],[134.861,-6.159],[134.862,-6.161],[134.864,-6.16]]],[[[134.769,-6.149],[134.773,-6.145],[134.768,-6.146],[134.769,-6.149]]],[[[134.888,-6.138],[134.873,-6.15],[134.875,-6.161],[134.886,-6.159],[134.888,-6.138]]],[[[134.265,-6.121],[134.267,-6.123],[134.268,-6.118],[134.265,-6.121]]],[[[134.282,-6.145],[134.274,-6.118],[134.264,-6.127],[134.282,-6.145]]],[[[134.243,-6.115],[134.243,-6.111],[134.241,-6.114],[134.243,-6.115]]],[[[134.794,-6.094],[134.786,-6.094],[134.794,-6.101],[134.794,-6.094]]],[[[134.884,-6.078],[134.895,-6.073],[134.883,-6.072],[134.884,-6.078]]],[[[134.866,-6.019],[134.866,-6.018],[134.865,-6.017],[134.866,-6.019]]],[[[134.868,-6.013],[134.863,-6.012],[134.866,-6.016],[134.868,-6.013]]],[[[134.151,-6.004],[134.124,-6.037],[134.114,-6.1],[134.15,-6.151],[134.149,-6.137],[134.179,-6.121],[134.199,-6.127],[134.202,-6.144],[134.169,-6.166],[134.167,-6.191],[134.215,-6.19],[134.288,-6.284],[134.314,-6.276],[134.337,-6.312],[134.363,-6.324],[134.377,-6.309],[134.448,-6.27],[134.393,-6.26],[134.366,-6.226],[134.338,-6.225],[134.29,-6.161],[134.277,-6.16],[134.271,-6.183],[134.269,-6.147],[134.232,-6.121],[134.279,-6.059],[134.245,-6.075],[134.225,-6.015],[134.162,-6.04],[134.151,-6.004]]],[[[134.678,-5.962],[134.68,-5.961],[134.678,-5.959],[134.678,-5.962]]],[[[134.683,-5.963],[134.689,-5.96],[134.678,-5.956],[134.683,-5.963]]],[[[134.864,-5.961],[134.855,-5.95],[134.855,-5.962],[134.864,-5.961]]],[[[134.749,-5.96],[134.747,-5.95],[134.738,-5.951],[134.749,-5.96]]],[[[134.797,-5.948],[134.796,-5.947],[134.796,-5.949],[134.797,-5.948]]],[[[134.659,-5.935],[134.657,-5.93],[134.655,-5.933],[134.659,-5.935]]],[[[134.726,-5.926],[134.727,-5.926],[134.726,-5.925],[134.726,-5.926]]],[[[134.569,-5.935],[134.536,-5.918],[134.499,-5.963],[134.469,-5.958],[134.465,-5.978],[134.433,-6.018],[134.417,-6.024],[134.408,-6.024],[134.381,-6.018],[134.4,-6.047],[134.423,-6.051],[134.444,-6.068],[134.4,-6.05],[134.378,-6.021],[134.338,-6.058],[134.342,-6.032],[134.306,-6.029],[134.279,-6.049],[134.291,-6.071],[134.271,-6.087],[134.271,-6.111],[134.287,-6.126],[134.287,-6.137],[134.283,-6.145],[134.312,-6.171],[134.322,-6.197],[134.342,-6.209],[134.344,-6.212],[134.345,-6.22],[134.359,-6.208],[134.368,-6.21],[134.4,-6.257],[134.441,-6.268],[134.467,-6.258],[134.457,-6.267],[134.476,-6.295],[134.501,-6.293],[134.52,-6.323],[134.544,-6.29],[134.545,-6.349],[134.569,-6.355],[134.567,-6.344],[134.622,-6.373],[134.621,-6.338],[134.632,-6.359],[134.677,-6.344],[134.709,-6.318],[134.699,-6.315],[134.69,-6.297],[134.729,-6.301],[134.741,-6.267],[134.725,-6.264],[134.751,-6.244],[134.741,-6.238],[134.764,-6.205],[134.767,-6.159],[134.694,-6.193],[134.675,-6.188],[134.712,-6.174],[134.7,-6.143],[134.719,-6.164],[134.727,-6.147],[134.723,-6.16],[134.761,-6.138],[134.755,-6.121],[134.782,-6.094],[134.763,-6.086],[134.773,-6.075],[134.755,-6.047],[134.736,-6.057],[134.741,-6.033],[134.727,-6.022],[134.693,-6.053],[134.681,-6.053],[134.722,-6.021],[134.655,-5.961],[134.636,-6.016],[134.655,-5.943],[134.631,-5.936],[134.615,-5.944],[134.62,-5.96],[134.608,-5.942],[134.562,-5.992],[134.597,-5.948],[134.581,-5.952],[134.587,-5.938],[134.569,-5.935]]],[[[134.174,-5.922],[134.168,-5.914],[134.164,-5.918],[134.174,-5.922]]],[[[134.719,-5.913],[134.718,-5.911],[134.717,-5.911],[134.719,-5.913]]],[[[134.765,-5.909],[134.764,-5.915],[134.768,-5.916],[134.765,-5.909]]],[[[134.634,-5.928],[134.626,-5.918],[134.627,-5.908],[134.611,-5.933],[134.634,-5.928]]],[[[134.735,-5.903],[134.734,-5.905],[134.736,-5.908],[134.735,-5.903]]],[[[134.743,-5.904],[134.744,-5.9],[134.741,-5.901],[134.743,-5.904]]],[[[134.789,-5.895],[134.775,-5.897],[134.775,-5.91],[134.787,-5.907],[134.789,-5.895]]],[[[134.727,-5.894],[134.727,-5.89],[134.726,-5.892],[134.727,-5.894]]],[[[134.778,-5.88],[134.776,-5.877],[134.775,-5.879],[134.778,-5.88]]],[[[134.77,-5.877],[134.771,-5.874],[134.768,-5.872],[134.77,-5.877]]],[[[134.634,-5.91],[134.645,-5.871],[134.587,-5.933],[134.603,-5.939],[134.624,-5.907],[134.634,-5.91]]],[[[134.79,-5.874],[134.783,-5.873],[134.785,-5.875],[134.79,-5.874]]],[[[134.766,-5.869],[134.768,-5.872],[134.768,-5.87],[134.766,-5.869]]],[[[134.771,-5.867],[134.768,-5.867],[134.772,-5.871],[134.771,-5.867]]],[[[134.804,-5.876],[134.782,-5.881],[134.789,-5.894],[134.804,-5.876]]],[[[134.76,-5.866],[134.759,-5.864],[134.757,-5.864],[134.76,-5.866]]],[[[134.317,-5.862],[134.322,-5.861],[134.319,-5.859],[134.317,-5.862]]],[[[134.758,-5.86],[134.752,-5.858],[134.761,-5.865],[134.758,-5.86]]],[[[134.769,-5.852],[134.751,-5.856],[134.752,-5.857],[134.757,-5.859],[134.765,-5.865],[134.769,-5.852]]],[[[134.765,-5.847],[134.764,-5.845],[134.763,-5.846],[134.765,-5.847]]],[[[134.769,-5.842],[134.768,-5.84],[134.768,-5.843],[134.769,-5.842]]],[[[134.773,-5.838],[134.769,-5.84],[134.773,-5.841],[134.773,-5.838]]],[[[134.75,-5.844],[134.705,-5.831],[134.698,-5.842],[134.672,-5.846],[134.646,-5.868],[134.652,-5.895],[134.628,-5.92],[134.666,-5.933],[134.711,-5.977],[134.733,-5.979],[134.745,-5.967],[134.731,-5.95],[134.748,-5.94],[134.722,-5.928],[134.709,-5.889],[134.727,-5.887],[134.738,-5.907],[134.739,-5.896],[134.772,-5.888],[134.75,-5.858],[134.75,-5.844]]],[[[134.315,-5.831],[134.302,-5.842],[134.31,-5.844],[134.315,-5.831]]],[[[134.765,-5.83],[134.764,-5.829],[134.764,-5.832],[134.765,-5.83]]],[[[134.687,-5.843],[134.701,-5.832],[134.705,-5.827],[134.695,-5.828],[134.687,-5.843]]],[[[134.766,-5.826],[134.764,-5.826],[134.766,-5.827],[134.766,-5.826]]],[[[134.824,-5.828],[134.819,-5.826],[134.824,-5.83],[134.824,-5.828]]],[[[134.763,-5.825],[134.761,-5.827],[134.765,-5.828],[134.763,-5.825]]],[[[134.816,-5.822],[134.814,-5.821],[134.814,-5.823],[134.816,-5.822]]],[[[134.813,-5.815],[134.8,-5.816],[134.813,-5.819],[134.813,-5.815]]],[[[134.782,-5.805],[134.765,-5.817],[134.766,-5.823],[134.798,-5.82],[134.782,-5.805]]],[[[134.744,-5.809],[134.742,-5.805],[134.741,-5.807],[134.744,-5.809]]],[[[134.782,-5.797],[134.78,-5.794],[134.778,-5.797],[134.782,-5.797]]],[[[134.77,-5.796],[134.776,-5.787],[134.769,-5.792],[134.77,-5.796]]],[[[134.747,-5.808],[134.753,-5.794],[134.749,-5.788],[134.748,-5.787],[134.741,-5.796],[134.747,-5.808]]],[[[134.749,-5.788],[134.752,-5.787],[134.75,-5.785],[134.749,-5.788]]],[[[134.753,-5.787],[134.752,-5.783],[134.751,-5.784],[134.753,-5.787]]],[[[134.794,-5.779],[134.778,-5.785],[134.796,-5.792],[134.794,-5.779]]],[[[134.331,-5.774],[134.328,-5.771],[134.327,-5.776],[134.331,-5.774]]],[[[134.322,-5.778],[134.319,-5.77],[134.313,-5.776],[134.322,-5.778]]],[[[134.323,-5.768],[134.326,-5.769],[134.326,-5.766],[134.323,-5.768]]],[[[134.79,-5.767],[134.782,-5.765],[134.784,-5.77],[134.79,-5.767]]],[[[134.197,-5.751],[134.187,-5.824],[134.206,-5.835],[134.243,-5.828],[134.249,-5.771],[134.238,-5.756],[134.197,-5.751]]],[[[134.723,-5.746],[134.724,-5.742],[134.718,-5.744],[134.723,-5.746]]],[[[134.812,-5.744],[134.789,-5.729],[134.782,-5.757],[134.812,-5.744]]],[[[134.693,-5.729],[134.659,-5.733],[134.656,-5.747],[134.669,-5.753],[134.676,-5.771],[134.692,-5.776],[134.697,-5.804],[134.731,-5.81],[134.747,-5.785],[134.741,-5.741],[134.721,-5.748],[134.693,-5.729]]],[[[134.797,-5.721],[134.799,-5.718],[134.796,-5.718],[134.797,-5.721]]],[[[134.345,-5.695],[134.331,-5.693],[134.337,-5.703],[134.345,-5.695]]],[[[134.768,-5.687],[134.771,-5.687],[134.769,-5.686],[134.768,-5.687]]],[[[134.772,-5.676],[134.759,-5.676],[134.759,-5.682],[134.766,-5.686],[134.772,-5.676]]],[[[134.769,-5.65],[134.772,-5.65],[134.77,-5.649],[134.769,-5.65]]],[[[134.311,-5.626],[134.313,-5.625],[134.311,-5.625],[134.311,-5.626]]],[[[134.737,-5.608],[134.739,-5.604],[134.736,-5.606],[134.737,-5.608]]],[[[134.707,-5.573],[134.703,-5.579],[134.709,-5.576],[134.707,-5.573]]],[[[134.664,-5.568],[134.664,-5.566],[134.663,-5.567],[134.664,-5.568]]],[[[134.552,-5.56],[134.529,-5.578],[134.547,-5.649],[134.574,-5.654],[134.616,-5.722],[134.639,-5.711],[134.65,-5.725],[134.653,-5.721],[134.691,-5.724],[134.716,-5.741],[134.736,-5.708],[134.732,-5.674],[134.766,-5.668],[134.745,-5.617],[134.742,-5.634],[134.728,-5.644],[134.741,-5.633],[134.729,-5.613],[134.69,-5.586],[134.69,-5.593],[134.688,-5.599],[134.69,-5.615],[134.687,-5.598],[134.69,-5.593],[134.686,-5.581],[134.663,-5.598],[134.651,-5.576],[134.64,-5.593],[134.641,-5.583],[134.621,-5.583],[134.607,-5.569],[134.594,-5.575],[134.592,-5.568],[134.587,-5.572],[134.574,-5.571],[134.552,-5.56]]],[[[134.347,-5.574],[134.304,-5.563],[134.282,-5.607],[134.251,-5.61],[134.245,-5.629],[134.276,-5.645],[134.327,-5.61],[134.347,-5.574]]],[[[134.715,-5.551],[134.702,-5.549],[134.698,-5.572],[134.71,-5.57],[134.715,-5.551]]],[[[134.691,-5.544],[134.695,-5.536],[134.69,-5.536],[134.691,-5.544]]],[[[134.458,-5.53],[134.445,-5.574],[134.417,-5.596],[134.433,-5.599],[134.415,-5.64],[134.355,-5.685],[134.36,-5.716],[134.335,-5.727],[134.251,-5.662],[134.211,-5.716],[134.26,-5.759],[134.289,-5.744],[134.291,-5.757],[134.313,-5.75],[134.306,-5.765],[134.324,-5.757],[134.336,-5.772],[134.321,-5.786],[134.334,-5.797],[134.367,-5.769],[134.392,-5.788],[134.423,-5.784],[134.441,-5.798],[134.422,-5.786],[134.369,-5.802],[134.376,-5.82],[134.358,-5.827],[134.373,-5.847],[134.347,-5.846],[134.316,-5.903],[134.298,-5.898],[134.296,-5.925],[134.336,-5.946],[134.3,-6.017],[134.343,-6.029],[134.35,-6.011],[134.353,-6.034],[134.371,-6.009],[134.433,-6.016],[134.468,-5.956],[134.486,-5.959],[134.531,-5.917],[134.538,-5.915],[134.555,-5.921],[134.568,-5.931],[134.584,-5.929],[134.625,-5.878],[134.712,-5.816],[134.696,-5.805],[134.69,-5.797],[134.688,-5.776],[134.675,-5.772],[134.654,-5.747],[134.66,-5.724],[134.648,-5.727],[134.637,-5.713],[134.615,-5.725],[134.572,-5.656],[134.546,-5.65],[134.533,-5.626],[134.527,-5.565],[134.521,-5.556],[134.513,-5.564],[134.504,-5.555],[134.504,-5.531],[134.48,-5.565],[134.463,-5.56],[134.458,-5.53]]],[[[134.481,-5.532],[134.482,-5.516],[134.472,-5.528],[134.481,-5.532]]],[[[134.501,-5.509],[134.497,-5.522],[134.507,-5.524],[134.514,-5.517],[134.501,-5.509]]],[[[134.498,-5.505],[134.489,-5.487],[134.485,-5.497],[134.498,-5.505]]],[[[134.253,-5.553],[134.285,-5.522],[134.27,-5.483],[134.253,-5.487],[134.253,-5.553]]],[[[134.657,-5.471],[134.66,-5.469],[134.657,-5.469],[134.657,-5.471]]],[[[134.682,-5.469],[134.69,-5.471],[134.685,-5.463],[134.682,-5.469]]],[[[134.672,-5.471],[134.682,-5.463],[134.68,-5.46],[134.672,-5.471]]],[[[134.669,-5.474],[134.674,-5.463],[134.651,-5.442],[134.656,-5.462],[134.669,-5.474]]],[[[134.563,-5.426],[134.556,-5.426],[134.557,-5.428],[134.563,-5.426]]],[[[134.478,-5.454],[134.492,-5.422],[134.462,-5.461],[134.478,-5.454]]],[[[134.64,-5.419],[134.635,-5.417],[134.636,-5.42],[134.64,-5.419]]],[[[134.536,-5.479],[134.5,-5.505],[134.52,-5.511],[134.505,-5.553],[134.523,-5.555],[134.531,-5.569],[134.552,-5.557],[134.571,-5.569],[134.581,-5.566],[134.585,-5.57],[134.592,-5.567],[134.595,-5.569],[134.598,-5.559],[134.636,-5.581],[134.647,-5.551],[134.659,-5.57],[134.664,-5.565],[134.679,-5.572],[134.682,-5.559],[134.698,-5.566],[134.673,-5.538],[134.677,-5.534],[134.7,-5.535],[134.705,-5.516],[134.664,-5.481],[134.662,-5.51],[134.644,-5.476],[134.647,-5.439],[134.609,-5.42],[134.609,-5.454],[134.597,-5.414],[134.571,-5.418],[134.564,-5.431],[134.578,-5.439],[134.555,-5.434],[134.559,-5.449],[134.5,-5.419],[134.491,-5.486],[134.536,-5.479]]],[[[134.651,-5.422],[134.643,-5.421],[134.65,-5.424],[134.651,-5.422]]],[[[134.646,-5.406],[134.647,-5.404],[134.646,-5.404],[134.646,-5.406]]],[[[134.681,-5.4],[134.678,-5.397],[134.677,-5.398],[134.681,-5.4]]],[[[134.564,-5.398],[134.566,-5.398],[134.565,-5.397],[134.564,-5.398]]],[[[134.627,-5.396],[134.617,-5.406],[134.624,-5.414],[134.631,-5.409],[134.627,-5.396]]],[[[134.592,-5.404],[134.588,-5.393],[134.578,-5.401],[134.592,-5.404]]],[[[134.685,-5.392],[134.683,-5.392],[134.686,-5.394],[134.685,-5.392]]],[[[134.669,-5.394],[134.651,-5.397],[134.676,-5.406],[134.669,-5.394]]],[[[134.616,-5.392],[134.622,-5.387],[134.615,-5.389],[134.616,-5.392]]],[[[134.682,-5.393],[134.671,-5.386],[134.669,-5.389],[134.682,-5.393]]],[[[134.61,-5.389],[134.595,-5.39],[134.595,-5.401],[134.612,-5.406],[134.61,-5.389]]],[[[134.604,-5.385],[134.59,-5.386],[134.59,-5.391],[134.604,-5.385]]],[[[134.699,-5.378],[134.706,-5.373],[134.699,-5.374],[134.699,-5.378]]],[[[134.61,-5.37],[134.604,-5.373],[134.61,-5.375],[134.61,-5.37]]],[[[134.468,-5.377],[134.471,-5.366],[134.468,-5.368],[134.468,-5.377]]],[[[134.601,-5.358],[134.578,-5.362],[134.562,-5.392],[134.603,-5.37],[134.601,-5.358]]],[[[134.526,-5.33],[134.516,-5.332],[134.51,-5.345],[134.526,-5.33],[134.541,-5.338],[134.526,-5.33]]],[[[134.582,-5.328],[134.557,-5.329],[134.551,-5.353],[134.526,-5.355],[134.503,-5.387],[134.542,-5.409],[134.58,-5.351],[134.602,-5.351],[134.582,-5.328]]]]},"id":8105},{"type":"Feature","properties":{"code":1301},"geometry":{"type":"MultiPolygon","coordinates":[[[[101.035,-4.016],[101.051,-4.004],[101.052,-3.993],[101.039,-4.0],[101.035,-4.016]]],[[[100.676,-3.48],[100.659,-3.474],[100.637,-3.467],[100.645,-3.487],[100.676,-3.48]]],[[[100.679,-3.454],[100.681,-3.453],[100.679,-3.452],[100.679,-3.454]]],[[[100.463,-3.292],[100.463,-3.287],[100.458,-3.286],[100.463,-3.292]]],[[[100.348,-3.29],[100.33,-3.285],[100.333,-3.293],[100.348,-3.29]]],[[[100.441,-3.27],[100.444,-3.262],[100.438,-3.257],[100.441,-3.27]]],[[[100.565,-3.271],[100.572,-3.261],[100.568,-3.256],[100.565,-3.271]]],[[[100.526,-3.243],[100.533,-3.244],[100.53,-3.237],[100.526,-3.243]]],[[[100.421,-3.224],[100.415,-3.232],[100.426,-3.236],[100.421,-3.224]]],[[[100.351,-3.218],[100.347,-3.224],[100.352,-3.223],[100.351,-3.218]]],[[[100.492,-3.23],[100.492,-3.218],[100.482,-3.211],[100.481,-3.215],[100.492,-3.23]]],[[[100.469,-3.221],[100.46,-3.216],[100.468,-3.222],[100.469,-3.221]]],[[[100.301,-3.214],[100.293,-3.211],[100.299,-3.216],[100.301,-3.214]]],[[[100.456,-3.207],[100.451,-3.209],[100.455,-3.212],[100.456,-3.207]]],[[[100.409,-3.204],[100.395,-3.203],[100.398,-3.216],[100.408,-3.219],[100.409,-3.204]]],[[[100.529,-3.202],[100.525,-3.2],[100.524,-3.201],[100.529,-3.202]]],[[[100.5,-3.205],[100.5,-3.198],[100.498,-3.202],[100.5,-3.205]]],[[[100.494,-3.196],[100.493,-3.196],[100.493,-3.198],[100.494,-3.196]]],[[[100.533,-3.196],[100.531,-3.196],[100.533,-3.197],[100.533,-3.196]]],[[[100.485,-3.192],[100.482,-3.191],[100.483,-3.193],[100.485,-3.192]]],[[[100.456,-3.187],[100.455,-3.188],[100.457,-3.187],[100.456,-3.187]]],[[[100.487,-3.182],[100.486,-3.182],[100.489,-3.183],[100.487,-3.182]]],[[[100.405,-3.176],[100.403,-3.177],[100.404,-3.178],[100.405,-3.176]]],[[[100.411,-3.174],[100.409,-3.175],[100.411,-3.177],[100.411,-3.174]]],[[[100.402,-3.169],[100.4,-3.164],[100.398,-3.164],[100.402,-3.169]]],[[[100.395,-3.163],[100.397,-3.164],[100.396,-3.161],[100.395,-3.163]]],[[[100.491,-3.141],[100.491,-3.184],[100.509,-3.202],[100.516,-3.195],[100.531,-3.199],[100.491,-3.141]]],[[[100.311,-3.128],[100.294,-3.122],[100.307,-3.139],[100.311,-3.128]]],[[[100.24,-3.121],[100.242,-3.126],[100.246,-3.127],[100.24,-3.121]]],[[[100.233,-3.117],[100.227,-3.118],[100.236,-3.12],[100.233,-3.117]]],[[[100.226,-3.115],[100.226,-3.116],[100.227,-3.116],[100.226,-3.115]]],[[[100.476,-3.088],[100.47,-3.088],[100.476,-3.091],[100.476,-3.088]]],[[[100.244,-3.069],[100.242,-3.066],[100.242,-3.069],[100.244,-3.069]]],[[[100.193,-3.059],[100.17,-3.062],[100.19,-3.076],[100.193,-3.059]]],[[[100.461,-3.046],[100.457,-3.038],[100.458,-3.049],[100.461,-3.046]]],[[[100.456,-3.036],[100.455,-3.035],[100.455,-3.037],[100.456,-3.036]]],[[[100.454,-3.033],[100.452,-3.03],[100.451,-3.032],[100.454,-3.033]]],[[[100.167,-3.007],[100.16,-3.01],[100.168,-3.011],[100.167,-3.007]]],[[[100.156,-3.019],[100.144,-3.008],[100.152,-3.027],[100.156,-3.019]]],[[[100.181,-2.891],[100.172,-2.889],[100.176,-2.894],[100.181,-2.891]]],[[[100.17,-2.881],[100.159,-2.877],[100.167,-2.884],[100.17,-2.881]]],[[[100.144,-2.846],[100.131,-2.852],[100.131,-2.857],[100.149,-2.861],[100.144,-2.846]]],[[[100.174,-2.834],[100.175,-2.831],[100.174,-2.833],[100.174,-2.834]]],[[[100.274,-2.831],[100.272,-2.83],[100.272,-2.832],[100.274,-2.831]]],[[[100.281,-2.829],[100.28,-2.825],[100.28,-2.833],[100.281,-2.829]]],[[[100.167,-2.824],[100.175,-2.826],[100.172,-2.82],[100.167,-2.824]]],[[[100.273,-2.823],[100.264,-2.823],[100.27,-2.831],[100.273,-2.823]]],[[[100.167,-2.82],[100.169,-2.81],[100.162,-2.813],[100.167,-2.82]]],[[[100.256,-2.807],[100.257,-2.806],[100.255,-2.807],[100.256,-2.807]]],[[[100.254,-2.8],[100.253,-2.8],[100.253,-2.803],[100.254,-2.8]]],[[[100.168,-2.8],[100.165,-2.798],[100.165,-2.8],[100.168,-2.8]]],[[[100.24,-2.787],[100.2,-2.785],[100.175,-2.8],[100.201,-2.932],[100.179,-2.962],[100.186,-2.989],[100.223,-3.022],[100.231,-3.057],[100.254,-3.049],[100.248,-3.062],[100.262,-3.067],[100.246,-3.08],[100.293,-3.081],[100.339,-3.14],[100.326,-3.178],[100.368,-3.226],[100.343,-3.229],[100.324,-3.207],[100.336,-3.246],[100.376,-3.253],[100.38,-3.287],[100.417,-3.308],[100.439,-3.344],[100.472,-3.348],[100.47,-3.314],[100.432,-3.279],[100.373,-3.179],[100.409,-3.193],[100.359,-3.163],[100.47,-3.143],[100.455,-3.101],[100.468,-3.043],[100.46,-3.051],[100.45,-3.044],[100.446,-3.022],[100.461,-3.034],[100.468,-3.019],[100.429,-3.003],[100.421,-2.974],[100.354,-2.901],[100.267,-2.842],[100.26,-2.818],[100.264,-2.814],[100.25,-2.813],[100.256,-2.801],[100.249,-2.806],[100.24,-2.787]]],[[[100.222,-2.777],[100.225,-2.776],[100.222,-2.774],[100.222,-2.777]]],[[[99.979,-2.758],[99.979,-2.756],[99.978,-2.756],[99.979,-2.758]]],[[[99.987,-2.756],[99.989,-2.756],[99.987,-2.755],[99.987,-2.756]]],[[[99.987,-2.753],[99.979,-2.746],[99.98,-2.756],[99.987,-2.753]]],[[[99.993,-2.502],[99.972,-2.511],[99.973,-2.566],[99.958,-2.569],[99.988,-2.607],[99.975,-2.629],[100.009,-2.673],[99.998,-2.696],[100.011,-2.74],[99.973,-2.786],[99.993,-2.776],[100.016,-2.819],[99.996,-2.832],[100.019,-2.85],[100.04,-2.851],[100.048,-2.815],[100.073,-2.841],[100.091,-2.829],[100.143,-2.84],[100.141,-2.808],[100.216,-2.775],[100.218,-2.736],[100.172,-2.647],[100.07,-2.579],[99.993,-2.502]]],[[[99.741,-2.373],[99.746,-2.367],[99.742,-2.37],[99.741,-2.373]]],[[[99.717,-2.356],[99.712,-2.377],[99.736,-2.394],[99.748,-2.385],[99.744,-2.376],[99.734,-2.387],[99.738,-2.368],[99.717,-2.356]]],[[[99.722,-2.338],[99.722,-2.337],[99.721,-2.337],[99.722,-2.338]]],[[[99.536,-2.219],[99.544,-2.212],[99.54,-2.21],[99.536,-2.219]]],[[[99.535,-2.128],[99.528,-2.134],[99.539,-2.131],[99.535,-2.128]]],[[[99.522,-2.125],[99.524,-2.122],[99.521,-2.123],[99.522,-2.125]]],[[[99.641,-2.047],[99.639,-2.045],[99.639,-2.048],[99.641,-2.047]]],[[[99.592,-2.03],[99.559,-2.045],[99.566,-2.062],[99.547,-2.07],[99.572,-2.148],[99.528,-2.153],[99.574,-2.245],[99.589,-2.222],[99.592,-2.252],[99.61,-2.246],[99.6,-2.283],[99.614,-2.293],[99.626,-2.272],[99.632,-2.29],[99.673,-2.288],[99.738,-2.345],[99.784,-2.344],[99.798,-2.37],[99.838,-2.363],[99.842,-2.395],[99.861,-2.402],[99.846,-2.335],[99.814,-2.297],[99.781,-2.291],[99.78,-2.255],[99.72,-2.182],[99.701,-2.084],[99.637,-2.05],[99.637,-2.035],[99.616,-2.039],[99.626,-2.028],[99.583,-2.04],[99.592,-2.03]]],[[[99.614,-2.021],[99.609,-2.02],[99.611,-2.024],[99.614,-2.021]]],[[[99.564,-2.004],[99.547,-2.008],[99.575,-2.024],[99.564,-2.004]]],[[[99.577,-2.003],[99.569,-1.988],[99.563,-1.999],[99.577,-2.003]]],[[[99.581,-1.968],[99.586,-1.992],[99.606,-1.996],[99.581,-1.968]]],[[[99.568,-1.964],[99.568,-1.965],[99.569,-1.966],[99.568,-1.964]]],[[[99.316,-1.903],[99.315,-1.901],[99.313,-1.901],[99.316,-1.903]]],[[[99.304,-1.899],[99.293,-1.919],[99.31,-1.93],[99.315,-1.924],[99.304,-1.899]]],[[[99.288,-1.872],[99.279,-1.879],[99.29,-1.879],[99.288,-1.872]]],[[[99.091,-1.866],[99.08,-1.861],[99.076,-1.866],[99.091,-1.866]]],[[[99.319,-1.854],[99.304,-1.85],[99.302,-1.854],[99.319,-1.854]]],[[[99.15,-1.84],[99.146,-1.832],[99.141,-1.835],[99.15,-1.84]]],[[[99.042,-1.81],[99.048,-1.809],[99.046,-1.805],[99.042,-1.81]]],[[[99.289,-1.805],[99.254,-1.79],[99.269,-1.812],[99.241,-1.85],[99.294,-1.833],[99.289,-1.805]]],[[[99.294,-1.78],[99.297,-1.779],[99.294,-1.779],[99.294,-1.78]]],[[[99.266,-1.774],[99.266,-1.768],[99.263,-1.768],[99.266,-1.774]]],[[[99.269,-1.749],[99.269,-1.744],[99.265,-1.746],[99.269,-1.749]]],[[[99.293,-1.737],[99.294,-1.734],[99.291,-1.733],[99.293,-1.737]]],[[[99.309,-1.728],[99.31,-1.726],[99.309,-1.726],[99.309,-1.728]]],[[[99.258,-1.715],[99.251,-1.715],[99.258,-1.724],[99.258,-1.715]]],[[[99.244,-1.695],[99.245,-1.692],[99.243,-1.691],[99.244,-1.695]]],[[[99.214,-1.634],[99.218,-1.636],[99.217,-1.634],[99.214,-1.634]]],[[[99.188,-1.494],[99.178,-1.491],[99.186,-1.497],[99.188,-1.494]]],[[[99.175,-1.489],[99.173,-1.472],[99.169,-1.48],[99.175,-1.489]]],[[[99.122,-1.361],[99.11,-1.364],[99.121,-1.366],[99.122,-1.361]]],[[[98.959,-1.065],[98.955,-1.065],[98.958,-1.07],[98.959,-1.065]]],[[[98.949,-1.038],[98.947,-1.041],[98.952,-1.043],[98.949,-1.038]]],[[[98.946,-0.992],[98.947,-0.988],[98.946,-0.989],[98.946,-0.992]]],[[[98.931,-0.928],[98.928,-0.926],[98.927,-0.927],[98.931,-0.928]]],[[[98.899,-0.905],[98.797,-0.956],[98.711,-0.944],[98.663,-0.979],[98.656,-1.088],[98.596,-1.198],[98.604,-1.227],[98.803,-1.518],[98.836,-1.585],[98.825,-1.616],[98.877,-1.678],[99.108,-1.812],[99.167,-1.779],[99.241,-1.796],[99.263,-1.773],[99.22,-1.663],[99.234,-1.684],[99.24,-1.676],[99.199,-1.637],[99.205,-1.624],[99.223,-1.629],[99.263,-1.712],[99.262,-1.736],[99.282,-1.752],[99.286,-1.727],[99.302,-1.72],[99.291,-1.687],[99.304,-1.685],[99.286,-1.663],[99.286,-1.682],[99.274,-1.67],[99.292,-1.652],[99.27,-1.644],[99.287,-1.632],[99.259,-1.594],[99.22,-1.604],[99.194,-1.567],[99.208,-1.552],[99.193,-1.543],[99.201,-1.516],[99.185,-1.521],[99.115,-1.441],[99.169,-1.47],[99.147,-1.399],[99.128,-1.408],[99.129,-1.386],[99.103,-1.391],[99.117,-1.378],[99.099,-1.365],[99.081,-1.294],[99.05,-1.294],[99.064,-1.288],[99.052,-1.274],[99.069,-1.272],[99.068,-1.252],[99.05,-1.226],[99.024,-1.22],[99.041,-1.205],[99.008,-1.163],[99.002,-1.114],[98.957,-1.075],[98.958,-1.09],[98.948,-1.089],[98.916,-0.999],[98.926,-0.988],[98.951,-1.013],[98.944,-1.005],[98.945,-0.981],[98.927,-0.931],[98.907,-0.945],[98.898,-0.941],[98.902,-0.926],[98.911,-0.94],[98.912,-0.914],[98.899,-0.905]]]]},"id":1301},{"type":"Feature","properties":{"code":1410},"geometry":{"type":"MultiPolygon","coordinates":[[[[102.897,0.766],[102.895,0.771],[102.885,0.773],[102.897,0.766]]],[[[102.823,0.774],[102.846,0.772],[102.846,0.774],[102.823,0.774]]],[[[103.09,0.717],[103.115,0.738],[103.105,0.798],[103.08,0.778],[103.075,0.738],[103.09,0.717]]],[[[103.084,0.796],[103.109,0.806],[103.107,0.817],[103.073,0.823],[103.084,0.796]]],[[[103.208,0.864],[103.214,0.867],[103.208,0.867],[103.208,0.864]]],[[[103.231,0.871],[103.234,0.876],[103.231,0.876],[103.231,0.871]]],[[[102.749,0.998],[102.735,1.022],[102.635,0.988],[102.588,1.001],[102.561,0.972],[102.487,0.93],[102.44,0.935],[102.408,0.887],[102.411,0.857],[102.444,0.819],[102.561,0.768],[102.684,0.791],[102.866,0.791],[102.927,0.769],[102.994,0.689],[103.025,0.687],[103.049,0.72],[103.047,0.824],[102.941,0.889],[102.881,0.95],[102.797,0.98],[102.774,1.005],[102.749,0.998]]],[[[102.533,1.128],[102.481,1.126],[102.459,1.075],[102.5,0.944],[102.587,1.001],[102.608,1.005],[102.614,1.047],[102.533,1.128]]],[[[102.77,1.158],[102.729,1.151],[102.687,1.117],[102.656,1.034],[102.624,1.02],[102.626,1.008],[102.731,1.039],[102.778,1.019],[102.82,1.049],[102.816,1.033],[102.79,1.025],[102.805,0.991],[102.884,0.966],[103.072,0.831],[103.123,0.83],[103.153,0.847],[103.154,0.895],[102.989,1.084],[102.77,1.158]]],[[[102.373,1.327],[102.375,1.329],[102.371,1.332],[102.373,1.327]]],[[[102.292,1.411],[102.209,1.406],[102.228,1.347],[102.205,1.276],[102.249,1.176],[102.236,1.101],[102.278,1.002],[102.39,0.912],[102.439,0.949],[102.482,0.945],[102.438,1.07],[102.485,1.233],[102.374,1.325],[102.292,1.411]]]]},"id":1410},{"type":"Feature","properties":{"code":7103},"geometry":{"type":"MultiPolygon","coordinates":[[[[125.488,3.061],[125.483,3.062],[125.49,3.059],[125.488,3.061]]],[[[125.512,3.079],[125.503,3.093],[125.505,3.058],[125.512,3.079]]],[[[125.481,3.091],[125.482,3.1],[125.477,3.092],[125.481,3.091]]],[[[125.496,3.091],[125.492,3.101],[125.487,3.094],[125.496,3.091]]],[[[125.457,3.142],[125.446,3.143],[125.456,3.14],[125.457,3.142]]],[[[125.539,3.18],[125.52,3.19],[125.523,3.172],[125.513,3.188],[125.502,3.176],[125.515,3.174],[125.498,3.171],[125.53,3.158],[125.539,3.18]]],[[[125.472,3.243],[125.447,3.249],[125.454,3.231],[125.472,3.243]]],[[[125.58,3.342],[125.565,3.337],[125.567,3.332],[125.57,3.331],[125.58,3.342]]],[[[125.579,3.361],[125.577,3.362],[125.577,3.359],[125.579,3.361]]],[[[125.573,3.365],[125.572,3.367],[125.571,3.364],[125.573,3.365]]],[[[125.621,3.341],[125.612,3.371],[125.605,3.359],[125.621,3.341]]],[[[125.641,3.37],[125.638,3.378],[125.635,3.373],[125.641,3.37]]],[[[125.578,3.389],[125.563,3.416],[125.555,3.395],[125.578,3.389]]],[[[125.492,3.458],[125.49,3.46],[125.49,3.458],[125.492,3.458]]],[[[125.711,3.475],[125.69,3.463],[125.702,3.451],[125.709,3.462],[125.711,3.475]]],[[[125.736,3.48],[125.727,3.48],[125.729,3.475],[125.736,3.48]]],[[[125.663,3.532],[125.654,3.53],[125.656,3.527],[125.663,3.532]]],[[[125.645,3.542],[125.633,3.551],[125.635,3.537],[125.645,3.542]]],[[[125.453,3.735],[125.404,3.718],[125.397,3.673],[125.442,3.62],[125.509,3.601],[125.482,3.593],[125.489,3.572],[125.512,3.567],[125.481,3.481],[125.499,3.466],[125.502,3.434],[125.525,3.437],[125.522,3.412],[125.544,3.409],[125.549,3.435],[125.57,3.439],[125.558,3.422],[125.586,3.404],[125.581,3.374],[125.605,3.368],[125.612,3.374],[125.622,3.372],[125.621,3.388],[125.657,3.388],[125.676,3.428],[125.671,3.493],[125.654,3.504],[125.662,3.523],[125.64,3.512],[125.643,3.497],[125.657,3.495],[125.66,3.483],[125.641,3.491],[125.617,3.542],[125.589,3.552],[125.584,3.582],[125.559,3.577],[125.582,3.597],[125.572,3.604],[125.594,3.611],[125.563,3.625],[125.574,3.642],[125.542,3.684],[125.507,3.722],[125.453,3.735]]],[[[125.572,3.769],[125.556,3.755],[125.557,3.745],[125.586,3.75],[125.572,3.769]]],[[[125.624,3.793],[125.586,3.787],[125.589,3.769],[125.612,3.79],[125.634,3.783],[125.624,3.793]]],[[[125.565,3.794],[125.567,3.797],[125.565,3.798],[125.565,3.794]]],[[[125.576,3.806],[125.572,3.807],[125.574,3.804],[125.576,3.806]]],[[[125.724,3.869],[125.72,3.872],[125.722,3.866],[125.724,3.869]]],[[[125.391,3.907],[125.388,3.915],[125.384,3.909],[125.391,3.907]]],[[[125.33,4.234],[125.318,4.231],[125.33,4.227],[125.33,4.234]]],[[[125.697,4.432],[125.688,4.437],[125.689,4.431],[125.697,4.432]]],[[[125.631,4.588],[125.629,4.591],[125.626,4.588],[125.631,4.588]]],[[[125.433,4.648],[125.437,4.659],[125.435,4.662],[125.433,4.648]]],[[[125.431,4.669],[125.429,4.67],[125.429,4.669],[125.431,4.669]]],[[[125.489,4.735],[125.477,4.736],[125.478,4.728],[125.489,4.735]]]]},"id":7103},{"type":"Feature","properties":{"code":7301},"geometry":{"type":"MultiPolygon","coordinates":[[[[121.203,-7.515],[121.206,-7.513],[121.205,-7.512],[121.203,-7.515]]],[[[121.217,-7.5],[121.202,-7.498],[121.215,-7.501],[121.207,-7.511],[121.217,-7.5]]],[[[121.803,-7.49],[121.803,-7.486],[121.801,-7.491],[121.803,-7.49]]],[[[121.796,-7.472],[121.723,-7.488],[121.723,-7.492],[121.8,-7.487],[121.796,-7.472]]],[[[121.428,-7.458],[121.412,-7.457],[121.424,-7.465],[121.428,-7.458]]],[[[121.045,-7.364],[121.041,-7.366],[121.045,-7.367],[121.045,-7.364]]],[[[121.829,-7.334],[121.755,-7.349],[121.744,-7.404],[121.754,-7.422],[121.823,-7.397],[121.839,-7.371],[121.829,-7.334]]],[[[121.085,-7.303],[121.082,-7.362],[121.06,-7.372],[121.098,-7.397],[121.156,-7.371],[121.165,-7.345],[121.085,-7.303]]],[[[121.1,-7.305],[121.096,-7.303],[121.102,-7.31],[121.1,-7.305]]],[[[121.761,-7.261],[121.73,-7.278],[121.727,-7.294],[121.773,-7.286],[121.778,-7.272],[121.761,-7.261]]],[[[120.82,-7.259],[120.795,-7.271],[120.829,-7.298],[120.928,-7.306],[121.003,-7.332],[121.051,-7.326],[121.063,-7.3],[120.82,-7.259]]],[[[121.753,-7.231],[121.747,-7.222],[121.738,-7.229],[121.753,-7.231]]],[[[121.472,-7.151],[121.479,-7.148],[121.474,-7.146],[121.472,-7.151]]],[[[120.676,-7.126],[120.675,-7.126],[120.675,-7.127],[120.676,-7.126]]],[[[121.443,-7.118],[121.441,-7.117],[121.441,-7.12],[121.443,-7.118]]],[[[120.591,-7.104],[120.589,-7.104],[120.589,-7.105],[120.591,-7.104]]],[[[120.561,-7.073],[120.563,-7.092],[120.611,-7.09],[120.611,-7.08],[120.561,-7.073]]],[[[121.12,-7.075],[121.122,-7.072],[121.122,-7.068],[121.12,-7.075]]],[[[120.597,-7.064],[120.596,-7.066],[120.6,-7.067],[120.597,-7.064]]],[[[120.565,-7.063],[120.558,-7.072],[120.567,-7.064],[120.565,-7.063]]],[[[121.095,-7.064],[121.1,-7.062],[121.098,-7.057],[121.095,-7.064]]],[[[120.601,-7.064],[120.604,-7.058],[120.603,-7.057],[120.601,-7.064]]],[[[120.551,-7.067],[120.538,-7.058],[120.539,-7.067],[120.551,-7.067]]],[[[120.539,-7.054],[120.538,-7.056],[120.542,-7.054],[120.539,-7.054]]],[[[120.606,-7.041],[120.603,-7.04],[120.601,-7.042],[120.606,-7.041]]],[[[120.619,-7.042],[120.62,-7.04],[120.617,-7.039],[120.619,-7.042]]],[[[121.063,-7.045],[121.063,-7.039],[121.062,-7.042],[121.063,-7.045]]],[[[120.612,-7.04],[120.611,-7.039],[120.612,-7.041],[120.612,-7.04]]],[[[120.673,-7.042],[120.619,-7.003],[120.627,-7.052],[120.604,-7.074],[120.635,-7.099],[120.623,-7.113],[120.632,-7.132],[120.67,-7.15],[120.68,-7.142],[120.654,-7.128],[120.661,-7.121],[120.767,-7.135],[120.786,-7.059],[120.74,-7.076],[120.673,-7.042]]],[[[120.529,-7.0],[120.515,-6.99],[120.529,-7.004],[120.529,-7.0]]],[[[120.785,-6.96],[120.788,-6.956],[120.785,-6.959],[120.785,-6.96]]],[[[120.444,-6.949],[120.433,-6.964],[120.437,-6.97],[120.455,-6.961],[120.444,-6.949]]],[[[121.0,-6.945],[121.001,-6.942],[121.0,-6.942],[121.0,-6.945]]],[[[121.178,-6.847],[121.175,-6.848],[121.178,-6.851],[121.178,-6.847]]],[[[121.138,-6.791],[121.138,-6.782],[121.135,-6.799],[121.138,-6.791]]],[[[120.79,-6.778],[120.779,-6.799],[120.796,-6.866],[120.814,-6.831],[120.79,-6.778]]],[[[121.171,-6.759],[121.167,-6.758],[121.165,-6.772],[121.171,-6.759]]],[[[121.073,-6.756],[121.069,-6.76],[121.073,-6.764],[121.073,-6.756]]],[[[120.972,-6.751],[120.966,-6.753],[120.967,-6.764],[120.972,-6.751]]],[[[121.138,-6.771],[121.142,-6.748],[121.14,-6.746],[121.138,-6.771]]],[[[121.101,-6.733],[121.105,-6.731],[121.102,-6.73],[121.101,-6.733]]],[[[121.084,-6.722],[121.081,-6.723],[121.087,-6.725],[121.084,-6.722]]],[[[121.082,-6.722],[121.079,-6.721],[121.078,-6.723],[121.082,-6.722]]],[[[121.211,-6.719],[121.213,-6.717],[121.211,-6.716],[121.211,-6.719]]],[[[121.155,-6.716],[121.141,-6.737],[121.141,-6.745],[121.142,-6.738],[121.155,-6.716]]],[[[120.281,-6.68],[120.269,-6.696],[120.281,-6.701],[120.281,-6.68]]],[[[120.442,-6.674],[120.429,-6.658],[120.428,-6.716],[120.442,-6.674]]],[[[120.428,-6.649],[120.425,-6.648],[120.426,-6.65],[120.428,-6.649]]],[[[120.434,-6.644],[120.433,-6.644],[120.435,-6.644],[120.434,-6.644]]],[[[120.436,-6.58],[120.42,-6.598],[120.425,-6.64],[120.44,-6.644],[120.436,-6.58]]],[[[121.023,-6.57],[121.025,-6.574],[121.024,-6.565],[121.023,-6.57]]],[[[121.098,-6.574],[121.1,-6.568],[121.098,-6.565],[121.098,-6.574]]],[[[121.078,-6.569],[121.08,-6.567],[121.079,-6.564],[121.078,-6.569]]],[[[121.037,-6.535],[121.035,-6.536],[121.038,-6.536],[121.037,-6.535]]],[[[120.999,-6.544],[120.999,-6.531],[120.997,-6.537],[120.999,-6.544]]],[[[120.995,-6.502],[120.997,-6.494],[120.979,-6.504],[120.995,-6.502]]],[[[121.132,-6.495],[121.135,-6.493],[121.131,-6.49],[121.132,-6.495]]],[[[120.433,-6.464],[120.424,-6.469],[120.421,-6.488],[120.432,-6.483],[120.433,-6.464]]],[[[121.131,-6.461],[121.126,-6.453],[121.132,-6.464],[121.131,-6.461]]],[[[121.096,-6.412],[121.098,-6.409],[121.096,-6.405],[121.096,-6.412]]],[[[120.456,-6.345],[120.449,-6.346],[120.446,-6.348],[120.456,-6.345]]],[[[120.462,-6.326],[120.449,-6.324],[120.455,-6.33],[120.462,-6.326]]],[[[120.464,-6.311],[120.455,-6.307],[120.453,-6.309],[120.464,-6.311]]],[[[120.464,-6.294],[120.456,-6.302],[120.467,-6.3],[120.464,-6.294]]],[[[120.429,-6.105],[120.408,-6.122],[120.392,-6.18],[120.414,-6.208],[120.426,-6.196],[120.416,-6.14],[120.429,-6.105]]],[[[120.494,-5.767],[120.461,-5.794],[120.445,-5.96],[120.45,-6.061],[120.465,-6.093],[120.447,-6.162],[120.426,-6.179],[120.445,-6.198],[120.445,-6.266],[120.481,-6.281],[120.471,-6.381],[120.453,-6.381],[120.47,-6.4],[120.46,-6.408],[120.483,-6.498],[120.509,-6.443],[120.494,-6.392],[120.538,-6.327],[120.538,-6.247],[120.524,-6.222],[120.551,-6.074],[120.568,-6.054],[120.53,-5.844],[120.502,-5.812],[120.494,-5.767]]],[[[120.491,-5.752],[120.478,-5.738],[120.473,-5.749],[120.491,-5.752]]]]},"id":7301},{"type":"Feature","properties":{"code":3101},"geometry":{"type":"MultiPolygon","coordinates":[[[[106.745,-6.035],[106.747,-6.036],[106.747,-6.034],[106.745,-6.035]]],[[[106.733,-6.034],[106.736,-6.033],[106.733,-6.032],[106.733,-6.034]]],[[[106.782,-6.005],[106.782,-6.003],[106.779,-6.002],[106.782,-6.005]]],[[[106.847,-5.985],[106.847,-5.983],[106.846,-5.983],[106.847,-5.985]]],[[[106.71,-5.976],[106.702,-5.976],[106.708,-5.98],[106.71,-5.976]]],[[[106.695,-5.972],[106.689,-5.974],[106.694,-5.978],[106.695,-5.972]]],[[[106.847,-5.956],[106.841,-5.956],[106.846,-5.96],[106.847,-5.956]]],[[[106.519,-5.959],[106.522,-5.954],[106.521,-5.953],[106.519,-5.959]]],[[[106.632,-5.945],[106.633,-5.942],[106.627,-5.942],[106.632,-5.945]]],[[[106.592,-5.934],[106.593,-5.938],[106.597,-5.937],[106.592,-5.934]]],[[[106.589,-5.932],[106.581,-5.926],[106.587,-5.933],[106.589,-5.932]]],[[[106.603,-5.859],[106.606,-5.856],[106.602,-5.858],[106.603,-5.859]]],[[[106.601,-5.857],[106.599,-5.855],[106.599,-5.856],[106.601,-5.857]]],[[[106.631,-5.854],[106.614,-5.856],[106.609,-5.863],[106.631,-5.854]]],[[[106.62,-5.853],[106.62,-5.852],[106.619,-5.854],[106.62,-5.853]]],[[[106.557,-5.82],[106.548,-5.819],[106.557,-5.821],[106.557,-5.82]]],[[[106.52,-5.802],[106.516,-5.802],[106.53,-5.803],[106.52,-5.802]]],[[[106.496,-5.795],[106.478,-5.793],[106.511,-5.802],[106.496,-5.795]]],[[[106.559,-5.771],[106.561,-5.769],[106.559,-5.77],[106.559,-5.771]]],[[[106.583,-5.764],[106.583,-5.76],[106.582,-5.762],[106.583,-5.764]]],[[[106.613,-5.743],[106.615,-5.744],[106.615,-5.741],[106.613,-5.743]]],[[[106.601,-5.738],[106.602,-5.737],[106.598,-5.737],[106.601,-5.738]]],[[[106.601,-5.735],[106.603,-5.734],[106.598,-5.735],[106.601,-5.735]]],[[[106.537,-5.699],[106.533,-5.7],[106.543,-5.7],[106.537,-5.699]]],[[[106.711,-5.696],[106.713,-5.694],[106.712,-5.693],[106.711,-5.696]]],[[[106.68,-5.686],[106.679,-5.687],[106.678,-5.69],[106.68,-5.686]]],[[[106.585,-5.669],[106.579,-5.668],[106.578,-5.671],[106.585,-5.669]]],[[[106.566,-5.663],[106.57,-5.66],[106.568,-5.66],[106.566,-5.663]]],[[[106.567,-5.656],[106.567,-5.653],[106.564,-5.656],[106.567,-5.656]]],[[[106.578,-5.652],[106.576,-5.653],[106.581,-5.652],[106.578,-5.652]]],[[[106.564,-5.643],[106.567,-5.643],[106.557,-5.646],[106.564,-5.643]]],[[[106.582,-5.633],[106.575,-5.634],[106.585,-5.634],[106.582,-5.633]]],[[[106.545,-5.623],[106.543,-5.624],[106.548,-5.624],[106.545,-5.623]]],[[[106.583,-5.62],[106.585,-5.618],[106.581,-5.619],[106.583,-5.62]]],[[[106.55,-5.616],[106.556,-5.616],[106.555,-5.613],[106.55,-5.616]]],[[[106.574,-5.614],[106.582,-5.609],[106.573,-5.61],[106.574,-5.614]]],[[[106.543,-5.605],[106.546,-5.603],[106.543,-5.604],[106.543,-5.605]]],[[[106.561,-5.592],[106.556,-5.595],[106.561,-5.593],[106.561,-5.592]]],[[[106.569,-5.592],[106.567,-5.591],[106.567,-5.593],[106.569,-5.592]]],[[[106.541,-5.591],[106.544,-5.591],[106.543,-5.59],[106.541,-5.591]]],[[[106.552,-5.59],[106.555,-5.588],[106.551,-5.589],[106.552,-5.59]]],[[[106.545,-5.586],[106.546,-5.588],[106.548,-5.587],[106.545,-5.586]]],[[[106.588,-5.586],[106.592,-5.586],[106.591,-5.583],[106.588,-5.586]]],[[[106.595,-5.578],[106.592,-5.58],[106.596,-5.58],[106.595,-5.578]]],[[[106.548,-5.582],[106.55,-5.576],[106.547,-5.58],[106.548,-5.582]]],[[[106.58,-5.576],[106.582,-5.575],[106.58,-5.573],[106.58,-5.576]]],[[[106.557,-5.57],[106.555,-5.571],[106.559,-5.572],[106.557,-5.57]]],[[[106.54,-5.571],[106.543,-5.572],[106.542,-5.57],[106.54,-5.571]]],[[[106.55,-5.57],[106.551,-5.568],[106.549,-5.568],[106.55,-5.57]]],[[[106.525,-5.568],[106.529,-5.567],[106.525,-5.566],[106.525,-5.568]]],[[[106.526,-5.557],[106.527,-5.556],[106.525,-5.556],[106.526,-5.557]]],[[[106.531,-5.555],[106.532,-5.553],[106.53,-5.554],[106.531,-5.555]]],[[[106.543,-5.554],[106.541,-5.551],[106.54,-5.554],[106.543,-5.554]]],[[[106.53,-5.548],[106.526,-5.549],[106.529,-5.55],[106.53,-5.548]]],[[[106.519,-5.55],[106.52,-5.548],[106.518,-5.549],[106.519,-5.55]]],[[[106.536,-5.535],[106.534,-5.534],[106.53,-5.537],[106.536,-5.535]]],[[[106.544,-5.529],[106.541,-5.527],[106.539,-5.53],[106.544,-5.529]]],[[[106.524,-5.522],[106.526,-5.52],[106.524,-5.52],[106.524,-5.522]]],[[[106.527,-5.511],[106.525,-5.513],[106.528,-5.513],[106.527,-5.511]]],[[[106.537,-5.513],[106.533,-5.511],[106.532,-5.515],[106.537,-5.513]]],[[[106.535,-5.501],[106.531,-5.502],[106.534,-5.503],[106.535,-5.501]]],[[[106.549,-5.499],[106.542,-5.504],[106.557,-5.5],[106.549,-5.499]]],[[[106.578,-5.493],[106.576,-5.491],[106.576,-5.494],[106.578,-5.493]]],[[[106.392,-5.48],[106.394,-5.477],[106.39,-5.478],[106.392,-5.48]]],[[[106.524,-5.478],[106.527,-5.475],[106.522,-5.478],[106.524,-5.478]]],[[[106.438,-5.464],[106.437,-5.464],[106.438,-5.466],[106.438,-5.464]]],[[[106.545,-5.463],[106.545,-5.462],[106.544,-5.462],[106.545,-5.463]]],[[[106.556,-5.463],[106.553,-5.46],[106.553,-5.464],[106.556,-5.463]]],[[[106.568,-5.459],[106.568,-5.455],[106.566,-5.458],[106.568,-5.459]]],[[[106.492,-5.422],[106.494,-5.418],[106.49,-5.418],[106.492,-5.422]]],[[[106.47,-5.415],[106.472,-5.411],[106.47,-5.412],[106.47,-5.415]]],[[[106.461,-5.205],[106.459,-5.203],[106.459,-5.206],[106.461,-5.205]]]]},"id":3101},{"type":"Feature","properties":{"code":8203},"geometry":{"type":"MultiPolygon","coordinates":[[[[125.929,-1.976],[125.928,-1.977],[125.928,-1.978],[125.929,-1.976]]],[[[125.942,-1.978],[125.899,-1.982],[125.857,-2.06],[125.887,-2.175],[125.879,-2.21],[125.957,-2.322],[125.978,-2.421],[126.049,-2.477],[126.072,-2.42],[125.957,-2.158],[125.992,-2.025],[125.942,-1.978]]],[[[125.929,-1.975],[125.928,-1.972],[125.926,-1.975],[125.929,-1.975]]],[[[125.785,-1.941],[125.782,-1.941],[125.784,-1.943],[125.785,-1.941]]],[[[125.772,-1.929],[125.773,-1.928],[125.771,-1.928],[125.772,-1.929]]],[[[125.802,-1.92],[125.802,-1.913],[125.795,-1.921],[125.802,-1.92]]],[[[125.419,-1.891],[125.412,-1.89],[125.412,-1.895],[125.419,-1.891]]],[[[125.387,-1.891],[125.373,-1.882],[125.372,-1.889],[125.387,-1.891]]],[[[126.345,-1.822],[126.345,-1.821],[126.342,-1.821],[126.345,-1.822]]],[[[125.624,-1.809],[125.62,-1.806],[125.621,-1.811],[125.624,-1.809]]],[[[125.748,-1.803],[125.75,-1.801],[125.747,-1.801],[125.748,-1.803]]],[[[126.478,-1.805],[126.425,-1.812],[126.35,-1.826],[126.479,-1.833],[126.486,-1.82],[126.463,-1.819],[126.478,-1.805]]],[[[125.796,-1.804],[125.799,-1.801],[125.797,-1.8],[125.796,-1.804]]],[[[125.417,-1.797],[125.418,-1.792],[125.416,-1.793],[125.417,-1.797]]],[[[125.404,-1.775],[125.366,-1.779],[125.356,-1.795],[125.375,-1.807],[125.347,-1.805],[125.329,-1.857],[125.345,-1.888],[125.359,-1.884],[125.369,-1.846],[125.374,-1.862],[125.433,-1.885],[125.44,-1.927],[125.422,-1.95],[125.494,-1.934],[125.527,-1.948],[125.578,-1.928],[125.767,-1.92],[125.784,-1.933],[125.789,-1.914],[125.842,-1.893],[125.919,-1.938],[126.089,-1.878],[126.138,-1.891],[126.206,-1.867],[126.245,-1.879],[126.352,-1.815],[126.312,-1.815],[126.305,-1.828],[126.196,-1.804],[125.912,-1.793],[125.815,-1.811],[125.792,-1.808],[125.78,-1.798],[125.723,-1.828],[125.714,-1.816],[125.697,-1.829],[125.638,-1.83],[125.589,-1.804],[125.541,-1.81],[125.54,-1.786],[125.526,-1.811],[125.517,-1.8],[125.516,-1.817],[125.509,-1.808],[125.499,-1.821],[125.497,-1.806],[125.489,-1.819],[125.473,-1.799],[125.48,-1.778],[125.457,-1.777],[125.45,-1.799],[125.426,-1.809],[125.412,-1.797],[125.404,-1.775]]],[[[125.425,-1.769],[125.416,-1.769],[125.419,-1.774],[125.425,-1.769]]],[[[125.541,-1.755],[125.527,-1.769],[125.521,-1.76],[125.507,-1.778],[125.551,-1.778],[125.541,-1.755]]],[[[125.687,-1.755],[125.7,-1.754],[125.688,-1.752],[125.687,-1.755]]]]},"id":8203},{"type":"Feature","properties":{"code":7104},"geometry":{"type":"MultiPolygon","coordinates":[[[[126.803,3.833],[126.761,3.854],[126.743,3.842],[126.754,3.786],[126.785,3.746],[126.822,3.727],[126.85,3.757],[126.803,3.833]]],[[[126.718,3.944],[126.708,3.943],[126.714,3.938],[126.718,3.944]]],[[[126.707,3.954],[126.713,3.953],[126.713,3.955],[126.707,3.954]]],[[[126.617,4.043],[126.613,3.983],[126.628,3.983],[126.637,3.95],[126.668,3.93],[126.663,3.875],[126.681,3.814],[126.7,3.811],[126.685,3.869],[126.716,3.887],[126.721,3.914],[126.646,3.976],[126.642,4.019],[126.617,4.043]]],[[[126.743,4.545],[126.72,4.51],[126.734,4.461],[126.703,4.428],[126.68,4.334],[126.708,4.322],[126.717,4.264],[126.76,4.247],[126.8,4.286],[126.806,4.277],[126.782,4.251],[126.79,4.213],[126.76,4.181],[126.732,4.109],[126.667,4.044],[126.68,3.992],[126.702,4.004],[126.761,3.994],[126.808,4.032],[126.812,4.104],[126.796,4.148],[126.87,4.216],[126.861,4.25],[126.912,4.269],[126.85,4.375],[126.852,4.413],[126.869,4.429],[126.855,4.489],[126.83,4.491],[126.807,4.533],[126.784,4.524],[126.743,4.545]]],[[[127.149,4.616],[127.131,4.612],[127.118,4.616],[127.141,4.606],[127.149,4.616]]],[[[127.162,4.623],[127.158,4.633],[127.158,4.621],[127.162,4.623]]],[[[127.158,4.638],[127.155,4.643],[127.154,4.64],[127.158,4.638]]],[[[127.144,4.7],[127.131,4.695],[127.141,4.687],[127.144,4.7]]],[[[127.064,4.741],[127.053,4.731],[127.068,4.718],[127.093,4.729],[127.064,4.741]]],[[[127.132,4.731],[127.146,4.753],[127.133,4.778],[127.11,4.746],[127.132,4.731]]],[[[127.062,4.807],[127.056,4.797],[127.058,4.79],[127.065,4.796],[127.062,4.807]]],[[[126.581,5.544],[126.58,5.544],[126.582,5.542],[126.581,5.544]]],[[[126.589,5.555],[126.577,5.557],[126.579,5.544],[126.589,5.555]]]]},"id":7104},{"type":"Feature","properties":{"code":9408},"geometry":{"type":"MultiPolygon","coordinates":[[[[136.389,-1.974],[136.388,-1.975],[136.391,-1.976],[136.389,-1.974]]],[[[136.318,-1.962],[136.321,-1.962],[136.318,-1.959],[136.318,-1.962]]],[[[136.361,-1.958],[136.361,-1.957],[136.36,-1.957],[136.361,-1.958]]],[[[136.374,-1.959],[136.379,-1.958],[136.376,-1.956],[136.374,-1.959]]],[[[136.315,-1.949],[136.311,-1.95],[136.317,-1.955],[136.315,-1.949]]],[[[136.31,-1.941],[136.304,-1.939],[136.311,-1.947],[136.31,-1.941]]],[[[136.369,-1.921],[136.368,-1.92],[136.368,-1.921],[136.369,-1.921]]],[[[136.383,-1.924],[136.381,-1.915],[136.38,-1.918],[136.383,-1.924]]],[[[136.363,-1.91],[136.36,-1.905],[136.359,-1.907],[136.363,-1.91]]],[[[136.375,-1.905],[136.371,-1.906],[136.374,-1.908],[136.375,-1.905]]],[[[136.407,-1.913],[136.382,-1.913],[136.386,-1.918],[136.407,-1.913]]],[[[136.331,-1.906],[136.342,-1.933],[136.33,-1.935],[136.361,-1.962],[136.357,-1.905],[136.342,-1.92],[136.331,-1.906]]],[[[136.317,-1.903],[136.317,-1.9],[136.316,-1.901],[136.317,-1.903]]],[[[136.353,-1.9],[136.353,-1.897],[136.351,-1.899],[136.353,-1.9]]],[[[136.334,-1.901],[136.324,-1.892],[136.325,-1.901],[136.334,-1.901]]],[[[135.808,-1.896],[135.816,-1.893],[135.811,-1.89],[135.808,-1.896]]],[[[136.29,-1.886],[136.279,-1.896],[136.292,-1.939],[136.3,-1.923],[136.29,-1.886]]],[[[136.372,-1.898],[136.36,-1.887],[136.358,-1.903],[136.372,-1.898]]],[[[135.822,-1.885],[135.824,-1.882],[135.821,-1.884],[135.822,-1.885]]],[[[135.803,-1.879],[135.799,-1.875],[135.8,-1.88],[135.803,-1.879]]],[[[136.343,-1.875],[136.355,-1.875],[136.349,-1.871],[136.343,-1.875]]],[[[137.023,-1.83],[136.991,-1.837],[136.95,-1.836],[137.054,-1.868],[137.023,-1.83]]],[[[135.937,-1.8],[135.93,-1.797],[135.933,-1.804],[135.937,-1.8]]],[[[135.812,-1.784],[135.794,-1.799],[135.804,-1.816],[135.824,-1.804],[135.812,-1.784]]],[[[135.774,-1.779],[135.773,-1.778],[135.772,-1.78],[135.774,-1.779]]],[[[135.87,-1.769],[135.867,-1.769],[135.869,-1.771],[135.87,-1.769]]],[[[135.832,-1.765],[135.829,-1.761],[135.829,-1.765],[135.832,-1.765]]],[[[135.792,-1.77],[135.77,-1.76],[135.765,-1.772],[135.792,-1.77]]],[[[135.789,-1.758],[135.788,-1.755],[135.787,-1.757],[135.789,-1.758]]],[[[135.808,-1.74],[135.791,-1.745],[135.792,-1.749],[135.807,-1.75],[135.808,-1.74]]],[[[135.691,-1.71],[135.68,-1.714],[135.682,-1.716],[135.691,-1.71]]],[[[135.73,-1.698],[135.732,-1.697],[135.729,-1.697],[135.73,-1.698]]],[[[135.604,-1.697],[135.602,-1.694],[135.601,-1.695],[135.604,-1.697]]],[[[135.589,-1.691],[135.587,-1.687],[135.585,-1.689],[135.589,-1.691]]],[[[135.584,-1.688],[135.585,-1.687],[135.583,-1.689],[135.584,-1.688]]],[[[135.47,-1.659],[135.466,-1.657],[135.468,-1.66],[135.47,-1.659]]],[[[135.623,-1.625],[135.41,-1.601],[135.443,-1.612],[135.448,-1.642],[135.467,-1.638],[135.474,-1.68],[135.513,-1.686],[135.521,-1.66],[135.518,-1.686],[135.553,-1.662],[135.578,-1.687],[135.607,-1.681],[135.628,-1.696],[135.651,-1.684],[135.646,-1.694],[135.666,-1.692],[135.672,-1.706],[135.732,-1.687],[135.751,-1.721],[135.761,-1.706],[135.789,-1.719],[135.776,-1.737],[135.767,-1.731],[135.762,-1.748],[135.821,-1.734],[135.831,-1.761],[135.845,-1.746],[135.864,-1.768],[135.872,-1.757],[135.851,-1.742],[135.869,-1.74],[135.899,-1.788],[135.911,-1.754],[135.978,-1.816],[136.025,-1.819],[136.071,-1.849],[136.145,-1.853],[136.172,-1.874],[136.194,-1.859],[136.189,-1.875],[136.197,-1.854],[136.229,-1.909],[136.249,-1.885],[136.263,-1.912],[136.275,-1.882],[136.342,-1.86],[136.398,-1.888],[136.411,-1.873],[136.467,-1.895],[136.498,-1.879],[136.536,-1.899],[136.548,-1.889],[136.502,-1.849],[136.535,-1.869],[136.618,-1.862],[136.628,-1.873],[136.687,-1.833],[136.706,-1.843],[136.697,-1.823],[136.718,-1.816],[136.76,-1.826],[136.801,-1.812],[136.849,-1.827],[136.903,-1.793],[136.788,-1.74],[136.585,-1.729],[136.446,-1.698],[136.409,-1.72],[136.368,-1.717],[136.203,-1.648],[136.052,-1.659],[135.898,-1.635],[135.85,-1.662],[135.835,-1.658],[135.847,-1.638],[135.786,-1.626],[135.692,-1.634],[135.688,-1.62],[135.623,-1.625]]],[[[135.835,-1.522],[135.825,-1.524],[135.835,-1.526],[135.835,-1.522]]],[[[135.348,-1.51],[135.34,-1.514],[135.351,-1.512],[135.348,-1.51]]],[[[135.364,-1.507],[135.37,-1.497],[135.365,-1.498],[135.364,-1.507]]],[[[135.019,-1.481],[135.013,-1.484],[135.019,-1.486],[135.019,-1.481]]],[[[135.355,-1.486],[135.347,-1.482],[135.35,-1.488],[135.355,-1.486]]],[[[135.008,-1.471],[135.007,-1.473],[135.01,-1.471],[135.008,-1.471]]],[[[135.099,-1.471],[135.099,-1.467],[135.097,-1.469],[135.099,-1.471]]],[[[135.119,-1.465],[135.094,-1.489],[135.098,-1.507],[135.122,-1.5],[135.175,-1.524],[135.186,-1.512],[135.205,-1.528],[135.299,-1.519],[135.325,-1.509],[135.337,-1.483],[135.31,-1.496],[135.297,-1.474],[135.271,-1.49],[135.261,-1.478],[135.253,-1.521],[135.245,-1.484],[135.221,-1.508],[135.206,-1.499],[135.215,-1.474],[135.154,-1.49],[135.119,-1.465]]]]},"id":9408},{"type":"Feature","properties":{"code":1501},"geometry":{"type":"Polygon","coordinates":[[[101.637,-1.896],[101.411,-1.672],[101.397,-1.689],[101.267,-1.696],[101.231,-1.724],[101.197,-1.71],[101.19,-1.677],[101.168,-1.71],[101.131,-1.685],[101.128,-1.763],[101.178,-1.861],[101.163,-1.894],[101.141,-1.902],[101.142,-1.925],[101.206,-1.981],[101.206,-2.009],[101.24,-2.064],[101.289,-2.027],[101.426,-2.026],[101.456,-2.089],[101.409,-2.118],[101.408,-2.171],[101.368,-2.175],[101.37,-2.191],[101.282,-2.25],[101.285,-2.276],[101.557,-2.45],[101.549,-2.351],[101.594,-2.361],[101.598,-2.336],[101.617,-2.332],[101.639,-2.35],[101.696,-2.345],[101.742,-2.29],[101.775,-2.204],[101.812,-2.177],[101.837,-2.181],[101.788,-2.139],[101.787,-2.109],[101.721,-2.025],[101.718,-1.997],[101.655,-1.954],[101.637,-1.896]]]},"id":1501},{"type":"Feature","properties":{"code":6106},"geometry":{"type":"MultiPolygon","coordinates":[[[[110.204,-3.066],[110.202,-3.066],[110.203,-3.067],[110.204,-3.066]]],[[[110.224,-3.041],[110.225,-3.041],[110.224,-3.039],[110.224,-3.041]]],[[[110.092,-2.879],[110.089,-2.877],[110.089,-2.881],[110.092,-2.879]]],[[[110.169,-2.852],[110.132,-2.895],[110.161,-2.914],[110.192,-2.912],[110.201,-2.883],[110.169,-2.852]]],[[[110.085,-2.832],[110.081,-2.832],[110.083,-2.836],[110.085,-2.832]]],[[[110.127,-2.694],[110.098,-2.674],[110.044,-2.747],[110.082,-2.761],[110.128,-2.742],[110.115,-2.718],[110.127,-2.694]]],[[[110.12,-2.67],[110.118,-2.673],[110.12,-2.672],[110.12,-2.67]]],[[[110.12,-2.668],[110.119,-2.666],[110.117,-2.665],[110.12,-2.668]]],[[[110.121,-2.638],[110.118,-2.63],[110.114,-2.634],[110.121,-2.638]]],[[[110.152,-2.638],[110.15,-2.627],[110.148,-2.627],[110.152,-2.638]]],[[[110.069,-2.373],[110.058,-2.377],[110.07,-2.378],[110.069,-2.373]]],[[[110.071,-2.372],[110.072,-2.37],[110.07,-2.369],[110.071,-2.372]]],[[[109.991,-2.259],[109.988,-2.255],[109.989,-2.258],[109.991,-2.259]]],[[[110.082,-2.17],[110.081,-2.168],[110.084,-2.172],[110.082,-2.17]]],[[[110.08,-2.168],[110.078,-2.166],[110.078,-2.169],[110.08,-2.168]]],[[[109.919,-1.819],[109.918,-1.821],[109.922,-1.823],[109.919,-1.819]]],[[[109.938,-1.772],[109.936,-1.77],[109.934,-1.771],[109.938,-1.772]]],[[[109.929,-1.763],[109.929,-1.765],[109.932,-1.765],[109.929,-1.763]]],[[[110.023,-1.435],[110.021,-1.434],[110.024,-1.437],[110.023,-1.435]]],[[[110.053,-1.434],[110.046,-1.435],[110.049,-1.438],[110.053,-1.434]]],[[[110.02,-1.434],[110.013,-1.426],[110.019,-1.436],[110.02,-1.434]]],[[[110.003,-1.427],[110.007,-1.426],[110.006,-1.424],[110.003,-1.427]]],[[[110.068,-1.368],[110.064,-1.46],[110.035,-1.525],[110.026,-1.682],[109.976,-1.748],[109.94,-1.762],[109.945,-1.774],[109.913,-1.773],[109.908,-1.805],[109.928,-1.83],[109.901,-1.828],[109.924,-1.857],[110.067,-1.931],[110.12,-2.029],[110.115,-2.126],[110.085,-2.179],[110.091,-2.224],[110.061,-2.245],[110.102,-2.25],[110.138,-2.305],[110.147,-2.427],[110.18,-2.455],[110.197,-2.52],[110.183,-2.59],[110.148,-2.621],[110.214,-2.648],[110.233,-2.697],[110.218,-2.739],[110.261,-2.769],[110.256,-2.836],[110.224,-2.887],[110.259,-2.96],[110.305,-2.996],[110.418,-2.896],[110.568,-2.839],[110.623,-2.889],[110.644,-2.989],[110.61,-2.987],[110.626,-3.029],[110.657,-3.039],[110.726,-3.001],[110.755,-2.942],[110.793,-2.909],[110.966,-2.857],[111.011,-2.794],[111.101,-2.767],[111.146,-2.741],[111.169,-2.706],[111.166,-2.674],[111.118,-2.652],[111.136,-2.611],[111.103,-2.424],[111.069,-2.299],[111.031,-2.241],[111.078,-2.161],[111.057,-2.071],[111.09,-2.016],[111.056,-2.012],[111.053,-1.989],[111.017,-1.956],[110.979,-1.95],[110.996,-1.909],[110.974,-1.878],[110.978,-1.837],[111.013,-1.777],[111.006,-1.705],[110.974,-1.669],[110.942,-1.71],[110.9,-1.713],[110.886,-1.681],[110.855,-1.673],[110.853,-1.636],[110.899,-1.591],[110.951,-1.579],[110.978,-1.539],[111.013,-1.562],[111.059,-1.535],[111.074,-1.559],[111.118,-1.552],[111.128,-1.473],[111.147,-1.441],[111.259,-1.416],[111.324,-1.365],[111.332,-1.334],[111.37,-1.329],[111.315,-1.293],[111.313,-1.257],[111.265,-1.253],[111.26,-1.209],[111.235,-1.183],[111.265,-1.097],[111.205,-1.018],[111.143,-1.007],[111.15,-0.964],[111.114,-0.951],[111.124,-0.93],[111.17,-0.909],[111.163,-0.863],[111.196,-0.88],[111.217,-0.863],[111.211,-0.831],[111.233,-0.783],[111.242,-0.7],[111.221,-0.658],[111.265,-0.609],[111.265,-0.587],[111.239,-0.588],[111.196,-0.519],[111.088,-0.495],[111.017,-0.503],[110.907,-0.458],[110.866,-0.49],[110.843,-0.567],[110.803,-0.601],[110.698,-0.632],[110.636,-0.619],[110.604,-0.422],[110.528,-0.338],[110.471,-0.325],[110.402,-0.377],[110.414,-0.434],[110.39,-0.474],[110.35,-0.437],[110.371,-0.412],[110.366,-0.395],[110.318,-0.409],[110.299,-0.448],[110.251,-0.443],[110.213,-0.419],[110.15,-0.435],[110.108,-0.427],[110.098,-0.396],[110.051,-0.386],[110.036,-0.436],[109.995,-0.485],[109.947,-0.499],[109.887,-0.551],[109.881,-0.586],[109.816,-0.64],[109.813,-0.68],[109.859,-0.657],[109.888,-0.726],[109.934,-0.72],[109.932,-0.752],[110.057,-0.759],[110.126,-0.79],[110.219,-0.861],[110.353,-0.873],[110.404,-1.059],[110.393,-1.07],[110.421,-1.086],[110.416,-1.102],[110.46,-1.11],[110.47,-1.133],[110.441,-1.234],[110.353,-1.236],[110.27,-1.304],[110.16,-1.326],[110.068,-1.368]]]]},"id":6106},{"type":"Feature","properties":{"code":3310},"geometry":{"type":"Polygon","coordinates":[[[110.446,-7.541],[110.491,-7.766],[110.53,-7.798],[110.562,-7.782],[110.582,-7.789],[110.576,-7.807],[110.657,-7.804],[110.67,-7.786],[110.67,-7.803],[110.709,-7.804],[110.77,-7.716],[110.768,-7.684],[110.799,-7.642],[110.763,-7.635],[110.743,-7.599],[110.6,-7.569],[110.597,-7.588],[110.547,-7.6],[110.538,-7.635],[110.477,-7.554],[110.446,-7.541]]]},"id":3310},{"type":"Feature","properties":{"code":5105},"geometry":{"type":"MultiPolygon","coordinates":[[[[115.629,-8.776],[115.629,-8.778],[115.63,-8.777],[115.629,-8.776]]],[[[115.622,-8.774],[115.625,-8.776],[115.629,-8.775],[115.622,-8.774]]],[[[115.465,-8.687],[115.44,-8.7],[115.44,-8.711],[115.459,-8.698],[115.465,-8.687]]],[[[115.552,-8.672],[115.49,-8.673],[115.446,-8.733],[115.528,-8.799],[115.588,-8.819],[115.607,-8.807],[115.606,-8.791],[115.615,-8.778],[115.628,-8.769],[115.579,-8.686],[115.552,-8.672]]],[[[115.453,-8.663],[115.427,-8.682],[115.428,-8.691],[115.471,-8.675],[115.453,-8.663]]],[[[115.354,-8.507],[115.37,-8.574],[115.443,-8.571],[115.479,-8.55],[115.462,-8.503],[115.409,-8.53],[115.414,-8.474],[115.389,-8.482],[115.401,-8.462],[115.376,-8.46],[115.354,-8.507]]]]},"id":5105},{"type":"Feature","properties":{"code":7404},"geometry":{"type":"MultiPolygon","coordinates":[[[[121.491,-4.194],[121.469,-4.207],[121.473,-4.225],[121.483,-4.203],[121.501,-4.202],[121.491,-4.194]]],[[[121.559,-4.167],[121.558,-4.167],[121.559,-4.169],[121.559,-4.167]]],[[[121.481,-4.111],[121.478,-4.121],[121.486,-4.123],[121.481,-4.111]]],[[[121.426,-4.085],[121.412,-4.084],[121.404,-4.113],[121.382,-4.104],[121.401,-4.13],[121.392,-4.166],[121.418,-4.155],[121.443,-4.168],[121.43,-4.129],[121.463,-4.134],[121.464,-4.104],[121.415,-4.111],[121.426,-4.085]]],[[[121.328,-4.086],[121.337,-4.084],[121.337,-4.077],[121.328,-4.086]]],[[[121.378,-4.102],[121.368,-4.071],[121.354,-4.09],[121.378,-4.102]]],[[[121.221,-3.868],[121.227,-3.866],[121.226,-3.865],[121.221,-3.868]]],[[[121.804,-4.414],[121.776,-4.293],[121.735,-4.256],[121.778,-4.162],[121.763,-4.046],[121.719,-3.997],[121.677,-3.976],[121.698,-3.953],[121.693,-3.936],[121.666,-3.901],[121.624,-3.893],[121.605,-3.822],[121.523,-3.747],[121.431,-3.703],[121.428,-3.619],[121.408,-3.611],[121.37,-3.63],[121.335,-3.667],[121.336,-3.692],[121.289,-3.689],[121.252,-3.659],[121.105,-3.747],[121.17,-3.826],[121.245,-3.829],[121.258,-3.854],[121.233,-3.87],[121.261,-3.882],[121.242,-3.913],[121.255,-3.919],[121.28,-3.884],[121.299,-3.889],[121.349,-3.99],[121.371,-4.003],[121.413,-3.998],[121.452,-4.023],[121.456,-4.007],[121.505,-4.017],[121.563,-4.038],[121.577,-4.052],[121.579,-4.052],[121.58,-4.05],[121.579,-4.049],[121.587,-4.051],[121.591,-4.061],[121.609,-4.067],[121.617,-4.15],[121.606,-4.181],[121.589,-4.176],[121.579,-4.245],[121.549,-4.264],[121.54,-4.255],[121.56,-4.243],[121.526,-4.245],[121.531,-4.29],[121.544,-4.288],[121.526,-4.292],[121.524,-4.401],[121.47,-4.591],[121.558,-4.568],[121.613,-4.573],[121.622,-4.559],[121.66,-4.565],[121.723,-4.524],[121.723,-4.491],[121.782,-4.455],[121.804,-4.414]],[[121.578,-4.051],[121.579,-4.05],[121.578,-4.052],[121.578,-4.051]]]]},"id":7404},{"type":"Feature","properties":{"code":7411},"geometry":{"type":"Polygon","coordinates":[[[121.882,-4.375],[121.976,-4.378],[122.01,-4.36],[122.014,-4.201],[121.955,-4.042],[121.961,-3.877],[121.93,-3.832],[121.862,-3.792],[121.864,-3.756],[121.832,-3.733],[121.791,-3.726],[121.748,-3.766],[121.7,-3.777],[121.671,-3.731],[121.618,-3.736],[121.612,-3.681],[121.533,-3.541],[121.524,-3.477],[121.441,-3.35],[121.354,-3.335],[121.318,-3.303],[121.279,-3.226],[121.227,-3.228],[121.221,-3.254],[121.157,-3.297],[121.157,-3.339],[121.122,-3.411],[121.155,-3.436],[121.119,-3.49],[121.15,-3.505],[121.157,-3.536],[121.237,-3.604],[121.252,-3.659],[121.289,-3.689],[121.336,-3.692],[121.335,-3.667],[121.37,-3.63],[121.408,-3.611],[121.428,-3.619],[121.431,-3.703],[121.523,-3.747],[121.605,-3.822],[121.624,-3.893],[121.666,-3.901],[121.693,-3.936],[121.698,-3.953],[121.677,-3.976],[121.719,-3.997],[121.763,-4.046],[121.778,-4.162],[121.735,-4.256],[121.776,-4.293],[121.804,-4.414],[121.882,-4.375]]]},"id":7411},{"type":"Feature","properties":{"code":7408},"geometry":{"type":"MultiPolygon","coordinates":[[[[121.052,-3.065],[121.052,-3.062],[121.051,-3.063],[121.052,-3.065]]],[[[121.252,-3.659],[121.237,-3.604],[121.157,-3.536],[121.15,-3.505],[121.119,-3.49],[121.155,-3.436],[121.122,-3.411],[121.157,-3.339],[121.157,-3.297],[121.221,-3.254],[121.227,-3.228],[121.279,-3.226],[121.337,-3.322],[121.415,-3.355],[121.441,-3.35],[121.427,-3.326],[121.441,-3.168],[121.361,-3.052],[121.369,-3.009],[121.328,-2.938],[121.357,-2.899],[121.318,-2.807],[121.241,-2.825],[121.221,-2.857],[121.203,-2.857],[121.171,-2.817],[121.08,-2.779],[121.031,-2.793],[121.019,-2.819],[120.986,-2.836],[120.996,-2.869],[121.01,-2.87],[120.991,-2.84],[121.027,-2.849],[121.036,-2.807],[121.046,-2.865],[121.064,-2.877],[121.065,-2.853],[121.078,-2.865],[121.072,-2.898],[121.09,-2.944],[121.081,-2.971],[121.062,-2.958],[121.089,-3.015],[121.075,-3.008],[121.073,-3.032],[121.056,-3.022],[121.043,-3.044],[121.06,-3.067],[121.044,-3.108],[121.069,-3.204],[121.033,-3.206],[121.02,-3.244],[120.97,-3.267],[120.956,-3.33],[120.92,-3.353],[120.866,-3.428],[120.873,-3.494],[120.91,-3.568],[120.9,-3.568],[120.944,-3.62],[121.009,-3.678],[121.084,-3.714],[121.105,-3.747],[121.252,-3.659]]]]},"id":7408},{"type":"Feature","properties":{"code":7403},"geometry":{"type":"MultiPolygon","coordinates":[[[[122.692,-3.916],[122.695,-3.908],[122.678,-3.911],[122.692,-3.916]]],[[[122.726,-3.9],[122.697,-3.896],[122.709,-3.911],[122.726,-3.9]]],[[[122.708,-3.889],[122.717,-3.883],[122.707,-3.883],[122.708,-3.889]]],[[[121.994,-4.131],[122.091,-4.114],[122.178,-4.065],[122.18,-4.041],[122.222,-4.004],[122.268,-4.003],[122.27,-3.983],[122.284,-4.005],[122.302,-3.997],[122.296,-4.024],[122.31,-4.002],[122.313,-4.022],[122.335,-4.012],[122.346,-4.025],[122.363,-3.996],[122.44,-4.008],[122.451,-3.94],[122.481,-3.909],[122.506,-3.909],[122.538,-3.941],[122.624,-3.949],[122.664,-3.925],[122.665,-3.896],[122.533,-3.899],[122.506,-3.881],[122.506,-3.854],[122.477,-3.819],[122.432,-3.838],[122.414,-3.867],[122.313,-3.868],[122.269,-3.769],[122.212,-3.744],[122.177,-3.768],[122.145,-3.721],[122.08,-3.716],[122.042,-3.662],[122.055,-3.642],[122.041,-3.619],[121.994,-3.587],[121.855,-3.558],[121.794,-3.582],[121.774,-3.556],[121.763,-3.482],[121.725,-3.489],[121.669,-3.47],[121.662,-3.418],[121.618,-3.423],[121.554,-3.386],[121.531,-3.399],[121.503,-3.449],[121.58,-3.644],[121.612,-3.681],[121.618,-3.736],[121.671,-3.731],[121.7,-3.777],[121.748,-3.766],[121.791,-3.726],[121.832,-3.733],[121.864,-3.756],[121.862,-3.792],[121.93,-3.832],[121.961,-3.877],[121.955,-4.042],[121.994,-4.131]]],[[[121.431,-3.273],[121.553,-3.202],[121.591,-3.16],[121.649,-3.167],[121.677,-3.2],[121.672,-3.218],[121.734,-3.244],[121.812,-3.235],[122.078,-2.961],[122.061,-2.949],[122.006,-2.957],[121.92,-2.99],[121.857,-2.963],[121.833,-2.972],[121.751,-2.923],[121.637,-2.894],[121.547,-2.921],[121.525,-2.962],[121.457,-3.013],[121.357,-2.974],[121.369,-3.009],[121.361,-3.052],[121.441,-3.168],[121.431,-3.273]]]]},"id":7403},{"type":"Feature","properties":{"code":7412},"geometry":{"type":"Polygon","coordinates":[[[123.086,-4.022],[123.011,-3.978],[122.969,-4.054],[122.941,-4.05],[122.936,-4.094],[122.99,-4.2],[123.117,-4.26],[123.152,-4.24],[123.165,-4.207],[123.247,-4.125],[123.259,-4.09],[123.225,-4.026],[123.191,-4.01],[123.086,-4.022]]]},"id":7412},{"type":"Feature","properties":{"code":7405},"geometry":{"type":"MultiPolygon","coordinates":[[[[122.218,-4.489],[122.219,-4.485],[122.216,-4.49],[122.218,-4.489]]],[[[122.683,-4.483],[122.683,-4.481],[122.681,-4.481],[122.683,-4.483]]],[[[122.881,-4.417],[122.881,-4.415],[122.88,-4.415],[122.881,-4.417]]],[[[122.906,-4.178],[122.903,-4.184],[122.905,-4.186],[122.906,-4.178]]],[[[122.897,-4.149],[122.894,-4.154],[122.898,-4.159],[122.897,-4.149]]],[[[122.893,-4.144],[122.891,-4.145],[122.892,-4.145],[122.893,-4.144]]],[[[122.813,-4.132],[122.811,-4.133],[122.814,-4.135],[122.813,-4.132]]],[[[122.829,-4.131],[122.828,-4.131],[122.83,-4.131],[122.829,-4.131]]],[[[122.728,-4.127],[122.723,-4.123],[122.722,-4.129],[122.728,-4.127]]],[[[122.667,-4.121],[122.666,-4.123],[122.667,-4.123],[122.667,-4.121]]],[[[122.673,-4.119],[122.671,-4.119],[122.67,-4.122],[122.673,-4.119]]],[[[122.669,-4.102],[122.669,-4.101],[122.668,-4.1],[122.669,-4.102]]],[[[122.793,-4.102],[122.793,-4.099],[122.792,-4.101],[122.793,-4.102]]],[[[122.778,-4.036],[122.776,-4.038],[122.778,-4.038],[122.778,-4.036]]],[[[122.103,-4.53],[122.163,-4.528],[122.217,-4.481],[122.189,-4.472],[122.26,-4.492],[122.341,-4.474],[122.42,-4.429],[122.45,-4.451],[122.467,-4.437],[122.47,-4.452],[122.504,-4.455],[122.52,-4.431],[122.594,-4.394],[122.662,-4.452],[122.671,-4.507],[122.695,-4.501],[122.676,-4.483],[122.693,-4.47],[122.71,-4.498],[122.743,-4.51],[122.761,-4.48],[122.757,-4.426],[122.741,-4.431],[122.704,-4.405],[122.659,-4.338],[122.696,-4.327],[122.769,-4.408],[122.815,-4.425],[122.831,-4.448],[122.843,-4.42],[122.876,-4.418],[122.882,-4.397],[122.883,-4.413],[122.908,-4.323],[122.881,-4.295],[122.907,-4.23],[122.894,-4.22],[122.884,-4.125],[122.831,-4.055],[122.766,-4.055],[122.777,-4.091],[122.801,-4.095],[122.801,-4.109],[122.808,-4.1],[122.807,-4.114],[122.821,-4.107],[122.834,-4.123],[122.833,-4.153],[122.814,-4.136],[122.77,-4.162],[122.715,-4.131],[122.695,-4.137],[122.713,-4.163],[122.676,-4.157],[122.664,-4.147],[122.649,-4.057],[122.672,-4.036],[122.651,-4.002],[122.615,-4.025],[122.589,-4.083],[122.572,-4.069],[122.526,-4.091],[122.44,-4.008],[122.363,-3.996],[122.346,-4.025],[122.335,-4.012],[122.313,-4.022],[122.31,-4.002],[122.296,-4.024],[122.302,-3.997],[122.284,-4.005],[122.27,-3.983],[122.268,-4.003],[122.222,-4.004],[122.18,-4.041],[122.178,-4.065],[122.091,-4.114],[121.994,-4.131],[122.014,-4.201],[122.01,-4.36],[121.976,-4.378],[121.907,-4.377],[122.0,-4.428],[122.051,-4.487],[122.104,-4.5],[122.103,-4.53]]]]},"id":7405},{"type":"Feature","properties":{"code":7410},"geometry":{"type":"MultiPolygon","coordinates":[[[[122.345,-3.54],[122.293,-3.533],[122.282,-3.59],[122.305,-3.575],[122.364,-3.576],[122.334,-3.561],[122.345,-3.54]]],[[[122.482,-3.487],[122.484,-3.478],[122.483,-3.478],[122.482,-3.487]]],[[[122.393,-3.465],[122.401,-3.463],[122.396,-3.458],[122.393,-3.465]]],[[[122.391,-3.458],[122.396,-3.455],[122.391,-3.45],[122.391,-3.458]]],[[[122.463,-3.461],[122.423,-3.428],[122.413,-3.395],[122.402,-3.4],[122.397,-3.442],[122.416,-3.493],[122.45,-3.503],[122.439,-3.477],[122.453,-3.487],[122.463,-3.461]]],[[[121.503,-3.449],[121.554,-3.386],[121.618,-3.423],[121.662,-3.418],[121.669,-3.47],[121.725,-3.489],[121.763,-3.482],[121.774,-3.556],[121.794,-3.582],[121.855,-3.558],[121.994,-3.587],[122.055,-3.642],[122.042,-3.662],[122.058,-3.697],[122.08,-3.716],[122.145,-3.721],[122.177,-3.768],[122.212,-3.744],[122.269,-3.769],[122.313,-3.868],[122.336,-3.877],[122.356,-3.864],[122.414,-3.867],[122.432,-3.838],[122.472,-3.82],[122.443,-3.75],[122.401,-3.749],[122.392,-3.726],[122.363,-3.752],[122.342,-3.745],[122.3,-3.691],[122.246,-3.664],[122.196,-3.609],[122.199,-3.564],[122.266,-3.559],[122.27,-3.538],[122.254,-3.54],[122.267,-3.521],[122.281,-3.548],[122.283,-3.488],[122.247,-3.495],[122.281,-3.48],[122.287,-3.492],[122.301,-3.468],[122.239,-3.388],[122.267,-3.399],[122.276,-3.363],[122.309,-3.384],[122.328,-3.373],[122.314,-3.425],[122.349,-3.409],[122.36,-3.464],[122.38,-3.463],[122.39,-3.406],[122.371,-3.379],[122.354,-3.385],[122.337,-3.364],[122.293,-3.359],[122.292,-3.312],[122.279,-3.312],[122.31,-3.272],[122.295,-3.22],[122.314,-3.164],[122.284,-3.141],[122.222,-3.134],[122.171,-3.084],[122.179,-3.032],[122.1,-3.009],[122.078,-2.961],[121.812,-3.235],[121.734,-3.244],[121.672,-3.218],[121.677,-3.2],[121.649,-3.167],[121.591,-3.16],[121.553,-3.202],[121.431,-3.273],[121.429,-3.333],[121.503,-3.449]]]]},"id":7410},{"type":"Feature","properties":{"code":8171},"geometry":{"type":"Polygon","coordinates":[[[128.256,-3.63],[128.27,-3.599],[128.238,-3.572],[128.2,-3.598],[128.188,-3.629],[128.143,-3.623],[128.064,-3.651],[128.044,-3.643],[128.034,-3.684],[128.084,-3.722],[128.117,-3.686],[128.201,-3.658],[128.194,-3.641],[128.231,-3.628],[128.244,-3.639],[128.154,-3.707],[128.089,-3.792],[128.151,-3.771],[128.159,-3.749],[128.226,-3.748],[128.264,-3.729],[128.3,-3.679],[128.256,-3.63]]]},"id":8171},{"type":"Feature","properties":{"code":6471},"geometry":{"type":"Polygon","coordinates":[[[116.837,-1.045],[116.806,-1.058],[116.775,-1.041],[116.759,-1.075],[116.729,-1.066],[116.716,-1.109],[116.756,-1.138],[116.775,-1.187],[116.766,-1.212],[116.815,-1.24],[116.81,-1.282],[116.884,-1.276],[116.935,-1.251],[117.0,-1.2],[117.022,-1.141],[116.929,-1.106],[116.902,-1.063],[116.837,-1.045]]]},"id":6471},{"type":"Feature","properties":{"code":1171},"geometry":{"type":"MultiPolygon","coordinates":[[[[95.302,5.567],[95.303,5.568],[95.298,5.567],[95.302,5.567]]],[[[95.366,5.608],[95.313,5.583],[95.309,5.561],[95.282,5.559],[95.284,5.53],[95.314,5.515],[95.354,5.532],[95.357,5.571],[95.377,5.567],[95.368,5.589],[95.355,5.585],[95.366,5.608]]]]},"id":1171},{"type":"Feature","properties":{"code":1871},"geometry":{"type":"MultiPolygon","coordinates":[[[[105.257,-5.486],[105.257,-5.484],[105.257,-5.485],[105.257,-5.486]]],[[[105.266,-5.464],[105.263,-5.462],[105.264,-5.466],[105.266,-5.464]]],[[[105.347,-5.521],[105.359,-5.514],[105.327,-5.451],[105.342,-5.419],[105.305,-5.358],[105.291,-5.367],[105.294,-5.348],[105.267,-5.355],[105.253,-5.335],[105.175,-5.408],[105.204,-5.421],[105.228,-5.494],[105.252,-5.491],[105.254,-5.461],[105.29,-5.445],[105.347,-5.521]]]]},"id":1871},{"type":"Feature","properties":{"code":3273},"geometry":{"type":"Polygon","coordinates":[[[107.642,-6.893],[107.616,-6.847],[107.604,-6.859],[107.597,-6.836],[107.576,-6.89],[107.556,-6.888],[107.565,-6.929],[107.545,-6.928],[107.562,-6.95],[107.715,-6.961],[107.738,-6.899],[107.715,-6.903],[107.707,-6.889],[107.7,-6.908],[107.67,-6.883],[107.642,-6.893]]]},"id":3273},{"type":"Feature","properties":{"code":3279},"geometry":{"type":"Polygon","coordinates":[[[108.65,-7.387],[108.661,-7.342],[108.583,-7.349],[108.551,-7.323],[108.55,-7.341],[108.522,-7.358],[108.489,-7.349],[108.467,-7.378],[108.569,-7.437],[108.59,-7.395],[108.615,-7.406],[108.63,-7.381],[108.65,-7.387]]]},"id":3279},{"type":"Feature","properties":{"code":6372},"geometry":{"type":"Polygon","coordinates":[[[114.704,-3.513],[114.831,-3.523],[114.85,-3.548],[114.889,-3.55],[114.92,-3.595],[114.93,-3.494],[114.915,-3.468],[114.926,-3.47],[114.93,-3.446],[114.806,-3.418],[114.74,-3.371],[114.698,-3.458],[114.704,-3.513]]]},"id":6372},{"type":"Feature","properties":{"code":6371},"geometry":{"type":"Polygon","coordinates":[[[114.638,-3.275],[114.602,-3.288],[114.569,-3.267],[114.56,-3.316],[114.521,-3.363],[114.569,-3.366],[114.586,-3.382],[114.632,-3.346],[114.657,-3.348],[114.628,-3.312],[114.638,-3.275]]]},"id":6371},{"type":"Feature","properties":{"code":6302},"geometry":{"type":"MultiPolygon","coordinates":[[[[115.667,-4.73],[115.674,-4.74],[115.682,-4.723],[115.667,-4.73]]],[[[115.773,-4.669],[115.776,-4.664],[115.775,-4.662],[115.773,-4.669]]],[[[115.771,-4.665],[115.725,-4.687],[115.718,-4.703],[115.737,-4.702],[115.771,-4.665]]],[[[115.777,-4.657],[115.782,-4.66],[115.782,-4.658],[115.777,-4.657]]],[[[115.775,-4.659],[115.774,-4.657],[115.771,-4.657],[115.775,-4.659]]],[[[115.792,-4.656],[115.786,-4.647],[115.784,-4.659],[115.792,-4.656]]],[[[115.687,-4.641],[115.691,-4.639],[115.686,-4.639],[115.687,-4.641]]],[[[115.683,-4.639],[115.684,-4.636],[115.682,-4.636],[115.683,-4.639]]],[[[115.696,-4.64],[115.709,-4.624],[115.707,-4.618],[115.686,-4.632],[115.696,-4.64]]],[[[115.8,-4.35],[115.803,-4.348],[115.801,-4.346],[115.8,-4.35]]],[[[115.804,-4.343],[115.806,-4.34],[115.804,-4.34],[115.804,-4.343]]],[[[115.771,-4.343],[115.775,-4.341],[115.772,-4.338],[115.771,-4.343]]],[[[115.803,-4.338],[115.806,-4.336],[115.804,-4.336],[115.803,-4.338]]],[[[115.8,-4.334],[115.801,-4.333],[115.8,-4.333],[115.8,-4.334]]],[[[115.771,-4.334],[115.774,-4.333],[115.772,-4.332],[115.771,-4.334]]],[[[115.792,-4.327],[115.774,-4.328],[115.783,-4.339],[115.792,-4.327]]],[[[115.795,-4.31],[115.785,-4.308],[115.783,-4.311],[115.795,-4.31]]],[[[116.119,-4.23],[116.122,-4.224],[116.116,-4.227],[116.119,-4.23]]],[[[116.196,-4.089],[116.193,-4.088],[116.197,-4.09],[116.196,-4.089]]],[[[116.213,-4.096],[116.199,-4.088],[116.206,-4.102],[116.213,-4.096]]],[[[116.045,-4.076],[116.041,-4.087],[116.044,-4.098],[116.049,-4.088],[116.045,-4.076]]],[[[116.049,-4.071],[116.048,-4.063],[116.045,-4.075],[116.049,-4.071]]],[[[116.178,-4.05],[116.167,-4.048],[116.163,-4.057],[116.178,-4.05]]],[[[116.208,-4.026],[116.206,-4.037],[116.215,-4.03],[116.208,-4.026]]],[[[116.306,-3.92],[116.307,-3.919],[116.305,-3.919],[116.306,-3.92]]],[[[116.312,-3.894],[116.309,-3.894],[116.314,-3.898],[116.312,-3.894]]],[[[116.296,-3.846],[116.295,-3.844],[116.294,-3.845],[116.296,-3.846]]],[[[116.321,-3.815],[116.309,-3.825],[116.297,-3.846],[116.314,-3.844],[116.321,-3.815]]],[[[116.313,-3.784],[116.316,-3.783],[116.313,-3.782],[116.313,-3.784]]],[[[116.337,-3.723],[116.338,-3.722],[116.336,-3.722],[116.337,-3.723]]],[[[116.348,-3.707],[116.341,-3.703],[116.345,-3.711],[116.348,-3.707]]],[[[116.381,-3.672],[116.379,-3.669],[116.379,-3.672],[116.381,-3.672]]],[[[116.383,-3.657],[116.387,-3.655],[116.385,-3.654],[116.383,-3.657]]],[[[116.335,-3.615],[116.35,-3.603],[116.332,-3.591],[116.335,-3.615]]],[[[116.307,-3.59],[116.306,-3.59],[116.306,-3.592],[116.307,-3.59]]],[[[116.299,-3.507],[116.302,-3.506],[116.294,-3.506],[116.299,-3.507]]],[[[116.384,-3.375],[116.384,-3.373],[116.382,-3.374],[116.384,-3.375]]],[[[116.372,-3.369],[116.369,-3.369],[116.371,-3.371],[116.372,-3.369]]],[[[116.41,-3.361],[116.39,-3.412],[116.345,-3.451],[116.312,-3.554],[116.352,-3.567],[116.361,-3.653],[116.398,-3.627],[116.434,-3.421],[116.431,-3.367],[116.41,-3.361]]],[[[116.163,-3.285],[116.164,-3.284],[116.163,-3.283],[116.163,-3.285]]],[[[116.186,-3.239],[116.183,-3.235],[116.182,-3.243],[116.186,-3.239]]],[[[116.259,-3.212],[116.166,-3.293],[116.158,-3.285],[116.161,-3.298],[116.156,-3.288],[116.114,-3.307],[116.105,-3.34],[116.127,-3.347],[116.126,-3.343],[116.126,-3.341],[116.131,-3.341],[116.128,-3.334],[116.132,-3.342],[116.126,-3.343],[116.13,-3.352],[116.098,-3.349],[116.12,-3.366],[116.119,-3.372],[116.111,-3.381],[116.123,-3.393],[116.11,-3.381],[116.119,-3.366],[116.103,-3.354],[116.077,-3.416],[116.084,-3.417],[116.081,-3.409],[116.081,-3.408],[116.084,-3.407],[116.091,-3.409],[116.092,-3.411],[116.092,-3.413],[116.085,-3.424],[116.097,-3.427],[116.084,-3.424],[116.092,-3.411],[116.082,-3.408],[116.084,-3.418],[116.039,-3.48],[116.047,-3.543],[116.002,-3.637],[116.024,-3.729],[116.081,-3.825],[116.076,-3.852],[116.062,-3.849],[116.057,-3.905],[116.072,-3.907],[116.075,-3.939],[116.085,-3.932],[116.105,-3.943],[116.085,-3.933],[116.077,-3.94],[116.068,-3.937],[116.05,-3.989],[116.058,-4.003],[116.038,-4.022],[116.048,-4.062],[116.071,-4.034],[116.072,-4.048],[116.096,-4.055],[116.083,-4.07],[116.091,-4.085],[116.109,-4.034],[116.143,-4.034],[116.172,-3.996],[116.209,-3.985],[116.202,-3.959],[116.227,-3.933],[116.243,-3.942],[116.275,-3.906],[116.31,-3.916],[116.303,-3.885],[116.316,-3.862],[116.294,-3.862],[116.271,-3.816],[116.339,-3.727],[116.289,-3.727],[116.304,-3.721],[116.305,-3.682],[116.289,-3.611],[116.306,-3.589],[116.272,-3.553],[116.273,-3.528],[116.264,-3.531],[116.252,-3.529],[116.248,-3.543],[116.247,-3.544],[116.244,-3.541],[116.239,-3.542],[116.244,-3.54],[116.247,-3.543],[116.252,-3.528],[116.291,-3.509],[116.27,-3.505],[116.313,-3.502],[116.305,-3.446],[116.249,-3.375],[116.281,-3.222],[116.259,-3.212]]],[[[116.085,-3.147],[116.068,-3.151],[116.079,-3.162],[116.085,-3.147]]],[[[116.26,-3.095],[116.263,-3.089],[116.26,-3.091],[116.26,-3.095]]],[[[116.282,-3.082],[116.272,-3.089],[116.278,-3.093],[116.282,-3.082]]],[[[116.248,-3.077],[116.25,-3.075],[116.248,-3.072],[116.248,-3.077]]],[[[116.283,-3.069],[116.278,-3.069],[116.283,-3.071],[116.283,-3.069]]],[[[116.06,-3.039],[116.061,-3.036],[116.059,-3.036],[116.06,-3.039]]],[[[116.186,-3.043],[116.167,-3.04],[116.173,-3.059],[116.186,-3.043]]],[[[116.054,-3.011],[116.055,-3.01],[116.053,-3.01],[116.054,-3.011]]],[[[116.07,-2.997],[116.066,-2.997],[116.063,-3.001],[116.07,-2.997]]],[[[116.106,-2.994],[116.094,-2.998],[116.107,-3.008],[116.106,-2.994]]],[[[116.128,-2.994],[116.11,-3.007],[116.142,-3.011],[116.126,-3.004],[116.128,-2.994]]],[[[116.099,-2.989],[116.105,-2.985],[116.1,-2.986],[116.099,-2.989]]],[[[116.1,-2.981],[116.096,-2.985],[116.101,-2.983],[116.1,-2.981]]],[[[116.168,-2.996],[116.136,-2.976],[116.138,-2.989],[116.133,-2.995],[116.136,-3.002],[116.16,-3.006],[116.155,-3.029],[116.169,-3.037],[116.168,-2.996]]],[[[116.123,-2.987],[116.133,-2.985],[116.133,-2.974],[116.123,-2.987]]],[[[116.079,-2.909],[116.078,-2.91],[116.08,-2.912],[116.079,-2.909]]],[[[116.15,-2.899],[116.15,-2.935],[116.181,-2.95],[116.203,-2.942],[116.187,-2.927],[116.176,-2.936],[116.15,-2.899]]],[[[116.105,-2.865],[116.102,-2.868],[116.118,-2.87],[116.105,-2.865]]],[[[116.102,-2.864],[116.093,-2.862],[116.101,-2.865],[116.102,-2.864]]],[[[116.085,-2.86],[116.086,-2.859],[116.084,-2.859],[116.085,-2.86]]],[[[116.099,-2.859],[116.095,-2.859],[116.097,-2.861],[116.099,-2.859]]],[[[116.101,-2.859],[116.102,-2.856],[116.1,-2.857],[116.101,-2.859]]],[[[116.095,-2.86],[116.084,-2.855],[116.086,-2.859],[116.095,-2.86]]],[[[116.079,-2.851],[116.084,-2.855],[116.085,-2.854],[116.079,-2.851]]],[[[116.077,-2.854],[116.078,-2.851],[116.076,-2.849],[116.077,-2.854]]],[[[116.122,-2.827],[116.126,-2.827],[116.122,-2.823],[116.122,-2.827]]],[[[116.117,-2.816],[116.108,-2.815],[116.121,-2.824],[116.117,-2.816]]],[[[116.117,-2.813],[116.117,-2.812],[116.116,-2.813],[116.117,-2.813]]],[[[116.263,-2.642],[116.254,-2.639],[116.262,-2.644],[116.263,-2.642]]],[[[116.21,-2.621],[116.208,-2.613],[116.207,-2.62],[116.197,-2.617],[116.196,-2.624],[116.21,-2.621]]],[[[116.322,-2.554],[116.307,-2.538],[116.307,-2.566],[116.296,-2.574],[116.298,-2.582],[116.305,-2.583],[116.307,-2.59],[116.29,-2.585],[116.296,-2.596],[116.289,-2.614],[116.322,-2.582],[116.321,-2.559],[116.306,-2.575],[116.322,-2.554]]],[[[116.267,-2.537],[116.278,-2.537],[116.267,-2.533],[116.267,-2.537]]],[[[115.803,-2.504],[115.877,-2.527],[115.888,-2.614],[115.829,-2.605],[115.764,-2.658],[115.725,-2.659],[115.692,-2.71],[115.596,-2.734],[115.556,-2.838],[115.595,-2.892],[115.575,-2.933],[115.546,-2.94],[115.512,-3.029],[115.559,-3.047],[115.568,-3.068],[115.638,-3.057],[115.679,-3.086],[115.683,-3.072],[115.704,-3.079],[115.764,-3.191],[115.934,-3.152],[115.951,-3.192],[115.927,-3.226],[115.946,-3.253],[115.99,-3.219],[116.041,-3.261],[116.082,-3.257],[116.092,-3.282],[116.146,-3.265],[116.16,-3.243],[116.176,-3.25],[116.183,-3.228],[116.167,-3.165],[116.131,-3.15],[116.138,-3.164],[116.134,-3.167],[116.121,-3.148],[116.125,-3.156],[116.122,-3.161],[116.126,-3.168],[116.106,-3.147],[116.072,-3.177],[116.076,-3.178],[116.069,-3.185],[116.074,-3.196],[116.069,-3.206],[116.06,-3.2],[116.051,-3.205],[116.03,-3.197],[116.026,-3.191],[116.049,-3.203],[116.06,-3.199],[116.07,-3.205],[116.068,-3.184],[116.076,-3.167],[116.066,-3.17],[116.069,-3.156],[116.064,-3.152],[116.058,-3.159],[116.051,-3.158],[116.045,-3.147],[116.057,-3.159],[116.062,-3.145],[116.09,-3.147],[116.067,-3.144],[116.058,-3.134],[116.071,-3.124],[116.047,-3.125],[116.047,-3.12],[116.039,-3.117],[116.038,-3.113],[116.071,-3.124],[116.073,-3.127],[116.074,-3.129],[116.075,-3.132],[116.07,-3.137],[116.095,-3.146],[116.109,-3.128],[116.107,-3.126],[116.102,-3.127],[116.093,-3.124],[116.09,-3.116],[116.115,-3.123],[116.11,-3.115],[116.113,-3.097],[116.105,-3.098],[116.109,-3.093],[116.114,-3.098],[116.114,-3.106],[116.116,-3.103],[116.111,-3.114],[116.117,-3.113],[116.116,-3.125],[116.107,-3.141],[116.132,-3.137],[116.179,-3.161],[116.211,-3.127],[116.274,-3.125],[116.236,-3.093],[116.2,-3.1],[116.216,-3.097],[116.215,-3.08],[116.177,-3.061],[116.186,-3.079],[116.175,-3.077],[116.158,-3.035],[116.157,-3.042],[116.148,-3.036],[116.146,-3.043],[116.142,-3.044],[116.139,-3.039],[116.136,-3.042],[116.138,-3.039],[116.14,-3.038],[116.145,-3.043],[116.147,-3.035],[116.157,-3.041],[116.152,-3.028],[116.156,-3.014],[116.101,-3.008],[116.098,-3.026],[116.093,-2.999],[116.085,-3.029],[116.08,-3.019],[116.081,-3.032],[116.07,-3.036],[116.083,-3.006],[116.062,-3.043],[116.053,-3.033],[116.04,-3.05],[116.044,-3.028],[116.059,-3.031],[116.09,-2.995],[116.052,-3.012],[116.061,-2.993],[116.084,-2.989],[116.043,-2.964],[116.062,-2.959],[116.087,-2.987],[116.114,-2.972],[116.083,-2.963],[116.064,-2.938],[116.122,-2.961],[116.103,-2.945],[116.096,-2.905],[116.08,-2.922],[116.077,-2.91],[116.065,-2.922],[116.074,-2.898],[116.085,-2.913],[116.102,-2.888],[116.105,-2.916],[116.131,-2.886],[116.123,-2.872],[116.074,-2.864],[116.084,-2.86],[116.062,-2.844],[116.132,-2.865],[116.131,-2.84],[116.114,-2.836],[116.128,-2.836],[116.1,-2.822],[116.119,-2.828],[116.103,-2.812],[116.116,-2.813],[116.106,-2.803],[116.125,-2.819],[116.127,-2.799],[116.135,-2.81],[116.132,-2.789],[116.141,-2.774],[116.135,-2.797],[116.149,-2.791],[116.135,-2.826],[116.143,-2.837],[116.152,-2.822],[116.145,-2.844],[116.163,-2.83],[116.148,-2.847],[116.166,-2.852],[116.15,-2.857],[116.155,-2.9],[116.194,-2.919],[116.182,-2.895],[116.195,-2.891],[116.195,-2.869],[116.201,-2.858],[116.196,-2.89],[116.186,-2.902],[116.201,-2.896],[116.191,-2.904],[116.203,-2.919],[116.19,-2.926],[116.21,-2.934],[116.21,-2.996],[116.27,-3.002],[116.363,-2.877],[116.366,-2.673],[116.414,-2.578],[116.39,-2.585],[116.358,-2.566],[116.356,-2.549],[116.316,-2.608],[116.323,-2.62],[116.32,-2.631],[116.348,-2.62],[116.341,-2.63],[116.32,-2.632],[116.313,-2.608],[116.251,-2.67],[116.242,-2.667],[116.245,-2.682],[116.231,-2.67],[116.23,-2.683],[116.234,-2.689],[116.236,-2.695],[116.235,-2.697],[116.229,-2.68],[116.198,-2.709],[116.227,-2.68],[116.213,-2.665],[116.251,-2.666],[116.261,-2.65],[116.24,-2.636],[116.235,-2.651],[116.237,-2.636],[116.247,-2.628],[116.241,-2.623],[116.241,-2.63],[116.238,-2.633],[116.229,-2.634],[116.241,-2.622],[116.246,-2.624],[116.237,-2.617],[116.206,-2.632],[116.175,-2.628],[116.188,-2.629],[116.188,-2.623],[116.197,-2.616],[116.207,-2.619],[116.207,-2.613],[116.214,-2.624],[116.234,-2.614],[116.273,-2.637],[116.273,-2.615],[116.255,-2.619],[116.254,-2.61],[116.268,-2.612],[116.262,-2.601],[116.287,-2.615],[116.289,-2.595],[116.278,-2.595],[116.276,-2.589],[116.275,-2.593],[116.274,-2.594],[116.263,-2.59],[116.275,-2.593],[116.271,-2.583],[116.29,-2.594],[116.287,-2.571],[116.304,-2.567],[116.304,-2.537],[116.256,-2.552],[116.267,-2.539],[116.251,-2.538],[116.244,-2.528],[116.199,-2.535],[116.201,-2.521],[116.192,-2.527],[116.155,-2.517],[116.184,-2.515],[116.232,-2.528],[116.244,-2.515],[116.257,-2.537],[116.254,-2.526],[116.262,-2.517],[116.259,-2.537],[116.281,-2.519],[116.28,-2.536],[116.299,-2.521],[116.289,-2.509],[116.3,-2.52],[116.308,-2.506],[116.301,-2.524],[116.337,-2.534],[116.352,-2.518],[116.33,-2.494],[116.361,-2.524],[116.412,-2.516],[116.405,-2.49],[116.371,-2.474],[116.363,-2.48],[116.349,-2.475],[116.339,-2.436],[116.315,-2.455],[116.3,-2.451],[116.272,-2.423],[116.249,-2.437],[116.245,-2.433],[116.241,-2.416],[116.248,-2.435],[116.271,-2.422],[116.315,-2.454],[116.337,-2.435],[116.344,-2.441],[116.351,-2.474],[116.372,-2.473],[116.408,-2.489],[116.418,-2.501],[116.471,-2.509],[116.48,-2.571],[116.512,-2.562],[116.53,-2.537],[116.526,-2.497],[116.558,-2.405],[116.454,-2.37],[116.254,-2.334],[116.226,-2.308],[116.034,-2.324],[115.983,-2.313],[115.954,-2.342],[115.89,-2.335],[115.886,-2.374],[115.81,-2.41],[115.803,-2.504]]]]},"id":6302},{"type":"Feature","properties":{"code":2171},"geometry":{"type":"MultiPolygon","coordinates":[[[[104.302,0.464],[104.3,0.463],[104.303,0.463],[104.302,0.464]]],[[[104.273,0.491],[104.256,0.5],[104.274,0.484],[104.273,0.491]]],[[[104.283,0.526],[104.287,0.487],[104.295,0.475],[104.291,0.519],[104.283,0.526]]],[[[104.305,0.53],[104.306,0.532],[104.303,0.53],[104.305,0.53]]],[[[104.249,0.539],[104.249,0.541],[104.248,0.54],[104.249,0.539]]],[[[104.196,0.543],[104.198,0.542],[104.197,0.544],[104.196,0.543]]],[[[104.224,0.556],[104.222,0.535],[104.238,0.53],[104.237,0.553],[104.224,0.556]]],[[[104.24,0.554],[104.235,0.562],[104.231,0.556],[104.24,0.554]]],[[[104.212,0.567],[104.209,0.567],[104.21,0.562],[104.212,0.567]]],[[[104.209,0.563],[104.206,0.566],[104.208,0.563],[104.209,0.563]]],[[[104.211,0.556],[104.216,0.568],[104.211,0.562],[104.208,0.562],[104.211,0.556]]],[[[104.208,0.569],[104.208,0.575],[104.206,0.573],[104.208,0.569]]],[[[104.179,0.582],[104.177,0.583],[104.177,0.581],[104.179,0.582]]],[[[104.098,0.603],[104.098,0.604],[104.097,0.603],[104.098,0.603]]],[[[104.101,0.608],[104.1,0.607],[104.103,0.607],[104.101,0.608]]],[[[104.198,0.608],[104.185,0.587],[104.196,0.544],[104.192,0.57],[104.198,0.561],[104.207,0.575],[104.229,0.57],[104.198,0.608]]],[[[104.296,0.621],[104.292,0.623],[104.296,0.618],[104.296,0.621]]],[[[104.291,0.631],[104.288,0.629],[104.291,0.628],[104.291,0.631]]],[[[104.035,0.63],[104.032,0.632],[104.033,0.63],[104.035,0.63]]],[[[104.243,0.634],[104.244,0.636],[104.243,0.635],[104.243,0.634]]],[[[104.262,0.635],[104.258,0.632],[104.262,0.631],[104.262,0.635]]],[[[104.041,0.633],[104.039,0.637],[104.036,0.633],[104.041,0.633]]],[[[104.077,0.636],[104.079,0.638],[104.077,0.638],[104.077,0.636]]],[[[104.104,0.624],[104.077,0.643],[104.085,0.628],[104.086,0.602],[104.104,0.624]]],[[[104.245,0.644],[104.243,0.636],[104.249,0.636],[104.245,0.644]]],[[[104.243,0.653],[104.243,0.652],[104.244,0.652],[104.243,0.653]]],[[[104.241,0.649],[104.232,0.656],[104.239,0.647],[104.241,0.649]]],[[[104.24,0.658],[104.24,0.66],[104.239,0.659],[104.24,0.658]]],[[[104.243,0.663],[104.243,0.665],[104.241,0.662],[104.243,0.663]]],[[[104.222,0.668],[104.225,0.664],[104.228,0.665],[104.222,0.668]]],[[[104.306,0.669],[104.307,0.673],[104.305,0.672],[104.306,0.669]]],[[[104.304,0.672],[104.304,0.674],[104.302,0.672],[104.304,0.672]]],[[[104.277,0.673],[104.276,0.676],[104.274,0.677],[104.277,0.673]]],[[[104.341,0.674],[104.33,0.672],[104.342,0.67],[104.341,0.674]]],[[[104.342,0.679],[104.338,0.677],[104.348,0.676],[104.342,0.679]]],[[[104.305,0.678],[104.3,0.677],[104.304,0.674],[104.305,0.678]]],[[[104.302,0.674],[104.296,0.674],[104.301,0.672],[104.302,0.674]]],[[[104.326,0.678],[104.308,0.668],[104.329,0.659],[104.326,0.678]]],[[[104.3,0.686],[104.275,0.689],[104.271,0.682],[104.294,0.672],[104.3,0.686]]],[[[104.264,0.695],[104.265,0.697],[104.262,0.696],[104.264,0.695]]],[[[104.321,0.698],[104.32,0.684],[104.336,0.682],[104.321,0.698]]],[[[104.214,0.718],[104.221,0.683],[104.247,0.668],[104.263,0.636],[104.264,0.621],[104.288,0.61],[104.278,0.671],[104.26,0.688],[104.257,0.676],[104.214,0.718]]],[[[104.208,0.717],[104.21,0.719],[104.208,0.719],[104.208,0.717]]],[[[104.183,0.737],[104.182,0.739],[104.181,0.737],[104.183,0.737]]],[[[104.369,0.739],[104.364,0.738],[104.37,0.737],[104.369,0.739]]],[[[104.18,0.742],[104.178,0.742],[104.179,0.741],[104.18,0.742]]],[[[104.355,0.749],[104.298,0.755],[104.356,0.74],[104.355,0.749]]],[[[104.185,0.778],[104.183,0.778],[104.185,0.776],[104.185,0.778]]],[[[104.197,0.784],[104.198,0.79],[104.194,0.787],[104.197,0.784]]],[[[104.214,0.791],[104.216,0.786],[104.219,0.79],[104.214,0.791]]],[[[104.202,0.794],[104.201,0.781],[104.212,0.782],[104.202,0.794]]],[[[104.21,0.797],[104.208,0.796],[104.212,0.795],[104.21,0.797]]],[[[104.222,0.797],[104.212,0.797],[104.222,0.793],[104.222,0.797]]],[[[104.278,0.795],[104.212,0.781],[104.201,0.78],[104.193,0.787],[104.185,0.776],[104.17,0.779],[104.196,0.721],[104.218,0.724],[104.259,0.691],[104.258,0.701],[104.278,0.709],[104.309,0.707],[104.263,0.745],[104.257,0.769],[104.278,0.795]]],[[[104.201,0.798],[104.205,0.801],[104.202,0.802],[104.201,0.798]]],[[[104.227,0.806],[104.235,0.808],[104.227,0.808],[104.227,0.806]]],[[[104.15,0.789],[104.147,0.813],[104.141,0.819],[104.143,0.806],[104.15,0.789]]],[[[104.299,0.821],[104.29,0.819],[104.3,0.818],[104.299,0.821]]],[[[104.282,0.818],[104.279,0.821],[104.277,0.814],[104.282,0.818]]],[[[104.245,0.831],[104.246,0.832],[104.244,0.832],[104.245,0.831]]],[[[103.963,0.877],[103.962,0.881],[103.96,0.88],[103.963,0.877]]],[[[103.971,0.881],[103.966,0.881],[103.969,0.878],[103.971,0.881]]],[[[104.18,0.88],[104.187,0.882],[104.184,0.884],[104.18,0.88]]],[[[103.97,0.885],[103.968,0.883],[103.97,0.883],[103.97,0.885]]],[[[103.98,0.887],[103.981,0.888],[103.979,0.888],[103.98,0.887]]],[[[104.037,0.885],[104.037,0.889],[104.031,0.887],[104.037,0.885]]],[[[103.971,0.889],[103.973,0.888],[103.973,0.89],[103.971,0.889]]],[[[103.953,0.894],[103.95,0.893],[103.953,0.891],[103.953,0.894]]],[[[104.184,0.895],[104.187,0.898],[104.185,0.899],[104.184,0.895]]],[[[103.958,0.904],[103.95,0.899],[103.959,0.893],[103.958,0.904]]],[[[103.966,0.903],[103.966,0.906],[103.964,0.905],[103.966,0.903]]],[[[103.95,0.904],[103.95,0.907],[103.946,0.901],[103.95,0.904]]],[[[103.942,0.906],[103.938,0.906],[103.94,0.902],[103.942,0.906]]],[[[103.773,0.911],[103.773,0.912],[103.772,0.912],[103.773,0.911]]],[[[103.903,0.915],[103.905,0.918],[103.902,0.916],[103.903,0.915]]],[[[104.05,0.92],[104.033,0.901],[104.035,0.892],[104.051,0.9],[104.05,0.92]]],[[[103.944,0.919],[103.946,0.919],[103.944,0.921],[103.944,0.919]]],[[[103.965,0.921],[103.964,0.92],[103.968,0.919],[103.965,0.921]]],[[[103.946,0.92],[103.945,0.923],[103.945,0.921],[103.946,0.92]]],[[[104.211,0.923],[104.199,0.917],[104.193,0.902],[104.207,0.905],[104.211,0.923]]],[[[103.97,0.923],[103.969,0.924],[103.967,0.923],[103.97,0.923]]],[[[103.95,0.923],[103.952,0.905],[103.964,0.908],[103.964,0.919],[103.95,0.923]]],[[[103.953,0.924],[103.95,0.924],[103.954,0.924],[103.953,0.924]]],[[[104.039,0.925],[104.036,0.925],[104.037,0.924],[104.039,0.925]]],[[[103.953,0.925],[103.954,0.928],[103.948,0.926],[103.953,0.925]]],[[[104.149,0.931],[104.15,0.934],[104.148,0.933],[104.149,0.931]]],[[[103.965,0.933],[103.964,0.934],[103.961,0.932],[103.965,0.933]]],[[[104.147,0.937],[104.146,0.936],[104.148,0.934],[104.147,0.937]]],[[[104.186,0.934],[104.188,0.938],[104.185,0.936],[104.186,0.934]]],[[[103.771,0.935],[103.768,0.935],[103.769,0.933],[103.771,0.935]]],[[[104.188,0.919],[104.172,0.938],[104.161,0.91],[104.188,0.919]]],[[[103.982,0.934],[103.982,0.941],[103.981,0.936],[103.982,0.934]]],[[[103.887,0.935],[103.892,0.94],[103.887,0.939],[103.887,0.935]]],[[[103.79,0.935],[103.788,0.942],[103.785,0.943],[103.79,0.935]]],[[[104.013,0.936],[104.007,0.944],[104.009,0.934],[104.013,0.936]]],[[[104.201,0.941],[104.205,0.947],[104.204,0.947],[104.201,0.941]]],[[[103.778,0.939],[103.767,0.946],[103.772,0.938],[103.77,0.931],[103.778,0.939]]],[[[103.765,0.945],[103.766,0.948],[103.764,0.946],[103.765,0.945]]],[[[103.978,0.951],[103.98,0.953],[103.976,0.958],[103.978,0.951]]],[[[104.197,0.947],[104.156,0.957],[104.149,0.957],[104.142,0.954],[104.151,0.934],[104.197,0.947]]],[[[104.119,0.958],[104.089,0.952],[104.077,0.959],[104.094,0.926],[104.092,0.87],[104.116,0.877],[104.146,0.855],[104.167,0.787],[104.245,0.82],[104.243,0.832],[104.266,0.859],[104.236,0.859],[104.234,0.875],[104.209,0.881],[104.166,0.867],[104.17,0.899],[104.153,0.898],[104.154,0.927],[104.147,0.928],[104.14,0.943],[104.125,0.935],[104.119,0.958]]],[[[104.088,0.957],[104.084,0.962],[104.084,0.96],[104.088,0.957]]],[[[103.982,0.959],[103.977,0.961],[103.98,0.956],[103.982,0.959]]],[[[104.029,0.957],[104.021,0.959],[104.028,0.951],[104.029,0.957]]],[[[103.829,0.96],[103.832,0.961],[103.828,0.963],[103.829,0.96]]],[[[103.974,0.955],[103.966,0.96],[103.971,0.95],[103.974,0.955]]],[[[104.071,0.964],[104.07,0.965],[104.075,0.961],[104.071,0.964]]],[[[103.849,0.963],[103.843,0.96],[103.85,0.961],[103.849,0.963]]],[[[104.096,0.961],[104.099,0.966],[104.096,0.964],[104.096,0.961]]],[[[103.997,0.961],[103.992,0.957],[103.997,0.951],[103.997,0.961]]],[[[103.766,0.964],[103.765,0.966],[103.765,0.964],[103.766,0.964]]],[[[103.792,0.964],[103.78,0.963],[103.794,0.956],[103.792,0.964]]],[[[103.712,0.966],[103.708,0.967],[103.708,0.965],[103.712,0.966]]],[[[104.033,0.967],[104.036,0.967],[104.035,0.969],[104.033,0.967]]],[[[103.977,0.969],[103.975,0.968],[103.978,0.964],[103.977,0.969]]],[[[103.825,0.963],[103.82,0.97],[103.822,0.965],[103.825,0.963]]],[[[104.026,0.969],[104.02,0.968],[104.025,0.965],[104.026,0.969]]],[[[103.807,0.965],[103.799,0.967],[103.802,0.96],[103.807,0.965]]],[[[104.093,0.969],[104.091,0.957],[104.094,0.958],[104.093,0.969]]],[[[104.079,0.949],[104.058,0.973],[104.057,0.967],[104.045,0.963],[104.045,0.937],[104.068,0.914],[104.079,0.949]]],[[[104.089,0.971],[104.092,0.972],[104.092,0.973],[104.089,0.971]]],[[[104.019,0.971],[104.019,0.974],[104.018,0.971],[104.019,0.971]]],[[[104.174,0.969],[104.142,0.974],[104.154,0.957],[104.174,0.969]]],[[[104.03,0.973],[104.031,0.974],[104.028,0.975],[104.03,0.973]]],[[[103.981,0.975],[103.98,0.965],[103.991,0.945],[103.995,0.948],[103.991,0.955],[103.992,0.963],[103.981,0.975]]],[[[104.174,0.974],[104.178,0.975],[104.174,0.975],[104.174,0.974]]],[[[104.057,0.968],[104.05,0.976],[104.05,0.968],[104.057,0.968]]],[[[103.776,0.972],[103.765,0.976],[103.772,0.969],[103.776,0.972]]],[[[104.047,0.976],[104.04,0.978],[104.04,0.973],[104.047,0.976]]],[[[103.781,0.977],[103.78,0.979],[103.779,0.98],[103.781,0.977]]],[[[104.08,0.977],[104.069,0.981],[104.079,0.975],[104.08,0.977]]],[[[104.113,0.974],[104.103,0.974],[104.12,0.965],[104.113,0.974]]],[[[103.817,0.981],[103.821,0.982],[103.82,0.983],[103.817,0.981]]],[[[103.98,0.986],[103.981,0.982],[103.986,0.983],[103.98,0.986]]],[[[103.809,0.979],[103.812,0.986],[103.809,0.987],[103.809,0.979]]],[[[104.071,0.982],[104.073,0.988],[104.068,0.983],[104.071,0.982]]],[[[103.977,0.986],[103.974,0.985],[103.977,0.983],[103.977,0.986]]],[[[103.978,0.989],[103.977,0.988],[103.98,0.987],[103.978,0.989]]],[[[103.968,0.99],[103.971,0.987],[103.971,0.989],[103.968,0.99]]],[[[104.098,0.986],[104.098,0.99],[104.095,0.99],[104.098,0.986]]],[[[103.815,0.987],[103.81,0.99],[103.815,0.985],[103.815,0.987]]],[[[104.043,0.987],[104.045,0.991],[104.041,0.99],[104.043,0.987]]],[[[103.963,0.994],[103.962,0.994],[103.966,0.992],[103.963,0.994]]],[[[104.044,0.992],[104.047,0.995],[104.044,0.994],[104.044,0.992]]],[[[104.126,0.995],[104.116,0.986],[104.131,0.988],[104.126,0.995]]],[[[104.074,0.997],[104.071,0.997],[104.074,0.995],[104.074,0.997]]],[[[104.148,0.99],[104.138,0.999],[104.145,0.984],[104.148,0.99]]],[[[103.977,0.981],[103.942,0.998],[103.975,0.974],[103.977,0.981]]],[[[103.978,0.998],[103.976,1.0],[103.971,0.998],[103.978,0.998]]],[[[103.9,1.002],[103.899,1.001],[103.901,1.001],[103.9,1.002]]],[[[103.81,0.998],[103.809,1.001],[103.809,0.997],[103.81,0.998]]],[[[103.968,1.003],[103.967,1.001],[103.971,1.001],[103.968,1.003]]],[[[103.966,1.003],[103.961,1.002],[103.966,1.0],[103.966,1.003]]],[[[103.822,0.998],[103.829,0.997],[103.827,1.005],[103.822,0.998]]],[[[103.934,0.999],[103.926,1.004],[103.932,0.998],[103.934,0.999]]],[[[103.971,1.003],[103.975,1.004],[103.974,1.005],[103.971,1.003]]],[[[103.97,1.004],[103.973,1.007],[103.969,1.006],[103.97,1.004]]],[[[104.134,1.005],[104.128,1.004],[104.131,1.002],[104.134,1.005]]],[[[103.822,1.006],[103.821,1.008],[103.82,1.008],[103.822,1.006]]],[[[104.137,1.007],[104.136,1.01],[104.135,1.009],[104.137,1.007]]],[[[104.139,1.007],[104.141,1.011],[104.139,1.01],[104.139,1.007]]],[[[104.147,1.01],[104.144,1.01],[104.146,1.009],[104.147,1.01]]],[[[103.991,1.0],[103.987,1.01],[103.982,1.003],[103.991,1.0]]],[[[103.879,1.015],[103.881,1.016],[103.881,1.017],[103.879,1.015]]],[[[103.762,1.009],[103.754,1.015],[103.757,1.003],[103.762,1.009]]],[[[104.115,1.016],[104.102,1.015],[104.1,1.004],[104.108,1.004],[104.115,1.016]]],[[[103.754,1.018],[103.754,1.019],[103.753,1.018],[103.754,1.018]]],[[[104.142,1.014],[104.14,1.02],[104.138,1.014],[104.142,1.014]]],[[[103.806,1.014],[103.805,1.018],[103.802,1.02],[103.806,1.014]]],[[[103.926,1.017],[103.931,1.014],[103.924,1.021],[103.926,1.017]]],[[[104.141,1.02],[104.145,1.019],[104.144,1.021],[104.141,1.02]]],[[[104.118,1.021],[104.121,1.019],[104.12,1.022],[104.118,1.021]]],[[[104.087,1.021],[104.09,1.022],[104.088,1.023],[104.087,1.021]]],[[[103.884,1.016],[103.89,1.015],[103.884,1.023],[103.884,1.016]]],[[[104.157,1.022],[104.151,1.022],[104.152,1.018],[104.157,1.022]]],[[[104.104,1.021],[104.092,1.013],[104.095,1.006],[104.104,1.021]]],[[[103.912,1.022],[103.914,1.024],[103.912,1.024],[103.912,1.022]]],[[[104.087,1.021],[104.081,1.02],[104.088,1.018],[104.088,1.019],[104.087,1.021]]],[[[103.922,1.023],[103.918,1.026],[103.918,1.023],[103.922,1.023]]],[[[104.18,1.024],[104.155,1.015],[104.157,0.996],[104.174,0.997],[104.18,1.024]]],[[[103.796,1.028],[103.799,1.028],[103.798,1.03],[103.796,1.028]]],[[[103.893,1.032],[103.892,1.031],[103.894,1.031],[103.893,1.032]]],[[[103.805,1.031],[103.801,1.033],[103.802,1.024],[103.805,1.031]]],[[[104.138,1.03],[104.129,1.029],[104.129,1.026],[104.138,1.03]]],[[[104.112,1.03],[104.117,1.031],[104.116,1.035],[104.112,1.03]]],[[[103.863,1.034],[103.865,1.035],[103.863,1.035],[103.863,1.034]]],[[[104.152,1.032],[104.152,1.036],[104.15,1.034],[104.152,1.032]]],[[[103.883,1.027],[103.853,1.033],[103.86,1.007],[103.833,1.017],[103.832,0.977],[103.944,0.91],[103.943,0.926],[103.963,0.937],[103.967,0.957],[103.965,0.961],[103.967,0.967],[103.926,0.998],[103.922,1.008],[103.901,0.999],[103.877,1.013],[103.883,1.027]]],[[[103.92,1.012],[103.895,1.038],[103.894,1.03],[103.884,1.029],[103.903,1.002],[103.92,1.012]]],[[[103.834,1.038],[103.833,1.037],[103.837,1.036],[103.834,1.038]]],[[[103.805,1.039],[103.802,1.036],[103.809,1.035],[103.805,1.039]]],[[[103.828,1.038],[103.82,1.038],[103.828,1.036],[103.828,1.038]]],[[[103.797,1.04],[103.799,1.041],[103.797,1.042],[103.797,1.04]]],[[[103.819,1.044],[103.821,1.045],[103.819,1.045],[103.819,1.044]]],[[[103.797,1.044],[103.794,1.045],[103.795,1.041],[103.797,1.044]]],[[[103.876,1.045],[103.882,1.032],[103.889,1.033],[103.889,1.042],[103.876,1.045]]],[[[103.889,1.046],[103.886,1.046],[103.888,1.045],[103.889,1.046]]],[[[103.881,1.047],[103.882,1.048],[103.881,1.049],[103.881,1.047]]],[[[103.776,1.049],[103.749,1.029],[103.798,0.968],[103.799,1.025],[103.776,1.049]]],[[[103.829,1.043],[103.825,1.053],[103.818,1.047],[103.829,1.043]]],[[[104.089,1.051],[104.081,1.055],[104.073,1.052],[104.089,1.051]]],[[[104.086,1.056],[104.084,1.054],[104.088,1.054],[104.086,1.056]]],[[[103.818,1.052],[103.81,1.051],[103.812,1.049],[103.818,1.052]]],[[[103.822,1.055],[103.821,1.057],[103.82,1.056],[103.822,1.055]]],[[[103.814,1.057],[103.81,1.059],[103.81,1.055],[103.814,1.057]]],[[[104.097,1.063],[104.099,1.063],[104.098,1.064],[104.097,1.063]]],[[[103.9,1.055],[103.892,1.04],[103.9,1.038],[103.9,1.055]]],[[[103.889,1.065],[103.888,1.065],[103.889,1.064],[103.889,1.065]]],[[[104.168,1.065],[104.155,1.038],[104.167,1.022],[104.184,1.05],[104.168,1.065]]],[[[103.825,1.06],[103.812,1.063],[103.819,1.055],[103.821,1.058],[103.825,1.06]]],[[[104.182,1.067],[104.176,1.067],[104.175,1.063],[104.182,1.067]]],[[[104.069,1.067],[104.068,1.07],[104.067,1.069],[104.069,1.067]]],[[[103.817,1.069],[103.814,1.071],[103.815,1.068],[103.817,1.069]]],[[[103.875,1.069],[103.873,1.072],[103.872,1.069],[103.875,1.069]]],[[[104.058,1.071],[104.058,1.073],[104.056,1.071],[104.058,1.071]]],[[[103.882,1.052],[103.833,1.063],[103.837,1.057],[103.834,1.056],[103.837,1.047],[103.835,1.043],[103.837,1.036],[103.834,1.028],[103.882,1.052]]],[[[103.826,1.066],[103.82,1.076],[103.818,1.07],[103.826,1.066]]],[[[103.874,1.074],[103.872,1.077],[103.87,1.075],[103.874,1.074]]],[[[103.87,1.066],[103.855,1.078],[103.87,1.063],[103.87,1.066]]],[[[103.869,1.076],[103.87,1.083],[103.867,1.08],[103.869,1.076]]],[[[103.87,1.084],[103.871,1.085],[103.87,1.085],[103.87,1.084]]],[[[103.869,1.083],[103.868,1.086],[103.866,1.086],[103.869,1.083]]],[[[104.043,1.085],[104.043,1.086],[104.042,1.086],[104.043,1.085]]],[[[103.824,1.086],[103.824,1.087],[103.823,1.087],[103.824,1.086]]],[[[103.855,1.089],[103.852,1.09],[103.851,1.087],[103.855,1.089]]],[[[103.781,1.09],[103.782,1.092],[103.78,1.088],[103.781,1.09]]],[[[103.864,1.09],[103.863,1.087],[103.864,1.087],[103.864,1.09]]],[[[103.882,1.097],[103.881,1.096],[103.882,1.092],[103.882,1.097]]],[[[103.866,1.087],[103.868,1.098],[103.862,1.095],[103.866,1.087]]],[[[103.872,1.098],[103.869,1.098],[103.87,1.095],[103.872,1.098]]],[[[103.778,1.096],[103.781,1.096],[103.779,1.099],[103.778,1.096]]],[[[103.867,1.098],[103.862,1.1],[103.859,1.096],[103.867,1.098]]],[[[103.907,1.1],[103.903,1.099],[103.905,1.097],[103.907,1.1]]],[[[103.898,1.1],[103.901,1.1],[103.898,1.102],[103.898,1.1]]],[[[103.915,1.1],[103.915,1.102],[103.913,1.101],[103.915,1.1]]],[[[103.873,1.101],[103.874,1.102],[103.872,1.102],[103.873,1.101]]],[[[103.86,1.102],[103.861,1.103],[103.859,1.103],[103.86,1.102]]],[[[103.919,1.102],[103.92,1.103],[103.918,1.103],[103.919,1.102]]],[[[103.924,1.101],[103.922,1.104],[103.921,1.103],[103.924,1.101]]],[[[103.856,1.102],[103.858,1.104],[103.856,1.105],[103.856,1.102]]],[[[103.862,1.108],[103.859,1.11],[103.859,1.107],[103.862,1.108]]],[[[103.812,1.084],[103.791,1.11],[103.799,1.085],[103.812,1.084]]],[[[103.906,1.111],[103.908,1.111],[103.907,1.112],[103.906,1.111]]],[[[103.846,1.11],[103.847,1.113],[103.846,1.111],[103.846,1.11]]],[[[103.905,1.113],[103.902,1.113],[103.904,1.112],[103.905,1.113]]],[[[103.909,1.114],[103.909,1.115],[103.906,1.114],[103.909,1.114]]],[[[103.713,1.117],[103.711,1.117],[103.716,1.114],[103.713,1.117]]],[[[103.906,1.115],[103.904,1.117],[103.904,1.115],[103.906,1.115]]],[[[103.91,1.118],[103.907,1.117],[103.909,1.116],[103.91,1.118]]],[[[103.877,1.118],[103.875,1.118],[103.88,1.116],[103.877,1.118]]],[[[103.871,1.117],[103.873,1.117],[103.871,1.119],[103.871,1.117]]],[[[103.888,1.118],[103.889,1.12],[103.886,1.12],[103.888,1.118]]],[[[103.919,1.115],[103.912,1.124],[103.913,1.117],[103.902,1.101],[103.919,1.115]]],[[[103.841,1.121],[103.834,1.12],[103.836,1.116],[103.841,1.121]]],[[[103.882,1.126],[103.878,1.124],[103.883,1.121],[103.882,1.126]]],[[[103.828,1.126],[103.825,1.128],[103.826,1.125],[103.828,1.126]]],[[[103.894,1.126],[103.889,1.127],[103.89,1.121],[103.894,1.126]]],[[[103.88,1.125],[103.875,1.129],[103.874,1.124],[103.88,1.125]]],[[[103.854,1.127],[103.85,1.132],[103.85,1.127],[103.854,1.127]]],[[[103.875,1.13],[103.871,1.13],[103.871,1.128],[103.875,1.13]]],[[[103.877,1.136],[103.876,1.135],[103.877,1.134],[103.877,1.136]]],[[[103.838,1.136],[103.836,1.136],[103.84,1.134],[103.838,1.136]]],[[[104.073,1.132],[104.069,1.138],[104.068,1.134],[104.073,1.132]]],[[[103.836,1.14],[103.834,1.139],[103.836,1.138],[103.836,1.14]]],[[[103.946,1.147],[103.944,1.148],[103.943,1.145],[103.946,1.147]]],[[[103.972,1.147],[103.977,1.146],[103.974,1.149],[103.972,1.147]]],[[[103.66,1.145],[103.657,1.144],[103.659,1.142],[103.66,1.145]]],[[[103.876,1.147],[103.875,1.146],[103.876,1.146],[103.876,1.147]]],[[[103.889,1.157],[103.876,1.149],[103.877,1.146],[103.874,1.143],[103.892,1.143],[103.889,1.157]]],[[[103.865,1.154],[103.867,1.161],[103.863,1.157],[103.865,1.154]]],[[[103.882,1.158],[103.877,1.163],[103.876,1.154],[103.882,1.158]]],[[[103.905,1.156],[103.898,1.157],[103.904,1.154],[103.905,1.156]]],[[[103.89,1.171],[103.888,1.173],[103.893,1.168],[103.89,1.171]]],[[[104.148,1.17],[104.098,1.2],[104.072,1.186],[104.07,1.162],[104.092,1.156],[104.072,1.119],[104.054,1.131],[104.058,1.158],[104.02,1.192],[103.998,1.18],[104.0,1.149],[103.984,1.144],[104.0,1.12],[103.977,1.137],[103.965,1.124],[103.96,1.143],[103.921,1.143],[103.936,1.082],[103.922,1.069],[103.911,1.097],[103.889,1.093],[103.911,1.037],[103.943,1.008],[103.992,1.016],[104.008,0.985],[104.042,0.986],[104.022,1.028],[104.062,0.985],[104.071,0.998],[104.075,0.998],[104.084,0.984],[104.101,0.982],[104.082,1.008],[104.079,1.023],[104.104,1.043],[104.136,1.038],[104.148,1.17]],[[104.04,1.092],[104.065,1.073],[104.089,1.095],[104.076,1.075],[104.08,1.062],[104.102,1.069],[104.101,1.089],[104.106,1.044],[104.072,1.05],[104.061,1.031],[104.052,1.06],[104.063,1.067],[104.039,1.066],[104.051,1.074],[104.032,1.075],[104.04,1.092]]]]},"id":2171},{"type":"Feature","properties":{"code":3579},"geometry":{"type":"Polygon","coordinates":[[[112.574,-7.733],[112.533,-7.725],[112.478,-7.768],[112.496,-7.837],[112.474,-7.942],[112.594,-7.905],[112.564,-7.878],[112.563,-7.813],[112.588,-7.766],[112.574,-7.733]]]},"id":3579},{"type":"Feature","properties":{"code":7472},"geometry":{"type":"MultiPolygon","coordinates":[[[[122.63,-5.43],[122.624,-5.422],[122.622,-5.437],[122.63,-5.43]]],[[[122.725,-5.329],[122.676,-5.308],[122.654,-5.324],[122.618,-5.406],[122.643,-5.414],[122.646,-5.443],[122.627,-5.459],[122.593,-5.455],[122.563,-5.482],[122.556,-5.518],[122.573,-5.538],[122.621,-5.505],[122.638,-5.514],[122.741,-5.488],[122.769,-5.412],[122.748,-5.36],[122.726,-5.354],[122.725,-5.329]]]]},"id":7472},{"type":"Feature","properties":{"code":3275},"geometry":{"type":"Polygon","coordinates":[[[106.971,-6.172],[106.943,-6.252],[106.904,-6.262],[106.922,-6.314],[106.9,-6.397],[106.92,-6.396],[106.945,-6.368],[106.966,-6.303],[106.98,-6.315],[106.966,-6.342],[106.993,-6.367],[107.041,-6.309],[107.037,-6.283],[107.016,-6.276],[107.041,-6.246],[107.032,-6.198],[107.005,-6.195],[107.01,-6.172],[106.971,-6.172]]]},"id":3275},{"type":"Feature","properties":{"code":1771},"geometry":{"type":"Polygon","coordinates":[[[102.25,-3.738],[102.262,-3.774],[102.247,-3.792],[102.302,-3.873],[102.298,-3.893],[102.265,-3.915],[102.303,-3.944],[102.315,-3.911],[102.405,-3.861],[102.359,-3.841],[102.331,-3.731],[102.25,-3.738]]]},"id":1771},{"type":"Feature","properties":{"code":5272},"geometry":{"type":"Polygon","coordinates":[[[118.729,-8.349],[118.701,-8.39],[118.712,-8.406],[118.698,-8.41],[118.724,-8.436],[118.709,-8.48],[118.732,-8.514],[118.767,-8.519],[118.782,-8.506],[118.801,-8.532],[118.842,-8.496],[118.896,-8.489],[118.864,-8.424],[118.808,-8.409],[118.8,-8.427],[118.765,-8.4],[118.739,-8.402],[118.746,-8.377],[118.729,-8.349]]]},"id":5272},{"type":"Feature","properties":{"code":1276},"geometry":{"type":"Polygon","coordinates":[[[98.501,3.672],[98.472,3.647],[98.446,3.655],[98.474,3.635],[98.473,3.616],[98.44,3.608],[98.46,3.594],[98.444,3.554],[98.453,3.529],[98.477,3.528],[98.475,3.556],[98.493,3.555],[98.496,3.568],[98.536,3.572],[98.532,3.62],[98.51,3.633],[98.518,3.667],[98.501,3.672]]]},"id":1276},{"type":"Feature","properties":{"code":7172},"geometry":{"type":"MultiPolygon","coordinates":[[[[125.216,1.387],[125.215,1.391],[125.212,1.388],[125.216,1.387]]],[[[125.161,1.387],[125.16,1.392],[125.159,1.39],[125.161,1.387]]],[[[125.234,1.46],[125.231,1.46],[125.232,1.459],[125.234,1.46]]],[[[125.276,1.522],[125.277,1.523],[125.276,1.522],[125.276,1.522]]],[[[125.295,1.543],[125.294,1.545],[125.293,1.543],[125.295,1.543]]],[[[125.292,1.549],[125.277,1.516],[125.237,1.462],[125.24,1.443],[125.185,1.431],[125.166,1.403],[125.179,1.404],[125.168,1.397],[125.173,1.387],[125.174,1.398],[125.259,1.412],[125.292,1.549]]],[[[125.104,1.396],[125.141,1.437],[125.209,1.446],[125.233,1.466],[125.247,1.508],[125.207,1.55],[125.169,1.566],[125.155,1.595],[125.136,1.563],[125.071,1.536],[125.083,1.512],[125.03,1.453],[125.092,1.447],[125.104,1.396]]]]},"id":7172},{"type":"Feature","properties":{"code":3572},"geometry":{"type":"Polygon","coordinates":[[[112.184,-8.056],[112.161,-8.084],[112.134,-8.083],[112.155,-8.135],[112.2,-8.092],[112.184,-8.056]]]},"id":3572},{"type":"Feature","properties":{"code":3271},"geometry":{"type":"Polygon","coordinates":[[[106.778,-6.511],[106.764,-6.545],[106.74,-6.542],[106.735,-6.565],[106.79,-6.627],[106.771,-6.653],[106.809,-6.646],[106.819,-6.671],[106.843,-6.678],[106.839,-6.574],[106.818,-6.538],[106.793,-6.546],[106.778,-6.511]]]},"id":3271},{"type":"Feature","properties":{"code":6474},"geometry":{"type":"MultiPolygon","coordinates":[[[[117.513,0.049],[117.513,0.052],[117.511,0.05],[117.513,0.049]]],[[[117.522,0.065],[117.511,0.065],[117.523,0.062],[117.522,0.065]]],[[[117.492,0.065],[117.498,0.073],[117.489,0.069],[117.492,0.065]]],[[[117.512,0.191],[117.511,0.191],[117.51,0.19],[117.512,0.191]]],[[[117.511,0.017],[117.514,0.037],[117.494,0.028],[117.488,0.042],[117.509,0.063],[117.467,0.046],[117.479,0.077],[117.456,0.1],[117.487,0.083],[117.477,0.103],[117.497,0.098],[117.5,0.101],[117.482,0.102],[117.484,0.117],[117.506,0.107],[117.522,0.125],[117.507,0.159],[117.494,0.145],[117.495,0.158],[117.488,0.146],[117.47,0.163],[117.489,0.166],[117.483,0.179],[117.504,0.175],[117.489,0.189],[117.518,0.198],[117.504,0.205],[117.468,0.199],[117.43,0.11],[117.401,0.092],[117.389,0.022],[117.511,0.017]]]]},"id":6474},{"type":"Feature","properties":{"code":1375},"geometry":{"type":"Polygon","coordinates":[[[100.405,-0.318],[100.384,-0.282],[100.336,-0.272],[100.37,-0.322],[100.405,-0.318]]]},"id":1375},{"type":"Feature","properties":{"code":3672},"geometry":{"type":"MultiPolygon","coordinates":[[[[105.993,-5.933],[105.985,-5.931],[105.987,-5.937],[105.993,-5.933]]],[[[105.923,-6.046],[105.963,-6.058],[105.988,-6.053],[105.984,-6.037],[106.029,-6.04],[106.02,-6.078],[106.036,-6.08],[106.082,-6.037],[106.087,-6.002],[106.062,-5.989],[106.061,-5.955],[106.033,-5.934],[106.041,-5.876],[105.992,-5.922],[106.002,-5.947],[105.994,-5.98],[105.923,-6.046]]]]},"id":3672},{"type":"Feature","properties":{"code":3277},"geometry":{"type":"Polygon","coordinates":[[[107.525,-6.92],[107.564,-6.932],[107.556,-6.888],[107.576,-6.89],[107.545,-6.831],[107.51,-6.898],[107.525,-6.92]]]},"id":3277},{"type":"Feature","properties":{"code":3274},"geometry":{"type":"Polygon","coordinates":[[[108.594,-6.745],[108.562,-6.691],[108.542,-6.696],[108.547,-6.726],[108.518,-6.736],[108.544,-6.796],[108.56,-6.756],[108.594,-6.745]]]},"id":3274},{"type":"Feature","properties":{"code":5171},"geometry":{"type":"Polygon","coordinates":[[[115.187,-8.735],[115.21,-8.73],[115.211,-8.746],[115.213,-8.726],[115.227,-8.726],[115.217,-8.746],[115.228,-8.752],[115.229,-8.734],[115.239,-8.743],[115.25,-8.729],[115.237,-8.737],[115.244,-8.725],[115.224,-8.722],[115.263,-8.706],[115.26,-8.666],[115.274,-8.65],[115.235,-8.591],[115.18,-8.616],[115.173,-8.682],[115.187,-8.735]]]},"id":5171},{"type":"Feature","properties":{"code":3276},"geometry":{"type":"Polygon","coordinates":[[[106.918,-6.395],[106.897,-6.396],[106.914,-6.365],[106.883,-6.37],[106.851,-6.336],[106.794,-6.364],[106.809,-6.314],[106.778,-6.317],[106.771,-6.357],[106.716,-6.365],[106.738,-6.438],[106.823,-6.444],[106.825,-6.461],[106.85,-6.435],[106.855,-6.456],[106.881,-6.456],[106.918,-6.395]]]},"id":3276},{"type":"Feature","properties":{"code":1473},"geometry":{"type":"Polygon","coordinates":[[[101.725,1.671],[101.561,1.637],[101.481,1.682],[101.4,1.706],[101.357,1.778],[101.363,1.831],[101.305,2.041],[101.081,2.213],[101.056,2.27],[101.012,2.144],[101.018,2.075],[101.073,1.929],[101.281,1.631],[101.333,1.496],[101.317,1.474],[101.422,1.431],[101.422,1.458],[101.475,1.456],[101.481,1.482],[101.514,1.481],[101.578,1.54],[101.626,1.517],[101.689,1.515],[101.725,1.671]]]},"id":1473},{"type":"Feature","properties":{"code":7571},"geometry":{"type":"Polygon","coordinates":[[[123.061,0.589],[123.026,0.563],[123.03,0.546],[123.006,0.554],[122.996,0.542],[123.047,0.49],[123.066,0.529],[123.062,0.505],[123.086,0.479],[123.1,0.502],[123.079,0.523],[123.091,0.58],[123.061,0.589]]]},"id":7571},{"type":"Feature","properties":{"code":1278},"geometry":{"type":"MultiPolygon","coordinates":[[[[97.648,1.093],[97.632,1.081],[97.655,1.082],[97.648,1.093]]],[[[97.69,1.178],[97.599,1.328],[97.541,1.388],[97.539,1.419],[97.521,1.423],[97.47,1.346],[97.51,1.274],[97.547,1.284],[97.579,1.268],[97.56,1.221],[97.578,1.215],[97.581,1.194],[97.62,1.195],[97.626,1.173],[97.605,1.13],[97.586,1.12],[97.593,1.11],[97.63,1.116],[97.645,1.1],[97.677,1.111],[97.68,1.121],[97.643,1.12],[97.69,1.178]]]]},"id":1278},{"type":"Feature","properties":{"code":3174},"geometry":{"type":"Polygon","coordinates":[[[106.711,-6.095],[106.687,-6.097],[106.697,-6.11],[106.688,-6.172],[106.724,-6.191],[106.718,-6.224],[106.778,-6.226],[106.81,-6.188],[106.798,-6.161],[106.828,-6.162],[106.821,-6.136],[106.775,-6.145],[106.711,-6.095]]]},"id":3174},{"type":"Feature","properties":{"code":3173},"geometry":{"type":"Polygon","coordinates":[[[106.792,-6.207],[106.797,-6.229],[106.822,-6.202],[106.855,-6.205],[106.875,-6.192],[106.881,-6.162],[106.821,-6.136],[106.828,-6.162],[106.798,-6.161],[106.81,-6.188],[106.792,-6.207]]]},"id":3173},{"type":"Feature","properties":{"code":3171},"geometry":{"type":"Polygon","coordinates":[[[106.835,-6.354],[106.838,-6.32],[106.858,-6.311],[106.846,-6.279],[106.863,-6.216],[106.822,-6.202],[106.799,-6.228],[106.783,-6.206],[106.778,-6.226],[106.737,-6.223],[106.776,-6.315],[106.809,-6.314],[106.793,-6.363],[106.835,-6.354]]]},"id":3171},{"type":"Feature","properties":{"code":3172},"geometry":{"type":"Polygon","coordinates":[[[106.971,-6.154],[106.944,-6.162],[106.939,-6.151],[106.921,-6.162],[106.922,-6.183],[106.878,-6.166],[106.875,-6.192],[106.851,-6.201],[106.866,-6.238],[106.846,-6.279],[106.858,-6.311],[106.838,-6.32],[106.839,-6.34],[106.851,-6.336],[106.883,-6.37],[106.916,-6.362],[106.921,-6.303],[106.904,-6.262],[106.943,-6.252],[106.971,-6.154]]]},"id":3172},{"type":"Feature","properties":{"code":3175},"geometry":{"type":"MultiPolygon","coordinates":[[[[106.877,-6.094],[106.878,-6.098],[106.878,-6.094],[106.877,-6.094]]],[[[106.968,-6.092],[106.906,-6.108],[106.905,-6.097],[106.882,-6.106],[106.881,-6.093],[106.866,-6.119],[106.872,-6.104],[106.84,-6.123],[106.811,-6.122],[106.803,-6.094],[106.785,-6.111],[106.711,-6.095],[106.775,-6.145],[106.815,-6.13],[106.922,-6.183],[106.921,-6.162],[106.939,-6.151],[106.944,-6.162],[106.971,-6.154],[106.968,-6.092]]]]},"id":3175},{"type":"Feature","properties":{"code":1571},"geometry":{"type":"Polygon","coordinates":[[[103.653,-1.552],[103.6,-1.547],[103.566,-1.573],[103.546,-1.569],[103.526,-1.676],[103.558,-1.679],[103.576,-1.663],[103.621,-1.694],[103.63,-1.676],[103.608,-1.659],[103.652,-1.656],[103.68,-1.616],[103.655,-1.607],[103.653,-1.552]]]},"id":1571},{"type":"Feature","properties":{"code":9471},"geometry":{"type":"MultiPolygon","coordinates":[[[[140.71,-2.598],[140.705,-2.597],[140.708,-2.6],[140.71,-2.598]]],[[[140.718,-2.549],[140.716,-2.551],[140.718,-2.551],[140.718,-2.549]]],[[[140.725,-2.545],[140.719,-2.544],[140.726,-2.546],[140.725,-2.545]]],[[[140.624,-2.531],[140.633,-2.722],[140.729,-2.707],[140.824,-2.734],[140.999,-2.828],[140.999,-2.604],[140.925,-2.61],[140.915,-2.623],[140.789,-2.595],[140.786,-2.621],[140.763,-2.628],[140.711,-2.595],[140.737,-2.627],[140.706,-2.628],[140.685,-2.613],[140.693,-2.574],[140.717,-2.591],[140.706,-2.538],[140.73,-2.518],[140.748,-2.534],[140.72,-2.49],[140.652,-2.476],[140.624,-2.531]]]]},"id":9471},{"type":"Feature","properties":{"code":3571},"geometry":{"type":"Polygon","coordinates":[[[112.001,-7.771],[111.956,-7.796],[111.958,-7.822],[111.985,-7.827],[112.022,-7.868],[112.069,-7.874],[112.064,-7.848],[112.081,-7.842],[112.042,-7.827],[112.001,-7.771]]]},"id":3571},{"type":"Feature","properties":{"code":7471},"geometry":{"type":"MultiPolygon","coordinates":[[[[122.607,-3.977],[122.599,-3.983],[122.618,-3.99],[122.607,-3.977]]],[[[122.451,-3.94],[122.44,-4.018],[122.526,-4.091],[122.572,-4.069],[122.589,-4.083],[122.615,-4.025],[122.651,-4.002],[122.619,-4.003],[122.589,-3.978],[122.535,-3.989],[122.536,-3.966],[122.599,-3.979],[122.626,-3.949],[122.538,-3.941],[122.506,-3.909],[122.481,-3.909],[122.451,-3.94]]]]},"id":7471},{"type":"Feature","properties":{"code":7174},"geometry":{"type":"Polygon","coordinates":[[[124.34,0.648],[124.377,0.661],[124.348,0.73],[124.356,0.755],[124.32,0.774],[124.305,0.753],[124.257,0.745],[124.255,0.708],[124.288,0.698],[124.293,0.659],[124.318,0.666],[124.34,0.648]]]},"id":7174},{"type":"Feature","properties":{"code":5371},"geometry":{"type":"Polygon","coordinates":[[[123.528,-10.209],[123.556,-10.227],[123.574,-10.217],[123.585,-10.288],[123.625,-10.287],[123.639,-10.244],[123.62,-10.231],[123.639,-10.217],[123.668,-10.226],[123.65,-10.188],[123.681,-10.175],[123.659,-10.157],[123.683,-10.139],[123.672,-10.129],[123.65,-10.145],[123.624,-10.14],[123.534,-10.174],[123.528,-10.209]]]},"id":5371},{"type":"Feature","properties":{"code":1173},"geometry":{"type":"MultiPolygon","coordinates":[[[[98.049,4.538],[98.04,4.541],[98.041,4.536],[98.049,4.538]]],[[[98.069,4.548],[98.064,4.553],[98.065,4.546],[98.069,4.548]]],[[[98.079,4.512],[98.085,4.533],[98.071,4.547],[98.039,4.528],[98.037,4.546],[97.989,4.531],[97.975,4.557],[97.981,4.543],[97.962,4.526],[97.916,4.529],[97.877,4.458],[97.917,4.452],[97.935,4.432],[97.966,4.445],[97.981,4.414],[98.025,4.408],[98.048,4.468],[98.036,4.479],[98.061,4.478],[98.062,4.509],[98.079,4.512]]],[[[98.056,4.558],[98.062,4.558],[98.055,4.561],[98.056,4.558]]]]},"id":1173},{"type":"Feature","properties":{"code":1174},"geometry":{"type":"Polygon","coordinates":[[[97.177,5.142],[97.142,5.155],[97.133,5.175],[97.15,5.166],[97.149,5.19],[97.117,5.216],[97.046,5.241],[97.036,5.229],[97.028,5.198],[97.052,5.192],[97.06,5.164],[97.107,5.125],[97.101,5.109],[97.13,5.09],[97.179,5.083],[97.177,5.142]]]},"id":1174},{"type":"Feature","properties":{"code":1674},"geometry":{"type":"Polygon","coordinates":[[[102.965,-3.362],[102.97,-3.26],[102.937,-3.261],[102.956,-3.235],[102.916,-3.19],[102.923,-3.169],[102.881,-3.156],[102.86,-3.129],[102.832,-3.174],[102.81,-3.177],[102.816,-3.236],[102.753,-3.283],[102.79,-3.289],[102.813,-3.336],[102.87,-3.344],[102.894,-3.328],[102.882,-3.347],[102.892,-3.375],[102.965,-3.362]]]},"id":1674},{"type":"Feature","properties":{"code":3577},"geometry":{"type":"MultiPolygon","coordinates":[[[[111.509,-7.679],[111.506,-7.672],[111.507,-7.68],[111.509,-7.679]]],[[[111.51,-7.659],[111.541,-7.659],[111.558,-7.596],[111.501,-7.606],[111.496,-7.638],[111.511,-7.635],[111.51,-7.659]]]]},"id":3577},{"type":"Feature","properties":{"code":3371},"geometry":{"type":"Polygon","coordinates":[[[110.225,-7.437],[110.201,-7.49],[110.214,-7.507],[110.237,-7.505],[110.225,-7.437]]]},"id":3371},{"type":"Feature","properties":{"code":7371},"geometry":{"type":"MultiPolygon","coordinates":[[[[119.266,-5.146],[119.262,-5.145],[119.262,-5.153],[119.266,-5.146]]],[[[119.394,-5.137],[119.389,-5.137],[119.393,-5.139],[119.394,-5.137]]],[[[119.4,-5.113],[119.4,-5.115],[119.401,-5.114],[119.4,-5.113]]],[[[119.289,-5.104],[119.284,-5.104],[119.285,-5.11],[119.289,-5.104]]],[[[119.405,-5.087],[119.397,-5.095],[119.404,-5.101],[119.405,-5.087]]],[[[119.315,-5.083],[119.322,-5.079],[119.318,-5.076],[119.315,-5.083]]],[[[119.411,-5.081],[119.406,-5.076],[119.403,-5.082],[119.411,-5.081]]],[[[119.41,-5.074],[119.411,-5.072],[119.408,-5.073],[119.41,-5.074]]],[[[119.402,-5.07],[119.409,-5.069],[119.404,-5.065],[119.402,-5.07]]],[[[119.519,-5.165],[119.493,-5.15],[119.517,-5.15],[119.536,-5.13],[119.541,-5.083],[119.527,-5.063],[119.478,-5.058],[119.446,-5.085],[119.451,-5.102],[119.409,-5.113],[119.38,-5.205],[119.401,-5.233],[119.411,-5.207],[119.39,-5.196],[119.396,-5.186],[119.461,-5.194],[119.463,-5.177],[119.512,-5.194],[119.519,-5.165]]],[[[119.321,-5.054],[119.324,-5.053],[119.321,-5.052],[119.321,-5.054]]],[[[119.352,-5.054],[119.356,-5.053],[119.354,-5.051],[119.352,-5.054]]],[[[119.423,-5.057],[119.426,-5.05],[119.422,-5.051],[119.423,-5.057]]],[[[119.273,-5.052],[119.27,-5.05],[119.27,-5.053],[119.273,-5.052]]],[[[119.277,-5.045],[119.273,-5.042],[119.272,-5.046],[119.277,-5.045]]],[[[119.325,-5.054],[119.329,-5.041],[119.322,-5.043],[119.325,-5.054]]],[[[119.419,-5.046],[119.419,-5.04],[119.418,-5.04],[119.419,-5.046]]],[[[119.41,-5.037],[119.413,-5.036],[119.412,-5.035],[119.41,-5.037]]],[[[119.322,-5.036],[119.321,-5.034],[119.32,-5.035],[119.322,-5.036]]],[[[119.277,-5.041],[119.274,-5.031],[119.273,-5.032],[119.277,-5.041]]],[[[119.41,-5.028],[119.407,-5.032],[119.412,-5.03],[119.41,-5.028]]],[[[119.324,-5.005],[119.321,-5.017],[119.325,-5.021],[119.329,-5.017],[119.324,-5.005]]]]},"id":7371},{"type":"Feature","properties":{"code":3573},"geometry":{"type":"Polygon","coordinates":[[[112.631,-7.912],[112.591,-7.917],[112.598,-7.936],[112.569,-7.938],[112.602,-7.968],[112.589,-7.975],[112.597,-7.984],[112.578,-7.984],[112.601,-7.992],[112.608,-8.019],[112.618,-8.011],[112.631,-8.045],[112.656,-8.05],[112.694,-7.982],[112.657,-7.965],[112.662,-7.926],[112.631,-7.912]]]},"id":3573},{"type":"Feature","properties":{"code":7171},"geometry":{"type":"MultiPolygon","coordinates":[[[[124.885,1.453],[124.894,1.484],[124.933,1.507],[124.928,1.564],[124.902,1.575],[124.843,1.564],[124.808,1.579],[124.803,1.563],[124.843,1.524],[124.841,1.495],[124.826,1.463],[124.784,1.461],[124.784,1.446],[124.825,1.429],[124.861,1.436],[124.872,1.465],[124.885,1.453]]],[[[124.744,1.633],[124.736,1.617],[124.763,1.62],[124.781,1.595],[124.775,1.627],[124.744,1.633]]],[[[124.804,1.631],[124.799,1.629],[124.803,1.627],[124.804,1.631]]],[[[124.702,1.648],[124.684,1.642],[124.683,1.621],[124.716,1.628],[124.702,1.648]]]]},"id":7171},{"type":"Feature","properties":{"code":5271},"geometry":{"type":"Polygon","coordinates":[[[116.074,-8.625],[116.131,-8.618],[116.171,-8.593],[116.142,-8.565],[116.069,-8.551],[116.074,-8.625]]]},"id":5271},{"type":"Feature","properties":{"code":1275},"geometry":{"type":"Polygon","coordinates":[[[98.704,3.74],[98.718,3.796],[98.681,3.788],[98.68,3.767],[98.653,3.781],[98.627,3.767],[98.653,3.737],[98.624,3.699],[98.657,3.674],[98.666,3.635],[98.652,3.615],[98.599,3.62],[98.612,3.562],[98.593,3.54],[98.6,3.49],[98.625,3.518],[98.644,3.488],[98.657,3.522],[98.744,3.528],[98.72,3.551],[98.741,3.599],[98.706,3.602],[98.709,3.626],[98.693,3.626],[98.702,3.662],[98.668,3.671],[98.703,3.667],[98.704,3.715],[98.73,3.72],[98.704,3.74]]]},"id":1275},{"type":"Feature","properties":{"code":1872},"geometry":{"type":"Polygon","coordinates":[[[105.276,-5.179],[105.33,-5.168],[105.323,-5.128],[105.348,-5.103],[105.332,-5.09],[105.353,-5.062],[105.316,-5.075],[105.318,-5.051],[105.269,-5.096],[105.29,-5.108],[105.262,-5.158],[105.275,-5.16],[105.276,-5.179]]]},"id":1872},{"type":"Feature","properties":{"code":3576},"geometry":{"type":"Polygon","coordinates":[[[112.467,-7.467],[112.415,-7.457],[112.407,-7.489],[112.439,-7.481],[112.449,-7.492],[112.467,-7.467]]]},"id":3576},{"type":"Feature","properties":{"code":1371},"geometry":{"type":"MultiPolygon","coordinates":[[[[100.173,-1.135],[100.171,-1.135],[100.171,-1.136],[100.173,-1.135]]],[[[100.351,-1.132],[100.35,-1.123],[100.349,-1.132],[100.351,-1.132]]],[[[100.338,-1.122],[100.342,-1.121],[100.34,-1.118],[100.338,-1.122]]],[[[100.383,-1.12],[100.381,-1.117],[100.379,-1.118],[100.383,-1.12]]],[[[100.367,-1.116],[100.363,-1.116],[100.369,-1.119],[100.367,-1.116]]],[[[100.297,-1.076],[100.296,-1.073],[100.295,-1.075],[100.297,-1.076]]],[[[100.171,-1.038],[100.175,-1.035],[100.17,-1.033],[100.171,-1.038]]],[[[100.342,-0.994],[100.338,-0.99],[100.338,-0.996],[100.342,-0.994]]],[[[100.205,-0.982],[100.21,-0.981],[100.206,-0.98],[100.205,-0.982]]],[[[100.23,-0.955],[100.229,-0.954],[100.229,-0.955],[100.23,-0.955]]],[[[100.141,-0.947],[100.137,-0.949],[100.139,-0.951],[100.141,-0.947]]],[[[100.203,-0.873],[100.206,-0.873],[100.204,-0.872],[100.203,-0.873]]],[[[100.097,-0.872],[100.101,-0.872],[100.099,-0.87],[100.097,-0.872]]],[[[100.301,-0.859],[100.302,-0.856],[100.299,-0.857],[100.301,-0.859]]],[[[100.456,-0.729],[100.4,-0.748],[100.337,-0.801],[100.29,-0.808],[100.342,-0.883],[100.346,-0.965],[100.364,-1.005],[100.382,-0.993],[100.39,-1.008],[100.377,-1.04],[100.398,-1.028],[100.411,-1.04],[100.409,-1.073],[100.396,-1.065],[100.388,-1.076],[100.381,-1.062],[100.363,-1.075],[100.387,-1.123],[100.362,-1.123],[100.362,-1.143],[100.42,-1.108],[100.411,-1.091],[100.429,-1.059],[100.479,-1.003],[100.519,-0.99],[100.563,-0.908],[100.531,-0.844],[100.541,-0.809],[100.504,-0.786],[100.502,-0.756],[100.456,-0.729]]]]},"id":1371},{"type":"Feature","properties":{"code":1374},"geometry":{"type":"Polygon","coordinates":[[[100.399,-0.45],[100.367,-0.479],[100.433,-0.488],[100.432,-0.462],[100.399,-0.45]]]},"id":1374},{"type":"Feature","properties":{"code":1277},"geometry":{"type":"Polygon","coordinates":[[[99.298,1.466],[99.236,1.468],[99.221,1.411],[99.245,1.364],[99.278,1.358],[99.31,1.303],[99.349,1.311],[99.308,1.387],[99.305,1.406],[99.325,1.404],[99.298,1.466]]]},"id":1277},{"type":"Feature","properties":{"code":1673},"geometry":{"type":"Polygon","coordinates":[[[103.178,-4.232],[103.309,-4.251],[103.33,-4.186],[103.362,-4.157],[103.359,-4.098],[103.395,-4.063],[103.415,-3.984],[103.357,-3.998],[103.328,-4.043],[103.282,-4.042],[103.286,-4.006],[103.22,-3.987],[103.121,-4.015],[103.185,-4.164],[103.178,-4.232]]]},"id":1673},{"type":"Feature","properties":{"code":6271},"geometry":{"type":"Polygon","coordinates":[[[113.492,-1.657],[113.489,-1.786],[113.593,-1.918],[113.623,-1.991],[113.694,-2.086],[113.696,-2.257],[113.763,-2.356],[113.763,-2.398],[114.027,-2.396],[114.03,-2.292],[114.084,-2.251],[114.106,-2.198],[113.937,-2.163],[113.831,-2.004],[113.814,-1.955],[113.822,-1.84],[113.804,-1.74],[113.827,-1.631],[113.737,-1.624],[113.6,-1.655],[113.562,-1.636],[113.519,-1.67],[113.492,-1.657]]]},"id":6271},{"type":"Feature","properties":{"code":1671},"geometry":{"type":"Polygon","coordinates":[[[104.644,-3.025],[104.717,-3.069],[104.719,-3.094],[104.75,-3.039],[104.774,-3.032],[104.79,-3.052],[104.836,-3.013],[104.824,-3.01],[104.833,-2.987],[104.855,-2.979],[104.864,-2.951],[104.847,-2.956],[104.851,-2.924],[104.814,-2.944],[104.795,-2.921],[104.811,-2.909],[104.756,-2.915],[104.73,-2.877],[104.674,-2.865],[104.676,-2.935],[104.647,-2.922],[104.623,-2.974],[104.644,-3.025]]]},"id":1671},{"type":"Feature","properties":{"code":7373},"geometry":{"type":"MultiPolygon","coordinates":[[[[120.2,-2.966],[120.203,-2.964],[120.199,-2.961],[120.2,-2.966]]],[[[120.201,-2.958],[120.201,-2.959],[120.203,-2.959],[120.201,-2.958]]],[[[120.229,-2.952],[120.217,-2.896],[120.171,-2.886],[120.048,-2.954],[120.053,-2.984],[120.084,-3.006],[120.082,-3.031],[120.138,-3.086],[120.165,-3.057],[120.207,-3.059],[120.229,-3.043],[120.21,-2.987],[120.188,-2.973],[120.199,-2.957],[120.229,-2.952]]]]},"id":7373},{"type":"Feature","properties":{"code":7271},"geometry":{"type":"Polygon","coordinates":[[[119.781,-0.897],[119.811,-0.867],[119.832,-0.904],[119.83,-0.941],[119.875,-0.922],[119.933,-0.944],[119.929,-0.92],[120.018,-0.895],[120.038,-0.868],[120.014,-0.794],[119.974,-0.808],[119.874,-0.769],[119.895,-0.751],[119.877,-0.727],[119.96,-0.698],[119.954,-0.68],[119.918,-0.698],[119.871,-0.695],[119.928,-0.635],[119.859,-0.658],[119.843,-0.696],[119.862,-0.713],[119.859,-0.777],[119.884,-0.821],[119.871,-0.883],[119.838,-0.879],[119.808,-0.801],[119.759,-0.834],[119.768,-0.893],[119.781,-0.897]]]},"id":7271},{"type":"Feature","properties":{"code":1971},"geometry":{"type":"Polygon","coordinates":[[[106.088,-2.144],[106.156,-2.161],[106.177,-2.148],[106.165,-2.093],[106.151,-2.082],[106.128,-2.095],[106.141,-2.076],[106.13,-2.057],[106.101,-2.081],[106.059,-2.067],[106.04,-2.081],[106.04,-2.112],[106.082,-2.127],[106.088,-2.144]]]},"id":1971},{"type":"Feature","properties":{"code":7372},"geometry":{"type":"Polygon","coordinates":[[[119.707,-4.079],[119.701,-4.019],[119.664,-3.961],[119.621,-4.002],[119.62,-4.067],[119.707,-4.079]]]},"id":7372},{"type":"Feature","properties":{"code":1377},"geometry":{"type":"MultiPolygon","coordinates":[[[[100.109,-0.66],[100.112,-0.659],[100.11,-0.658],[100.109,-0.66]]],[[[100.101,-0.647],[100.102,-0.646],[100.101,-0.645],[100.101,-0.647]]],[[[100.098,-0.634],[100.1,-0.632],[100.098,-0.632],[100.098,-0.634]]],[[[100.159,-0.675],[100.18,-0.608],[100.146,-0.588],[100.149,-0.57],[100.131,-0.571],[100.13,-0.548],[100.092,-0.561],[100.116,-0.629],[100.159,-0.675]]]]},"id":1377},{"type":"Feature","properties":{"code":3575},"geometry":{"type":"Polygon","coordinates":[[[112.952,-7.622],[112.874,-7.626],[112.872,-7.66],[112.887,-7.66],[112.895,-7.685],[112.922,-7.676],[112.952,-7.622]]]},"id":3575},{"type":"Feature","properties":{"code":1376},"geometry":{"type":"Polygon","coordinates":[[[100.677,-0.192],[100.598,-0.191],[100.583,-0.201],[100.599,-0.219],[100.579,-0.242],[100.605,-0.27],[100.649,-0.273],[100.646,-0.249],[100.685,-0.212],[100.677,-0.192]]]},"id":1376},{"type":"Feature","properties":{"code":3375},"geometry":{"type":"Polygon","coordinates":[[[109.714,-6.868],[109.665,-6.851],[109.644,-6.921],[109.668,-6.922],[109.671,-6.935],[109.695,-6.928],[109.714,-6.868]]]},"id":3375},{"type":"Feature","properties":{"code":1471},"geometry":{"type":"Polygon","coordinates":[[[101.567,0.425],[101.592,0.533],[101.575,0.55],[101.591,0.606],[101.571,0.638],[101.549,0.638],[101.54,0.658],[101.489,0.651],[101.386,0.686],[101.375,0.644],[101.326,0.598],[101.374,0.554],[101.349,0.49],[101.362,0.431],[101.447,0.416],[101.453,0.442],[101.476,0.455],[101.567,0.425]]]},"id":1471},{"type":"Feature","properties":{"code":1273},"geometry":{"type":"Polygon","coordinates":[[[99.11,3.015],[99.037,3.006],[99.018,2.949],[99.041,2.924],[99.017,2.893],[99.105,2.941],[99.098,2.962],[99.081,2.956],[99.081,2.978],[99.11,3.015]]]},"id":1273},{"type":"Feature","properties":{"code":6171},"geometry":{"type":"MultiPolygon","coordinates":[[[[109.383,-0.026],[109.364,-0.02],[109.345,-0.023],[109.373,-0.061],[109.383,-0.026]]],[[[109.366,-0.06],[109.341,-0.022],[109.287,0.001],[109.272,-0.027],[109.307,-0.077],[109.343,-0.097],[109.366,-0.06]]],[[[109.37,0.021],[109.309,0.038],[109.29,0.008],[109.345,-0.021],[109.364,-0.018],[109.376,-0.021],[109.37,0.021]]]]},"id":6171},{"type":"Feature","properties":{"code":1672},"geometry":{"type":"Polygon","coordinates":[[[104.212,-3.367],[104.129,-3.337],[104.131,-3.378],[104.151,-3.396],[104.131,-3.519],[104.149,-3.543],[104.25,-3.536],[104.243,-3.567],[104.304,-3.567],[104.311,-3.512],[104.292,-3.478],[104.348,-3.371],[104.305,-3.356],[104.212,-3.367]]]},"id":1672},{"type":"Feature","properties":{"code":3574},"geometry":{"type":"Polygon","coordinates":[[[113.237,-7.739],[113.218,-7.722],[113.216,-7.736],[113.215,-7.722],[113.21,-7.738],[113.166,-7.753],[113.178,-7.809],[113.205,-7.804],[113.216,-7.82],[113.226,-7.801],[113.24,-7.808],[113.237,-7.739]]]},"id":3574},{"type":"Feature","properties":{"code":1172},"geometry":{"type":"MultiPolygon","coordinates":[[[[95.313,5.874],[95.307,5.874],[95.313,5.873],[95.313,5.874]]],[[[95.26,5.879],[95.254,5.888],[95.258,5.874],[95.26,5.879]]],[[[95.292,5.838],[95.215,5.906],[95.22,5.874],[95.256,5.844],[95.284,5.78],[95.33,5.772],[95.345,5.827],[95.374,5.805],[95.374,5.847],[95.333,5.897],[95.31,5.894],[95.324,5.881],[95.315,5.866],[95.301,5.873],[95.304,5.841],[95.292,5.838]]],[[[95.116,6.071],[95.122,6.074],[95.114,6.075],[95.116,6.071]]]]},"id":1172},{"type":"Feature","properties":{"code":3373},"geometry":{"type":"Polygon","coordinates":[[[110.52,-7.292],[110.468,-7.295],[110.477,-7.374],[110.51,-7.386],[110.515,-7.362],[110.534,-7.357],[110.52,-7.292]]]},"id":3373},{"type":"Feature","properties":{"code":6472},"geometry":{"type":"Polygon","coordinates":[[[117.241,-0.573],[117.268,-0.548],[117.262,-0.48],[117.302,-0.383],[117.279,-0.359],[117.244,-0.366],[117.238,-0.338],[117.199,-0.312],[117.144,-0.35],[117.123,-0.409],[117.068,-0.433],[117.047,-0.517],[117.075,-0.589],[117.093,-0.577],[117.142,-0.619],[117.129,-0.663],[117.163,-0.705],[117.181,-0.706],[117.193,-0.676],[117.227,-0.664],[117.231,-0.639],[117.285,-0.597],[117.277,-0.581],[117.241,-0.573]]]},"id":6472},{"type":"Feature","properties":{"code":1373},"geometry":{"type":"Polygon","coordinates":[[[100.812,-0.578],[100.784,-0.549],[100.779,-0.561],[100.728,-0.554],[100.7,-0.58],[100.69,-0.628],[100.709,-0.66],[100.695,-0.724],[100.714,-0.734],[100.746,-0.723],[100.804,-0.773],[100.822,-0.758],[100.79,-0.668],[100.814,-0.615],[100.801,-0.594],[100.812,-0.578]]]},"id":1373},{"type":"Feature","properties":{"code":3374},"geometry":{"type":"Polygon","coordinates":[[[110.463,-6.931],[110.436,-6.951],[110.423,-6.936],[110.424,-6.955],[110.418,-6.943],[110.369,-6.954],[110.299,-6.94],[110.269,-7.047],[110.294,-7.053],[110.305,-7.101],[110.337,-7.104],[110.346,-7.085],[110.356,-7.106],[110.376,-7.094],[110.377,-7.11],[110.402,-7.113],[110.5,-7.067],[110.48,-7.053],[110.503,-7.014],[110.49,-7.004],[110.502,-6.958],[110.463,-6.931]]]},"id":3374},{"type":"Feature","properties":{"code":3673},"geometry":{"type":"MultiPolygon","coordinates":[[[[106.216,-6.016],[106.148,-6.019],[106.147,-6.067],[106.074,-6.121],[106.067,-6.176],[106.149,-6.169],[106.135,-6.203],[106.169,-6.219],[106.227,-6.195],[106.255,-6.147],[106.217,-6.129],[106.23,-6.097],[106.216,-6.016]]],[[[106.155,-6.002],[106.155,-6.0],[106.154,-6.0],[106.155,-6.002]]],[[[106.15,-5.998],[106.15,-5.996],[106.149,-5.995],[106.15,-5.998]]]]},"id":3673},{"type":"Feature","properties":{"code":1271},"geometry":{"type":"MultiPolygon","coordinates":[[[[98.769,1.706],[98.759,1.713],[98.762,1.705],[98.769,1.706]]],[[[98.781,1.727],[98.778,1.729],[98.779,1.726],[98.781,1.727]]],[[[98.796,1.721],[98.808,1.729],[98.794,1.756],[98.768,1.756],[98.796,1.721]]]]},"id":1271},{"type":"Feature","properties":{"code":6172},"geometry":{"type":"Polygon","coordinates":[[[109.157,0.903],[109.173,0.979],[109.149,0.98],[109.146,1.01],[109.13,1.018],[109.096,1.004],[109.095,0.991],[108.978,0.989],[108.948,0.899],[108.912,0.862],[108.893,0.87],[108.874,0.84],[108.961,0.808],[108.97,0.776],[109.022,0.766],[109.046,0.839],[109.157,0.903]]]},"id":6172},{"type":"Feature","properties":{"code":1372},"geometry":{"type":"Polygon","coordinates":[[[100.544,-0.814],[100.636,-0.795],[100.675,-0.808],[100.672,-0.768],[100.687,-0.743],[100.642,-0.744],[100.626,-0.77],[100.57,-0.786],[100.544,-0.814]]]},"id":1372},{"type":"Feature","properties":{"code":9271},"geometry":{"type":"MultiPolygon","coordinates":[[[[131.268,-0.933],[131.266,-0.933],[131.268,-0.935],[131.268,-0.933]]],[[[131.265,-0.928],[131.265,-0.925],[131.263,-0.927],[131.265,-0.928]]],[[[131.253,-0.926],[131.25,-0.926],[131.249,-0.93],[131.253,-0.926]]],[[[131.263,-0.932],[131.251,-0.933],[131.262,-0.935],[131.263,-0.932]]],[[[131.249,-0.924],[131.245,-0.921],[131.245,-0.924],[131.249,-0.924]]],[[[131.263,-0.922],[131.264,-0.919],[131.262,-0.92],[131.263,-0.922]]],[[[131.263,-0.918],[131.26,-0.917],[131.26,-0.919],[131.263,-0.918]]],[[[131.273,-0.907],[131.273,-0.905],[131.272,-0.905],[131.273,-0.907]]],[[[131.233,-0.909],[131.227,-0.906],[131.231,-0.913],[131.233,-0.909]]],[[[131.27,-0.904],[131.267,-0.902],[131.267,-0.903],[131.27,-0.904]]],[[[131.237,-0.884],[131.231,-0.888],[131.24,-0.888],[131.237,-0.884]]],[[[131.204,-0.895],[131.196,-0.885],[131.185,-0.897],[131.204,-0.895]]],[[[131.221,-0.84],[131.206,-0.837],[131.221,-0.842],[131.221,-0.84]]],[[[131.408,-0.816],[131.396,-0.776],[131.225,-0.821],[131.247,-0.851],[131.242,-0.877],[131.3,-0.917],[131.271,-0.917],[131.27,-0.933],[131.404,-0.955],[131.433,-0.944],[131.422,-0.873],[131.397,-0.857],[131.388,-0.825],[131.408,-0.816]]]]},"id":9271},{"type":"Feature","properties":{"code":1175},"geometry":{"type":"Polygon","coordinates":[[[97.791,2.507],[97.841,2.502],[97.842,2.556],[97.882,2.548],[97.898,2.565],[97.954,2.576],[97.988,2.609],[98.034,2.559],[98.112,2.613],[98.103,2.682],[98.071,2.736],[98.069,2.763],[98.116,2.785],[98.099,2.822],[98.055,2.818],[98.006,2.872],[97.948,2.895],[97.964,2.973],[97.901,3.007],[97.828,3.0],[97.815,2.982],[97.899,2.965],[97.904,2.911],[97.858,2.881],[97.852,2.837],[97.766,2.787],[97.825,2.636],[97.791,2.507]]]},"id":1175},{"type":"Feature","properties":{"code":3272},"geometry":{"type":"Polygon","coordinates":[[[106.915,-6.893],[106.9,-6.913],[106.911,-6.952],[106.873,-6.963],[106.875,-6.976],[106.955,-6.958],[106.954,-6.905],[106.915,-6.893]]]},"id":3272},{"type":"Feature","properties":{"code":1572},"geometry":{"type":"Polygon","coordinates":[[[101.24,-2.064],[101.264,-2.101],[101.282,-2.25],[101.37,-2.191],[101.368,-2.175],[101.408,-2.171],[101.409,-2.118],[101.456,-2.089],[101.426,-2.026],[101.289,-2.027],[101.24,-2.064]]]},"id":1572},{"type":"Feature","properties":{"code":3578},"geometry":{"type":"MultiPolygon","coordinates":[[[[112.665,-7.197],[112.664,-7.192],[112.663,-7.193],[112.665,-7.197]]],[[[112.656,-7.356],[112.704,-7.336],[112.727,-7.348],[112.755,-7.336],[112.826,-7.343],[112.845,-7.309],[112.842,-7.275],[112.833,-7.259],[112.806,-7.255],[112.764,-7.196],[112.723,-7.198],[112.725,-7.209],[112.717,-7.199],[112.708,-7.223],[112.686,-7.225],[112.662,-7.209],[112.678,-7.19],[112.662,-7.209],[112.661,-7.193],[112.592,-7.202],[112.601,-7.246],[112.632,-7.261],[112.626,-7.3],[112.649,-7.314],[112.656,-7.356]]]]},"id":3578},{"type":"Feature","properties":{"code":3372},"geometry":{"type":"Polygon","coordinates":[[[110.815,-7.523],[110.796,-7.549],[110.769,-7.551],[110.818,-7.594],[110.867,-7.556],[110.854,-7.535],[110.815,-7.523]]]},"id":3372},{"type":"Feature","properties":{"code":3671},"geometry":{"type":"Polygon","coordinates":[[[106.687,-6.097],[106.642,-6.117],[106.635,-6.105],[106.613,-6.147],[106.59,-6.148],[106.552,-6.199],[106.591,-6.222],[106.601,-6.205],[106.611,-6.227],[106.693,-6.229],[106.686,-6.239],[106.704,-6.256],[106.748,-6.249],[106.743,-6.227],[106.718,-6.224],[106.724,-6.191],[106.688,-6.172],[106.697,-6.11],[106.687,-6.097]]]},"id":3671},{"type":"Feature","properties":{"code":3674},"geometry":{"type":"Polygon","coordinates":[[[106.651,-6.362],[106.773,-6.35],[106.779,-6.316],[106.751,-6.249],[106.704,-6.256],[106.686,-6.239],[106.693,-6.229],[106.638,-6.229],[106.662,-6.317],[106.651,-6.362]]]},"id":3674},{"type":"Feature","properties":{"code":1272},"geometry":{"type":"Polygon","coordinates":[[[99.819,3.024],[99.766,3.008],[99.781,2.969],[99.762,2.969],[99.752,2.942],[99.775,2.92],[99.837,2.936],[99.834,2.955],[99.808,2.97],[99.819,3.024]]]},"id":1272},{"type":"Feature","properties":{"code":2172},"geometry":{"type":"MultiPolygon","coordinates":[[[[104.455,0.853],[104.455,0.857],[104.45,0.854],[104.455,0.853]]],[[[104.422,0.858],[104.426,0.862],[104.42,0.861],[104.422,0.858]]],[[[104.484,0.871],[104.452,0.887],[104.417,0.875],[104.463,0.858],[104.484,0.871]]],[[[104.426,0.926],[104.408,0.929],[104.408,0.926],[104.426,0.926]]],[[[104.339,0.95],[104.338,0.955],[104.336,0.954],[104.339,0.95]]],[[[104.404,0.954],[104.403,0.96],[104.402,0.955],[104.404,0.954]]],[[[104.493,0.99],[104.414,0.978],[104.409,0.963],[104.479,0.931],[104.442,0.934],[104.439,0.906],[104.503,0.877],[104.475,0.851],[104.508,0.84],[104.531,0.861],[104.553,0.922],[104.52,0.957],[104.521,0.977],[104.504,0.972],[104.493,0.99]]]]},"id":2172},{"type":"Feature","properties":{"code":6571},"geometry":{"type":"MultiPolygon","coordinates":[[[[117.521,3.343],[117.526,3.348],[117.521,3.348],[117.521,3.343]]],[[[117.618,3.438],[117.548,3.442],[117.52,3.415],[117.514,3.381],[117.542,3.325],[117.611,3.279],[117.643,3.238],[117.655,3.253],[117.668,3.403],[117.618,3.438]]]]},"id":6571},{"type":"Feature","properties":{"code":3278},"geometry":{"type":"Polygon","coordinates":[[[108.193,-7.269],[108.176,-7.288],[108.149,-7.287],[108.152,-7.335],[108.168,-7.346],[108.198,-7.45],[108.229,-7.425],[108.265,-7.433],[108.282,-7.385],[108.263,-7.374],[108.293,-7.358],[108.282,-7.351],[108.292,-7.34],[108.312,-7.339],[108.252,-7.321],[108.193,-7.269]]]},"id":3278},{"type":"Feature","properties":{"code":1274},"geometry":{"type":"Polygon","coordinates":[[[99.171,3.376],[99.154,3.367],[99.166,3.355],[99.154,3.341],[99.128,3.349],[99.114,3.337],[99.128,3.327],[99.132,3.308],[99.118,3.301],[99.136,3.277],[99.138,3.309],[99.192,3.31],[99.182,3.332],[99.193,3.351],[99.167,3.35],[99.171,3.376]]]},"id":1274},{"type":"Feature","properties":{"code":3376},"geometry":{"type":"Polygon","coordinates":[[[109.077,-6.887],[109.13,-6.896],[109.161,-6.844],[109.102,-6.839],[109.077,-6.887]]]},"id":3376},{"type":"Feature","properties":{"code":8271},"geometry":{"type":"MultiPolygon","coordinates":[[[[127.418,0.479],[127.385,0.47],[127.398,0.433],[127.439,0.451],[127.418,0.479]]],[[[127.327,0.866],[127.302,0.841],[127.294,0.791],[127.314,0.755],[127.37,0.76],[127.391,0.789],[127.388,0.828],[127.327,0.866]]],[[[127.315,0.913],[127.302,0.897],[127.318,0.881],[127.331,0.896],[127.315,0.913]]],[[[126.154,0.977],[126.127,0.978],[126.141,0.962],[126.161,0.957],[126.146,0.964],[126.154,0.977]]],[[[126.147,0.989],[126.145,0.986],[126.152,0.985],[126.147,0.989]]],[[[126.416,1.332],[126.381,1.353],[126.356,1.321],[126.394,1.28],[126.416,1.332]]]]},"id":8271},{"type":"Feature","properties":{"code":8272},"geometry":{"type":"MultiPolygon","coordinates":[[[[127.7,0.099],[127.7,0.1],[127.698,0.1],[127.7,0.099]]],[[[127.623,0.353],[127.62,0.356],[127.619,0.352],[127.623,0.353]]],[[[127.643,0.356],[127.637,0.355],[127.645,0.355],[127.643,0.356]]],[[[127.59,0.381],[127.595,0.38],[127.594,0.383],[127.59,0.381]]],[[[127.608,0.386],[127.602,0.387],[127.601,0.382],[127.608,0.386]]],[[[127.587,0.387],[127.588,0.392],[127.584,0.388],[127.587,0.387]]],[[[127.586,0.398],[127.579,0.396],[127.584,0.393],[127.586,0.398]]],[[[127.394,0.585],[127.381,0.569],[127.381,0.558],[127.41,0.573],[127.394,0.585]]],[[[127.476,0.581],[127.475,0.587],[127.473,0.581],[127.476,0.581]]],[[[127.469,0.593],[127.472,0.599],[127.468,0.598],[127.469,0.593]]],[[[127.379,0.732],[127.362,0.732],[127.37,0.723],[127.379,0.732]]],[[[127.406,0.757],[127.385,0.747],[127.362,0.678],[127.367,0.644],[127.401,0.621],[127.447,0.654],[127.46,0.714],[127.448,0.745],[127.406,0.757]]],[[[127.594,0.772],[127.597,0.773],[127.596,0.774],[127.594,0.772]]],[[[127.564,0.782],[127.563,0.784],[127.562,0.782],[127.564,0.782]]],[[[127.618,0.79],[127.598,0.772],[127.599,0.749],[127.574,0.753],[127.547,0.728],[127.526,0.554],[127.561,0.515],[127.578,0.414],[127.622,0.395],[127.621,0.36],[127.648,0.357],[127.661,0.342],[127.709,0.352],[127.733,0.312],[127.695,0.185],[127.701,0.125],[127.684,0.098],[127.712,0.102],[127.721,0.072],[127.699,-0.01],[127.74,0.02],[127.768,0.025],[127.772,0.003],[127.817,0.031],[127.796,0.053],[127.787,0.154],[127.822,0.201],[127.797,0.248],[127.819,0.272],[127.798,0.317],[127.806,0.373],[127.775,0.412],[127.768,0.454],[127.779,0.485],[127.806,0.49],[127.831,0.576],[127.792,0.629],[127.757,0.751],[127.682,0.758],[127.66,0.776],[127.638,0.768],[127.618,0.79]]]]},"id":8272},{"type":"Feature","properties":{"code":7173},"geometry":{"type":"Polygon","coordinates":[[[124.83,1.405],[124.811,1.397],[124.804,1.36],[124.77,1.367],[124.74,1.315],[124.75,1.281],[124.781,1.288],[124.826,1.253],[124.854,1.264],[124.855,1.294],[124.892,1.35],[124.863,1.352],[124.83,1.405]]]},"id":7173},{"type":"Feature","properties":{"code":8172},"geometry":{"type":"MultiPolygon","coordinates":[[[[132.196,-5.717],[132.17,-5.733],[132.183,-5.767],[132.196,-5.757],[132.196,-5.717]]],[[[132.246,-5.7],[132.251,-5.699],[132.234,-5.706],[132.246,-5.7]]],[[[132.275,-5.696],[132.265,-5.701],[132.268,-5.713],[132.275,-5.696]]],[[[132.761,-5.668],[132.749,-5.665],[132.757,-5.677],[132.761,-5.668]]],[[[131.94,-5.67],[131.932,-5.665],[131.935,-5.674],[131.94,-5.67]]],[[[132.261,-5.634],[132.26,-5.638],[132.262,-5.64],[132.261,-5.634]]],[[[132.725,-5.622],[132.716,-5.63],[132.736,-5.646],[132.725,-5.622]]],[[[132.251,-5.625],[132.241,-5.622],[132.246,-5.629],[132.251,-5.625]]],[[[132.719,-5.615],[132.717,-5.612],[132.716,-5.616],[132.719,-5.615]]],[[[132.323,-5.601],[132.313,-5.612],[132.33,-5.619],[132.335,-5.61],[132.323,-5.601]]],[[[132.725,-5.601],[132.726,-5.599],[132.724,-5.598],[132.725,-5.601]]],[[[132.253,-5.588],[132.25,-5.586],[132.25,-5.588],[132.253,-5.588]]],[[[132.011,-5.586],[132.01,-5.585],[132.011,-5.588],[132.011,-5.586]]],[[[132.261,-5.581],[132.252,-5.592],[132.283,-5.6],[132.294,-5.655],[132.319,-5.628],[132.299,-5.616],[132.306,-5.59],[132.283,-5.596],[132.261,-5.581]]],[[[132.67,-5.577],[132.669,-5.576],[132.667,-5.578],[132.67,-5.577]]],[[[132.68,-5.582],[132.678,-5.585],[132.676,-5.592],[132.68,-5.582]]],[[[132.733,-5.595],[132.727,-5.573],[132.713,-5.586],[132.733,-5.595]]],[[[131.926,-5.578],[131.932,-5.576],[131.928,-5.573],[131.926,-5.578]]],[[[132.007,-5.596],[132.001,-5.572],[131.994,-5.59],[132.007,-5.596]]],[[[132.722,-5.554],[132.719,-5.552],[132.72,-5.556],[132.722,-5.554]]],[[[132.757,-5.548],[132.755,-5.538],[132.752,-5.547],[132.757,-5.548]]],[[[132.752,-5.541],[132.709,-5.53],[132.686,-5.54],[132.732,-5.554],[132.752,-5.541]]],[[[132.793,-5.577],[132.798,-5.527],[132.74,-5.613],[132.749,-5.663],[132.759,-5.64],[132.767,-5.647],[132.756,-5.661],[132.762,-5.665],[132.77,-5.687],[132.796,-5.653],[132.798,-5.694],[132.814,-5.681],[132.797,-5.612],[132.816,-5.549],[132.793,-5.577]]],[[[132.343,-5.528],[132.302,-5.53],[132.324,-5.58],[132.355,-5.576],[132.378,-5.553],[132.377,-5.535],[132.355,-5.553],[132.343,-5.528]]],[[[132.731,-5.496],[132.743,-5.5],[132.738,-5.491],[132.731,-5.496]]],[[[132.747,-5.496],[132.76,-5.497],[132.765,-5.476],[132.747,-5.496]]],[[[132.735,-5.467],[132.734,-5.47],[132.736,-5.468],[132.735,-5.467]]],[[[132.712,-5.448],[132.698,-5.443],[132.7,-5.456],[132.712,-5.448]]],[[[132.725,-5.447],[132.714,-5.439],[132.722,-5.45],[132.725,-5.447]]],[[[132.021,-5.313],[131.99,-5.31],[131.969,-5.337],[131.96,-5.372],[131.972,-5.389],[132.01,-5.37],[132.021,-5.313]]],[[[132.024,-5.186],[132.023,-5.158],[132.012,-5.173],[132.024,-5.186]]],[[[132.024,-5.146],[132.021,-5.149],[132.023,-5.156],[132.024,-5.146]]],[[[132.024,-5.131],[132.011,-5.133],[132.024,-5.134],[132.024,-5.131]]]]},"id":8172},{"type":"Feature","properties":{"code":3471},"geometry":{"type":"Polygon","coordinates":[[[110.397,-7.788],[110.352,-7.766],[110.351,-7.825],[110.403,-7.833],[110.397,-7.788]]]},"id":3471},{"type":"Feature","properties":{"code":6201},"geometry":{"type":"MultiPolygon","coordinates":[[[[111.412,-2.909],[111.416,-2.909],[111.415,-2.907],[111.412,-2.909]]],[[[111.818,-3.533],[111.932,-3.312],[112.046,-3.007],[112.054,-2.888],[111.989,-2.809],[111.97,-2.737],[112.014,-2.529],[112.059,-2.409],[112.024,-2.3],[111.99,-2.289],[111.983,-2.239],[112.02,-2.095],[112.09,-2.001],[112.073,-1.964],[111.99,-1.898],[111.963,-1.849],[111.954,-1.733],[111.905,-1.717],[111.88,-1.674],[111.878,-1.622],[111.796,-1.562],[111.821,-1.739],[111.819,-1.873],[111.791,-1.971],[111.711,-2.128],[111.667,-2.177],[111.629,-2.193],[111.606,-2.234],[111.602,-2.305],[111.56,-2.319],[111.518,-2.307],[111.438,-2.313],[111.368,-2.263],[111.341,-2.275],[111.355,-2.306],[111.317,-2.305],[111.316,-2.332],[111.274,-2.336],[111.264,-2.372],[111.283,-2.372],[111.279,-2.542],[111.301,-2.617],[111.4,-2.653],[111.382,-2.734],[111.38,-2.877],[111.362,-2.908],[111.387,-2.92],[111.413,-2.903],[111.485,-2.942],[111.548,-3.023],[111.636,-2.957],[111.69,-2.941],[111.706,-2.904],[111.685,-2.919],[111.669,-2.894],[111.717,-2.847],[111.814,-3.001],[111.825,-3.052],[111.797,-3.197],[111.817,-3.398],[111.796,-3.471],[111.768,-3.503],[111.818,-3.533]]]]},"id":6201},{"type":"Feature","properties":{"code":6202},"geometry":{"type":"MultiPolygon","coordinates":[[[[113.149,-3.061],[113.148,-3.061],[113.152,-3.062],[113.149,-3.061]]],[[[112.127,-1.313],[112.125,-1.452],[112.07,-1.569],[112.089,-1.643],[112.251,-1.831],[112.284,-1.974],[112.283,-2.095],[112.333,-2.181],[112.373,-2.197],[112.373,-2.267],[112.408,-2.267],[112.408,-2.328],[112.429,-2.328],[112.434,-2.39],[112.459,-2.404],[112.48,-2.581],[112.607,-2.682],[112.87,-2.83],[112.81,-3.042],[112.873,-3.265],[112.935,-3.228],[113.041,-3.13],[112.996,-3.156],[112.942,-3.117],[112.983,-3.048],[113.014,-3.029],[113.032,-2.976],[113.047,-2.976],[113.087,-3.033],[113.157,-3.063],[113.167,-3.018],[113.08,-2.716],[113.091,-2.673],[113.202,-2.499],[113.212,-2.449],[113.172,-2.321],[113.175,-2.29],[113.247,-2.186],[113.231,-2.102],[113.281,-2.045],[113.279,-1.966],[113.253,-1.94],[113.196,-1.926],[113.195,-1.855],[113.026,-1.768],[112.981,-1.705],[112.931,-1.704],[112.928,-1.659],[112.863,-1.593],[112.841,-1.432],[112.821,-1.389],[112.744,-1.302],[112.647,-1.229],[112.523,-1.194],[112.393,-1.214],[112.289,-1.285],[112.127,-1.313]]]]},"id":6202},{"type":"Feature","properties":{"code":1401},"geometry":{"type":"Polygon","coordinates":[[[101.833,-0.981],[101.907,-0.95],[101.927,-0.905],[101.914,-0.883],[101.851,-0.922],[101.839,-0.88],[101.778,-0.833],[101.805,-0.66],[101.906,-0.538],[101.892,-0.395],[101.849,-0.404],[101.828,-0.376],[101.804,-0.38],[101.747,-0.352],[101.754,-0.312],[101.733,-0.31],[101.712,-0.265],[101.667,-0.254],[101.66,-0.239],[101.611,-0.235],[101.524,-0.117],[101.483,-0.1],[101.47,-0.128],[101.451,-0.127],[101.409,-0.073],[101.368,-0.148],[101.272,-0.004],[101.193,-0.118],[101.201,-0.183],[101.176,-0.234],[101.157,-0.236],[101.166,-0.26],[101.141,-0.289],[101.142,-0.333],[101.118,-0.386],[101.047,-0.376],[101.04,-0.362],[101.042,-0.382],[101.025,-0.394],[101.066,-0.495],[101.089,-0.511],[101.113,-0.503],[101.167,-0.539],[101.249,-0.625],[101.307,-0.629],[101.5,-0.809],[101.558,-0.834],[101.653,-0.828],[101.688,-0.87],[101.711,-0.864],[101.713,-0.9],[101.69,-0.941],[101.755,-0.974],[101.798,-0.968],[101.833,-0.981]]]},"id":1401},{"type":"Feature","properties":{"code":6112},"geometry":{"type":"MultiPolygon","coordinates":[[[[109.361,-0.947],[109.358,-0.945],[109.358,-0.95],[109.361,-0.947]]],[[[109.251,-0.941],[109.25,-0.946],[109.254,-0.944],[109.251,-0.941]]],[[[109.26,-0.942],[109.256,-0.942],[109.259,-0.943],[109.26,-0.942]]],[[[109.598,-0.748],[109.574,-0.733],[109.566,-0.757],[109.635,-0.791],[109.626,-0.751],[109.598,-0.748]]],[[[109.693,-0.723],[109.663,-0.725],[109.647,-0.719],[109.641,-0.732],[109.606,-0.733],[109.607,-0.745],[109.669,-0.752],[109.669,-0.738],[109.693,-0.723]]],[[[109.567,-0.743],[109.577,-0.724],[109.568,-0.712],[109.551,-0.732],[109.567,-0.743]]],[[[109.579,-0.719],[109.57,-0.711],[109.605,-0.744],[109.606,-0.726],[109.579,-0.719]]],[[[109.688,-0.712],[109.602,-0.704],[109.578,-0.716],[109.641,-0.73],[109.647,-0.717],[109.688,-0.712]]],[[[109.559,-0.716],[109.496,-0.703],[109.491,-0.699],[109.491,-0.707],[109.482,-0.707],[109.483,-0.717],[109.462,-0.72],[109.457,-0.719],[109.444,-0.708],[109.468,-0.731],[109.541,-0.731],[109.559,-0.716]]],[[[109.485,-0.683],[109.49,-0.693],[109.497,-0.694],[109.497,-0.688],[109.485,-0.683]]],[[[109.669,-0.69],[109.656,-0.671],[109.632,-0.69],[109.614,-0.684],[109.597,-0.695],[109.573,-0.692],[109.551,-0.707],[109.669,-0.69]]],[[[109.452,-0.671],[109.435,-0.676],[109.42,-0.669],[109.411,-0.674],[109.458,-0.719],[109.482,-0.716],[109.482,-0.706],[109.492,-0.699],[109.496,-0.702],[109.479,-0.689],[109.471,-0.689],[109.452,-0.671]]],[[[109.25,-0.661],[109.24,-0.816],[109.309,-0.907],[109.405,-0.932],[109.432,-0.896],[109.414,-0.869],[109.438,-0.853],[109.583,-0.898],[109.612,-0.972],[109.639,-0.976],[109.649,-0.998],[109.681,-1.014],[109.721,-0.974],[109.72,-0.914],[109.745,-0.899],[109.735,-0.882],[109.748,-0.872],[109.739,-0.862],[109.726,-0.874],[109.715,-0.87],[109.71,-0.832],[109.676,-0.832],[109.56,-0.763],[109.552,-0.743],[109.466,-0.754],[109.393,-0.707],[109.306,-0.702],[109.25,-0.661]]],[[[109.376,-0.654],[109.349,-0.656],[109.364,-0.675],[109.405,-0.674],[109.376,-0.654]]],[[[109.455,-0.636],[109.427,-0.642],[109.49,-0.673],[109.494,-0.663],[109.486,-0.663],[109.455,-0.636]]],[[[109.482,-0.628],[109.458,-0.635],[109.496,-0.661],[109.49,-0.674],[109.472,-0.67],[109.497,-0.688],[109.498,-0.693],[109.546,-0.703],[109.583,-0.686],[109.583,-0.653],[109.547,-0.656],[109.482,-0.628]]],[[[109.364,-0.617],[109.351,-0.634],[109.36,-0.653],[109.372,-0.648],[109.405,-0.672],[109.423,-0.667],[109.436,-0.674],[109.441,-0.666],[109.454,-0.67],[109.467,-0.68],[109.471,-0.688],[109.476,-0.685],[109.45,-0.66],[109.364,-0.617]]],[[[109.311,-0.611],[109.312,-0.609],[109.31,-0.61],[109.311,-0.611]]],[[[109.307,-0.601],[109.286,-0.599],[109.281,-0.613],[109.307,-0.601]]],[[[109.333,-0.576],[109.325,-0.574],[109.324,-0.582],[109.333,-0.576]]],[[[109.101,-0.206],[109.099,-0.207],[109.101,-0.209],[109.101,-0.206]]],[[[109.127,-0.202],[109.072,-0.22],[109.058,-0.213],[109.058,-0.273],[109.095,-0.332],[109.083,-0.269],[109.132,-0.236],[109.193,-0.218],[109.127,-0.202]]],[[[109.072,-0.195],[109.068,-0.19],[109.064,-0.195],[109.072,-0.195]]],[[[109.173,-0.201],[109.102,-0.168],[109.085,-0.186],[109.159,-0.207],[109.173,-0.201]]],[[[109.094,-0.17],[109.082,-0.174],[109.094,-0.172],[109.094,-0.17]]],[[[109.16,-0.185],[109.137,-0.152],[109.127,-0.146],[109.126,-0.166],[109.16,-0.185]]],[[[109.125,-0.15],[109.113,-0.117],[109.093,-0.13],[109.089,-0.15],[109.113,-0.166],[109.125,-0.15]]],[[[109.118,-0.108],[109.125,-0.109],[109.122,-0.103],[109.118,-0.108]]],[[[109.174,-0.103],[109.175,-0.088],[109.17,-0.087],[109.169,-0.093],[109.174,-0.103]]],[[[109.186,-0.139],[109.165,-0.092],[109.161,-0.058],[109.123,-0.116],[109.176,-0.194],[109.186,-0.139]]],[[[109.247,0.018],[109.25,0.021],[109.243,0.024],[109.247,0.018]]],[[[109.238,0.022],[109.24,0.025],[109.232,0.029],[109.238,0.022]]],[[[109.19,0.051],[109.2,0.039],[109.181,0.048],[109.178,0.036],[109.239,0.018],[109.19,0.051]]],[[[109.932,-0.781],[109.934,-0.72],[109.888,-0.726],[109.859,-0.657],[109.818,-0.682],[109.81,-0.671],[109.816,-0.64],[109.881,-0.586],[109.887,-0.551],[109.965,-0.495],[109.973,-0.471],[109.946,-0.442],[109.971,-0.433],[109.92,-0.398],[109.922,-0.356],[109.948,-0.346],[109.931,-0.315],[109.965,-0.281],[109.941,-0.224],[109.938,-0.143],[109.919,-0.151],[109.903,-0.132],[109.903,-0.106],[109.847,-0.045],[109.834,0.019],[109.864,0.038],[109.869,0.085],[109.794,0.09],[109.768,0.077],[109.749,0.092],[109.673,0.056],[109.67,0.072],[109.656,0.056],[109.664,0.042],[109.649,0.051],[109.657,0.036],[109.633,0.049],[109.635,0.033],[109.62,0.023],[109.614,0.035],[109.612,0.019],[109.604,0.035],[109.593,0.024],[109.592,0.039],[109.572,0.038],[109.589,0.021],[109.57,0.007],[109.58,-0.004],[109.562,-0.013],[109.562,0.001],[109.543,0.0],[109.548,-0.01],[109.502,-0.031],[109.522,0.038],[109.495,0.09],[109.511,0.117],[109.487,0.166],[109.494,0.229],[109.446,0.254],[109.383,0.255],[109.351,0.206],[109.379,-0.069],[109.366,-0.06],[109.34,-0.096],[109.307,-0.077],[109.272,-0.027],[109.287,0.001],[109.169,0.03],[109.158,-0.039],[109.188,-0.091],[109.181,-0.102],[109.189,-0.136],[109.182,-0.197],[109.289,-0.278],[109.198,-0.22],[109.133,-0.238],[109.089,-0.274],[109.113,-0.343],[109.165,-0.369],[109.098,-0.352],[109.125,-0.536],[109.157,-0.571],[109.201,-0.551],[109.25,-0.604],[109.251,-0.588],[109.263,-0.6],[109.294,-0.591],[109.315,-0.594],[109.323,-0.573],[109.333,-0.572],[109.334,-0.576],[109.325,-0.584],[109.327,-0.588],[109.374,-0.584],[109.414,-0.631],[109.475,-0.616],[109.546,-0.651],[109.584,-0.65],[109.595,-0.693],[109.612,-0.683],[109.632,-0.688],[109.657,-0.67],[109.675,-0.694],[109.667,-0.7],[109.679,-0.701],[109.688,-0.705],[109.696,-0.72],[109.691,-0.727],[109.672,-0.739],[109.669,-0.754],[109.631,-0.751],[109.637,-0.786],[109.635,-0.796],[109.679,-0.829],[109.713,-0.829],[109.717,-0.867],[109.725,-0.871],[109.732,-0.862],[109.745,-0.861],[109.75,-0.875],[109.738,-0.883],[109.75,-0.894],[109.803,-0.867],[109.8,-0.842],[109.893,-0.822],[109.894,-0.802],[109.932,-0.781]]]]},"id":6112},{"type":"Feature","properties":{"code":3319},"geometry":{"type":"Polygon","coordinates":[[[110.773,-6.951],[110.808,-6.978],[110.804,-6.949],[110.839,-6.942],[110.852,-6.897],[110.882,-6.892],[110.878,-6.867],[110.92,-6.867],[110.976,-6.833],[110.965,-6.756],[110.925,-6.738],[110.938,-6.709],[110.893,-6.64],[110.902,-6.623],[110.859,-6.623],[110.839,-6.702],[110.82,-6.708],[110.836,-6.737],[110.83,-6.754],[110.792,-6.752],[110.767,-6.769],[110.759,-6.791],[110.799,-6.838],[110.838,-6.847],[110.785,-6.911],[110.773,-6.951]]]},"id":3319},{"type":"Feature","properties":{"code":3401},"geometry":{"type":"Polygon","coordinates":[[[110.231,-7.829],[110.216,-7.738],[110.232,-7.713],[110.27,-7.705],[110.266,-7.649],[110.141,-7.644],[110.117,-7.668],[110.137,-7.693],[110.129,-7.747],[110.062,-7.814],[110.042,-7.884],[110.03,-7.896],[110.002,-7.888],[110.209,-7.982],[110.273,-7.909],[110.257,-7.866],[110.221,-7.837],[110.231,-7.829]]]},"id":3401},{"type":"Feature","properties":{"code":3208},"geometry":{"type":"Polygon","coordinates":[[[108.758,-6.983],[108.736,-7.006],[108.717,-6.994],[108.715,-6.943],[108.682,-6.923],[108.655,-6.936],[108.655,-6.901],[108.637,-6.911],[108.533,-6.88],[108.508,-6.851],[108.512,-6.791],[108.409,-6.79],[108.407,-6.893],[108.385,-6.959],[108.385,-7.073],[108.442,-7.118],[108.508,-7.129],[108.509,-7.16],[108.54,-7.189],[108.56,-7.191],[108.562,-7.171],[108.591,-7.15],[108.634,-7.138],[108.674,-7.156],[108.725,-7.115],[108.77,-7.111],[108.785,-7.057],[108.774,-7.035],[108.79,-7.012],[108.758,-6.983]]]},"id":3208},{"type":"Feature","properties":{"code":5303},"geometry":{"type":"MultiPolygon","coordinates":[[[[123.274,-10.319],[123.277,-10.308],[123.27,-10.318],[123.274,-10.319]]],[[[123.44,-10.24],[123.426,-10.238],[123.432,-10.247],[123.44,-10.24]]],[[[123.452,-10.114],[123.396,-10.134],[123.367,-10.203],[123.3,-10.271],[123.321,-10.338],[123.346,-10.305],[123.376,-10.308],[123.382,-10.337],[123.408,-10.335],[123.414,-10.313],[123.391,-10.292],[123.419,-10.296],[123.407,-10.268],[123.418,-10.259],[123.39,-10.207],[123.42,-10.208],[123.428,-10.23],[123.461,-10.195],[123.505,-10.178],[123.5,-10.157],[123.468,-10.161],[123.452,-10.114]]],[[[123.559,-10.088],[123.552,-10.088],[123.558,-10.094],[123.559,-10.088]]],[[[123.528,-10.209],[123.488,-10.224],[123.501,-10.273],[123.457,-10.356],[123.545,-10.327],[123.611,-10.37],[123.658,-10.349],[123.703,-10.366],[123.765,-10.347],[123.798,-10.355],[123.962,-10.276],[124.018,-10.273],[124.032,-10.247],[124.082,-10.217],[124.101,-10.179],[124.149,-10.158],[124.227,-10.154],[124.217,-10.129],[124.206,-10.132],[124.208,-10.086],[124.142,-10.023],[124.164,-10.017],[124.125,-9.975],[124.085,-9.964],[124.093,-9.808],[124.067,-9.758],[124.087,-9.735],[124.092,-9.697],[124.053,-9.652],[124.089,-9.62],[124.078,-9.586],[124.12,-9.552],[124.157,-9.557],[124.121,-9.472],[124.195,-9.504],[124.166,-9.455],[124.095,-9.417],[124.044,-9.336],[123.98,-9.352],[123.934,-9.421],[123.899,-9.429],[123.87,-9.475],[123.827,-9.495],[123.794,-9.491],[123.787,-9.541],[123.734,-9.566],[123.674,-9.628],[123.681,-9.743],[123.642,-9.773],[123.665,-9.801],[123.667,-9.853],[123.641,-9.894],[123.621,-9.89],[123.583,-9.916],[123.58,-10.018],[123.596,-10.044],[123.654,-10.009],[123.68,-10.02],[123.697,-10.01],[123.77,-10.042],[123.741,-10.098],[123.671,-10.127],[123.682,-10.151],[123.659,-10.157],[123.681,-10.175],[123.65,-10.188],[123.668,-10.226],[123.639,-10.217],[123.62,-10.231],[123.639,-10.244],[123.629,-10.284],[123.585,-10.288],[123.574,-10.217],[123.556,-10.227],[123.528,-10.209]]],[[[123.992,-9.258],[123.993,-9.254],[123.991,-9.255],[123.992,-9.258]]]]},"id":5303},{"type":"Feature","properties":{"code":6402},"geometry":{"type":"Polygon","coordinates":[[[115.756,-1.134],[115.847,-1.09],[115.899,-1.113],[115.962,-1.097],[116.051,-1.114],[116.093,-1.085],[116.108,-1.14],[116.139,-1.153],[116.181,-1.117],[116.219,-1.117],[116.255,-1.051],[116.312,-1.048],[116.361,-0.993],[116.438,-0.973],[116.52,-0.843],[116.498,-0.821],[116.521,-0.774],[116.444,-0.726],[116.35,-0.571],[116.332,-0.488],[116.304,-0.486],[116.317,-0.451],[116.277,-0.437],[116.32,-0.299],[116.254,-0.289],[116.186,-0.25],[116.071,-0.165],[115.982,-0.065],[115.973,-0.028],[116.027,0.036],[116.028,0.059],[115.923,0.138],[115.916,0.205],[115.896,0.212],[115.807,0.194],[115.802,0.166],[115.776,0.149],[115.685,0.156],[115.674,0.145],[115.472,0.137],[115.451,0.107],[115.441,0.041],[115.405,0.02],[115.374,0.031],[115.331,-0.024],[115.304,-0.036],[115.315,-0.1],[115.26,-0.156],[115.268,-0.189],[115.237,-0.236],[115.253,-0.3],[115.231,-0.294],[115.221,-0.306],[115.252,-0.411],[115.246,-0.451],[115.299,-0.497],[115.316,-0.546],[115.353,-0.583],[115.367,-0.749],[115.39,-0.82],[115.505,-0.855],[115.565,-0.933],[115.66,-1.0],[115.656,-1.056],[115.677,-1.066],[115.693,-1.052],[115.743,-1.095],[115.756,-1.134]]]},"id":6402},{"type":"Feature","properties":{"code":6403},"geometry":{"type":"MultiPolygon","coordinates":[[[[117.439,-0.882],[117.433,-0.876],[117.437,-0.884],[117.439,-0.882]]],[[[117.428,-0.874],[117.415,-0.871],[117.435,-0.891],[117.433,-0.876],[117.436,-0.871],[117.428,-0.874]]],[[[117.259,-0.855],[117.255,-0.881],[117.261,-0.886],[117.263,-0.866],[117.259,-0.855]]],[[[117.261,-0.855],[117.259,-0.85],[117.257,-0.852],[117.261,-0.855]]],[[[117.258,-0.85],[117.256,-0.847],[117.256,-0.852],[117.258,-0.85]]],[[[117.258,-0.845],[117.258,-0.841],[117.256,-0.844],[117.258,-0.845]]],[[[117.256,-0.843],[117.258,-0.841],[117.258,-0.839],[117.256,-0.843]]],[[[117.276,-0.831],[117.263,-0.829],[117.264,-0.856],[117.269,-0.85],[117.267,-0.883],[117.275,-0.887],[117.275,-0.844],[117.264,-0.844],[117.276,-0.831]]],[[[117.255,-0.828],[117.258,-0.828],[117.257,-0.824],[117.255,-0.828]]],[[[117.492,-0.837],[117.469,-0.811],[117.468,-0.829],[117.492,-0.837]]],[[[117.275,-0.809],[117.264,-0.817],[117.278,-0.833],[117.268,-0.844],[117.285,-0.827],[117.275,-0.809]]],[[[117.278,-0.808],[117.276,-0.809],[117.278,-0.81],[117.278,-0.808]]],[[[117.274,-0.803],[117.275,-0.808],[117.277,-0.803],[117.274,-0.803]]],[[[117.488,-0.821],[117.48,-0.808],[117.469,-0.802],[117.473,-0.811],[117.488,-0.821]]],[[[117.511,-0.81],[117.499,-0.8],[117.504,-0.81],[117.511,-0.81]]],[[[117.286,-0.795],[117.287,-0.825],[117.275,-0.855],[117.285,-0.876],[117.302,-0.848],[117.286,-0.795]]],[[[117.498,-0.797],[117.499,-0.795],[117.496,-0.793],[117.498,-0.797]]],[[[117.49,-0.779],[117.492,-0.777],[117.49,-0.778],[117.49,-0.779]]],[[[117.35,-0.772],[117.342,-0.767],[117.353,-0.781],[117.35,-0.772]]],[[[117.377,-0.768],[117.376,-0.767],[117.375,-0.768],[117.377,-0.768]]],[[[117.288,-0.792],[117.289,-0.781],[117.295,-0.771],[117.292,-0.763],[117.285,-0.781],[117.288,-0.792]]],[[[117.466,-0.807],[117.405,-0.753],[117.412,-0.784],[117.431,-0.781],[117.464,-0.82],[117.466,-0.807]]],[[[117.51,-0.766],[117.462,-0.743],[117.507,-0.804],[117.537,-0.813],[117.553,-0.802],[117.51,-0.771],[117.518,-0.785],[117.498,-0.779],[117.497,-0.772],[117.496,-0.784],[117.507,-0.789],[117.496,-0.785],[117.489,-0.779],[117.494,-0.761],[117.499,-0.778],[117.51,-0.766]]],[[[117.464,-0.75],[117.437,-0.746],[117.492,-0.802],[117.482,-0.772],[117.469,-0.771],[117.464,-0.75]]],[[[117.387,-0.739],[117.375,-0.754],[117.384,-0.757],[117.386,-0.759],[117.386,-0.771],[117.393,-0.769],[117.39,-0.745],[117.396,-0.774],[117.385,-0.771],[117.382,-0.757],[117.373,-0.778],[117.385,-0.774],[117.392,-0.776],[117.417,-0.836],[117.439,-0.816],[117.423,-0.792],[117.423,-0.813],[117.421,-0.815],[117.419,-0.813],[117.418,-0.807],[117.413,-0.811],[117.418,-0.807],[117.422,-0.814],[117.419,-0.794],[117.433,-0.788],[117.41,-0.786],[117.398,-0.751],[117.387,-0.739]]],[[[117.437,-0.74],[117.44,-0.742],[117.439,-0.738],[117.437,-0.74]]],[[[117.435,-0.736],[117.438,-0.738],[117.437,-0.736],[117.435,-0.736]]],[[[117.326,-0.73],[117.331,-0.737],[117.327,-0.726],[117.326,-0.73]]],[[[117.471,-0.714],[117.441,-0.707],[117.447,-0.712],[117.445,-0.717],[117.451,-0.719],[117.453,-0.723],[117.444,-0.74],[117.497,-0.748],[117.517,-0.773],[117.522,-0.764],[117.492,-0.743],[117.497,-0.736],[117.472,-0.741],[117.486,-0.72],[117.514,-0.739],[117.503,-0.748],[117.524,-0.763],[117.522,-0.775],[117.596,-0.785],[117.614,-0.768],[117.605,-0.726],[117.535,-0.729],[117.539,-0.742],[117.545,-0.741],[117.549,-0.741],[117.558,-0.739],[117.568,-0.746],[117.538,-0.743],[117.531,-0.731],[117.53,-0.749],[117.481,-0.71],[117.465,-0.707],[117.478,-0.716],[117.466,-0.719],[117.471,-0.724],[117.475,-0.735],[117.461,-0.729],[117.463,-0.719],[117.471,-0.714]]],[[[117.499,-0.702],[117.522,-0.704],[117.517,-0.697],[117.499,-0.702]]],[[[117.436,-0.734],[117.386,-0.694],[117.381,-0.718],[117.458,-0.783],[117.436,-0.753],[117.433,-0.738],[117.423,-0.74],[117.418,-0.735],[117.416,-0.738],[117.432,-0.756],[117.418,-0.745],[117.415,-0.737],[117.42,-0.73],[117.388,-0.715],[117.39,-0.702],[117.424,-0.73],[117.423,-0.738],[117.436,-0.734]]],[[[117.378,-0.705],[117.362,-0.694],[117.36,-0.685],[117.347,-0.686],[117.348,-0.693],[117.356,-0.695],[117.365,-0.705],[117.365,-0.719],[117.378,-0.705]]],[[[117.396,-0.688],[117.384,-0.681],[117.404,-0.7],[117.403,-0.698],[117.403,-0.696],[117.407,-0.695],[117.404,-0.689],[117.396,-0.688]]],[[[117.329,-0.767],[117.307,-0.676],[117.29,-0.728],[117.3,-0.772],[117.292,-0.798],[117.309,-0.839],[117.342,-0.834],[117.315,-0.799],[117.317,-0.734],[117.311,-0.731],[117.304,-0.719],[117.318,-0.732],[117.321,-0.742],[117.319,-0.798],[117.347,-0.823],[117.343,-0.839],[117.31,-0.857],[117.343,-0.913],[117.357,-0.881],[117.373,-0.894],[117.393,-0.876],[117.329,-0.767]]],[[[117.471,-0.706],[117.435,-0.662],[117.426,-0.682],[117.408,-0.677],[117.415,-0.693],[117.413,-0.696],[117.404,-0.698],[117.439,-0.731],[117.452,-0.722],[117.426,-0.7],[117.447,-0.698],[117.428,-0.696],[117.422,-0.686],[117.471,-0.706]]],[[[117.503,-0.665],[117.483,-0.65],[117.514,-0.68],[117.486,-0.682],[117.498,-0.675],[117.489,-0.66],[117.473,-0.685],[117.528,-0.689],[117.523,-0.66],[117.513,-0.665],[117.517,-0.665],[117.52,-0.669],[117.521,-0.67],[117.521,-0.672],[117.518,-0.673],[117.503,-0.665]]],[[[117.37,-0.666],[117.32,-0.633],[117.339,-0.658],[117.337,-0.662],[117.328,-0.667],[117.339,-0.669],[117.344,-0.676],[117.342,-0.661],[117.345,-0.676],[117.362,-0.685],[117.363,-0.694],[117.378,-0.692],[117.358,-0.676],[117.354,-0.666],[117.379,-0.686],[117.381,-0.704],[117.383,-0.693],[117.37,-0.666]]],[[[117.36,-0.646],[117.367,-0.644],[117.342,-0.628],[117.377,-0.671],[117.394,-0.686],[117.402,-0.686],[117.413,-0.695],[117.407,-0.677],[117.417,-0.665],[117.395,-0.678],[117.384,-0.663],[117.375,-0.663],[117.372,-0.661],[117.372,-0.659],[117.378,-0.65],[117.372,-0.66],[117.385,-0.662],[117.393,-0.671],[117.386,-0.651],[117.405,-0.66],[117.396,-0.649],[117.396,-0.648],[117.4,-0.643],[117.407,-0.659],[117.404,-0.661],[117.395,-0.66],[117.393,-0.664],[117.415,-0.661],[117.426,-0.68],[117.432,-0.657],[117.422,-0.657],[117.42,-0.646],[117.411,-0.648],[117.412,-0.638],[117.394,-0.63],[117.381,-0.634],[117.379,-0.634],[117.373,-0.63],[117.368,-0.653],[117.361,-0.65],[117.36,-0.648],[117.36,-0.646]]],[[[117.498,-0.626],[117.458,-0.631],[117.477,-0.664],[117.481,-0.638],[117.51,-0.663],[117.515,-0.643],[117.501,-0.642],[117.498,-0.626]]],[[[117.338,-0.659],[117.3,-0.614],[117.324,-0.717],[117.329,-0.691],[117.341,-0.694],[117.326,-0.707],[117.34,-0.736],[117.333,-0.757],[117.348,-0.769],[117.353,-0.775],[117.409,-0.884],[117.423,-0.88],[117.415,-0.871],[117.419,-0.864],[117.409,-0.872],[117.424,-0.853],[117.439,-0.874],[117.441,-0.892],[117.447,-0.888],[117.434,-0.844],[117.403,-0.837],[117.407,-0.856],[117.39,-0.835],[117.396,-0.823],[117.39,-0.835],[117.411,-0.838],[117.398,-0.803],[117.387,-0.818],[117.374,-0.81],[117.384,-0.795],[117.387,-0.817],[117.397,-0.801],[117.389,-0.776],[117.369,-0.794],[117.371,-0.749],[117.366,-0.758],[117.362,-0.754],[117.359,-0.76],[117.357,-0.759],[117.352,-0.76],[117.349,-0.759],[117.354,-0.766],[117.347,-0.762],[117.345,-0.752],[117.358,-0.758],[117.354,-0.756],[117.356,-0.748],[117.36,-0.745],[117.347,-0.741],[117.36,-0.741],[117.349,-0.731],[117.363,-0.729],[117.365,-0.756],[117.367,-0.746],[117.389,-0.736],[117.381,-0.725],[117.374,-0.743],[117.38,-0.724],[117.363,-0.719],[117.357,-0.709],[117.341,-0.72],[117.351,-0.709],[117.364,-0.705],[117.348,-0.699],[117.339,-0.67],[117.322,-0.677],[117.322,-0.667],[117.338,-0.659]]],[[[117.499,-0.614],[117.493,-0.611],[117.488,-0.601],[117.486,-0.61],[117.478,-0.618],[117.47,-0.62],[117.499,-0.622],[117.52,-0.643],[117.537,-0.624],[117.526,-0.653],[117.561,-0.649],[117.566,-0.621],[117.499,-0.614]]],[[[117.491,-0.596],[117.49,-0.595],[117.489,-0.596],[117.491,-0.596]]],[[[117.493,-0.602],[117.505,-0.61],[117.5,-0.593],[117.493,-0.602]]],[[[117.407,-0.593],[117.399,-0.593],[117.394,-0.605],[117.387,-0.606],[117.397,-0.61],[117.4,-0.604],[117.405,-0.603],[117.403,-0.598],[117.405,-0.597],[117.406,-0.597],[117.408,-0.602],[117.407,-0.593]]],[[[117.389,-0.602],[117.369,-0.602],[117.386,-0.608],[117.388,-0.614],[117.382,-0.615],[117.389,-0.62],[117.393,-0.613],[117.394,-0.623],[117.398,-0.616],[117.417,-0.614],[117.392,-0.61],[117.388,-0.608],[117.386,-0.604],[117.393,-0.605],[117.394,-0.597],[117.389,-0.602]]],[[[117.483,-0.594],[117.484,-0.59],[117.481,-0.591],[117.483,-0.594]]],[[[117.482,-0.596],[117.476,-0.608],[117.463,-0.595],[117.473,-0.607],[117.47,-0.619],[117.482,-0.596]]],[[[117.352,-0.585],[117.345,-0.586],[117.356,-0.585],[117.352,-0.585]]],[[[117.37,-0.601],[117.371,-0.589],[117.378,-0.585],[117.337,-0.6],[117.344,-0.613],[117.346,-0.606],[117.362,-0.604],[117.365,-0.614],[117.366,-0.604],[117.374,-0.606],[117.375,-0.608],[117.374,-0.61],[117.369,-0.613],[117.37,-0.616],[117.374,-0.618],[117.375,-0.622],[117.383,-0.619],[117.412,-0.636],[117.412,-0.647],[117.421,-0.645],[117.424,-0.656],[117.433,-0.654],[117.44,-0.659],[117.426,-0.646],[117.437,-0.64],[117.469,-0.68],[117.459,-0.635],[117.419,-0.638],[117.431,-0.623],[117.423,-0.63],[117.394,-0.623],[117.393,-0.614],[117.388,-0.62],[117.381,-0.615],[117.386,-0.608],[117.379,-0.612],[117.381,-0.607],[117.375,-0.607],[117.369,-0.602],[117.369,-0.602],[117.37,-0.601]]],[[[117.424,-0.592],[117.424,-0.584],[117.418,-0.598],[117.416,-0.597],[117.412,-0.592],[117.408,-0.602],[117.405,-0.598],[117.405,-0.603],[117.4,-0.604],[117.412,-0.606],[117.417,-0.614],[117.414,-0.619],[117.421,-0.629],[117.431,-0.621],[117.437,-0.631],[117.446,-0.608],[117.424,-0.617],[117.417,-0.607],[117.437,-0.609],[117.43,-0.602],[117.433,-0.595],[117.424,-0.592]]],[[[117.346,-0.589],[117.284,-0.583],[117.322,-0.628],[117.313,-0.607],[117.328,-0.63],[117.339,-0.634],[117.322,-0.613],[117.367,-0.643],[117.368,-0.652],[117.372,-0.631],[117.374,-0.63],[117.379,-0.633],[117.386,-0.631],[117.382,-0.62],[117.361,-0.631],[117.364,-0.616],[117.356,-0.624],[117.349,-0.623],[117.364,-0.615],[117.373,-0.62],[117.373,-0.619],[117.37,-0.617],[117.369,-0.613],[117.374,-0.608],[117.364,-0.614],[117.346,-0.606],[117.348,-0.611],[117.346,-0.612],[117.344,-0.613],[117.343,-0.613],[117.335,-0.597],[117.363,-0.587],[117.346,-0.589]]],[[[117.379,-0.575],[117.385,-0.572],[117.381,-0.573],[117.379,-0.575]]],[[[117.319,-0.574],[117.313,-0.569],[117.31,-0.571],[117.319,-0.574]]],[[[117.478,-0.564],[117.473,-0.549],[117.444,-0.565],[117.421,-0.565],[117.409,-0.581],[117.388,-0.587],[117.42,-0.565],[117.403,-0.568],[117.372,-0.59],[117.389,-0.601],[117.392,-0.595],[117.394,-0.596],[117.399,-0.593],[117.407,-0.591],[117.414,-0.592],[117.414,-0.586],[117.417,-0.597],[117.421,-0.578],[117.448,-0.609],[117.447,-0.628],[117.469,-0.623],[117.468,-0.618],[117.472,-0.607],[117.466,-0.605],[117.467,-0.613],[117.463,-0.615],[117.449,-0.599],[117.455,-0.594],[117.452,-0.59],[117.458,-0.578],[117.45,-0.584],[117.442,-0.576],[117.437,-0.583],[117.442,-0.576],[117.458,-0.577],[117.459,-0.582],[117.452,-0.59],[117.456,-0.594],[117.45,-0.599],[117.464,-0.614],[117.462,-0.584],[117.464,-0.58],[117.453,-0.567],[117.471,-0.568],[117.471,-0.598],[117.472,-0.574],[117.479,-0.568],[117.474,-0.565],[117.479,-0.568],[117.476,-0.572],[117.483,-0.571],[117.472,-0.589],[117.501,-0.589],[117.508,-0.572],[117.478,-0.564]]],[[[117.36,-0.583],[117.417,-0.553],[117.419,-0.547],[117.397,-0.545],[117.37,-0.569],[117.348,-0.575],[117.36,-0.583]]],[[[117.503,-0.533],[117.482,-0.527],[117.475,-0.543],[117.481,-0.527],[117.45,-0.535],[117.451,-0.547],[117.448,-0.534],[117.439,-0.561],[117.473,-0.548],[117.487,-0.562],[117.489,-0.56],[117.498,-0.556],[117.501,-0.552],[117.488,-0.554],[117.483,-0.542],[117.488,-0.554],[117.502,-0.542],[117.512,-0.54],[117.51,-0.538],[117.508,-0.54],[117.507,-0.539],[117.508,-0.534],[117.503,-0.533]]],[[[117.49,-0.521],[117.494,-0.52],[117.498,-0.517],[117.49,-0.521]]],[[[117.498,-0.518],[117.509,-0.509],[117.499,-0.515],[117.498,-0.518]]],[[[117.48,-0.51],[117.479,-0.508],[117.478,-0.509],[117.48,-0.51]]],[[[117.572,-0.509],[117.539,-0.509],[117.527,-0.532],[117.534,-0.544],[117.547,-0.527],[117.539,-0.555],[117.523,-0.528],[117.505,-0.526],[117.504,-0.533],[117.509,-0.534],[117.508,-0.539],[117.51,-0.538],[117.513,-0.539],[117.515,-0.549],[117.503,-0.542],[117.501,-0.554],[117.497,-0.557],[117.488,-0.561],[117.526,-0.564],[117.511,-0.571],[117.513,-0.602],[117.522,-0.601],[117.523,-0.586],[117.544,-0.571],[117.523,-0.599],[117.578,-0.577],[117.588,-0.517],[117.569,-0.513],[117.575,-0.536],[117.569,-0.523],[117.553,-0.531],[117.572,-0.509]]],[[[117.526,-0.53],[117.537,-0.509],[117.541,-0.505],[117.501,-0.522],[117.519,-0.526],[117.516,-0.516],[117.526,-0.53]]],[[[117.445,-0.508],[117.455,-0.5],[117.447,-0.504],[117.445,-0.508]]],[[[117.573,-0.504],[117.566,-0.495],[117.55,-0.503],[117.555,-0.506],[117.573,-0.504]]],[[[117.55,-0.44],[117.496,-0.472],[117.466,-0.499],[117.472,-0.513],[117.454,-0.526],[117.471,-0.512],[117.465,-0.499],[117.419,-0.531],[117.415,-0.538],[117.421,-0.548],[117.417,-0.56],[117.436,-0.563],[117.445,-0.562],[117.438,-0.561],[117.437,-0.547],[117.427,-0.552],[117.425,-0.548],[117.431,-0.549],[117.447,-0.534],[117.509,-0.507],[117.509,-0.502],[117.498,-0.508],[117.486,-0.5],[117.491,-0.512],[117.471,-0.52],[117.488,-0.49],[117.498,-0.506],[117.508,-0.5],[117.513,-0.506],[117.537,-0.496],[117.519,-0.494],[117.529,-0.482],[117.54,-0.493],[117.538,-0.487],[117.542,-0.477],[117.547,-0.474],[117.538,-0.497],[117.577,-0.486],[117.583,-0.481],[117.566,-0.488],[117.558,-0.478],[117.592,-0.476],[117.591,-0.464],[117.557,-0.47],[117.547,-0.468],[117.545,-0.471],[117.54,-0.47],[117.536,-0.471],[117.533,-0.47],[117.554,-0.457],[117.56,-0.461],[117.55,-0.44]]],[[[117.498,-0.454],[117.506,-0.451],[117.516,-0.436],[117.498,-0.454]]],[[[117.52,-0.437],[117.535,-0.42],[117.538,-0.41],[117.524,-0.422],[117.52,-0.437]]],[[[117.627,-0.425],[117.602,-0.406],[117.558,-0.432],[117.578,-0.441],[117.553,-0.437],[117.566,-0.452],[117.561,-0.462],[117.55,-0.465],[117.587,-0.463],[117.601,-0.444],[117.592,-0.475],[117.604,-0.477],[117.627,-0.425]]],[[[117.524,-0.35],[117.469,-0.418],[117.442,-0.5],[117.48,-0.481],[117.495,-0.456],[117.515,-0.434],[117.535,-0.398],[117.532,-0.386],[117.517,-0.401],[117.501,-0.402],[117.501,-0.432],[117.5,-0.4],[117.54,-0.374],[117.524,-0.35]]],[[[117.509,-0.35],[117.498,-0.351],[117.485,-0.386],[117.498,-0.377],[117.509,-0.35]]],[[[117.547,-0.35],[117.534,-0.344],[117.529,-0.346],[117.547,-0.35]]],[[[117.488,-0.328],[117.46,-0.346],[117.467,-0.375],[117.461,-0.387],[117.436,-0.381],[117.439,-0.389],[117.431,-0.413],[117.439,-0.423],[117.426,-0.433],[117.443,-0.435],[117.445,-0.441],[117.452,-0.439],[117.493,-0.346],[117.488,-0.328]]],[[[117.391,0.005],[117.391,0.004],[117.392,0.004],[117.391,0.005]]],[[[117.391,0.006],[117.39,0.005],[117.393,0.005],[117.391,0.006]]],[[[117.511,0.017],[117.368,0.02],[117.375,0.015],[117.373,0.01],[117.384,0.012],[117.393,0.006],[117.4,-0.011],[117.403,-0.009],[117.408,-0.01],[117.414,-0.017],[117.421,-0.014],[117.429,-0.022],[117.436,-0.016],[117.457,-0.054],[117.459,-0.051],[117.461,-0.053],[117.461,-0.051],[117.465,-0.053],[117.466,-0.05],[117.469,-0.053],[117.473,-0.046],[117.478,-0.048],[117.477,-0.043],[117.479,-0.04],[117.481,-0.045],[117.486,-0.038],[117.498,-0.041],[117.511,-0.029],[117.518,-0.031],[117.511,0.017]]],[[[117.022,-1.141],[117.064,-1.106],[117.17,-0.953],[117.248,-0.907],[117.253,-0.81],[117.18,-0.782],[117.257,-0.804],[117.263,-0.796],[117.25,-0.797],[117.264,-0.796],[117.265,-0.788],[117.266,-0.787],[117.269,-0.788],[117.27,-0.787],[117.271,-0.788],[117.272,-0.785],[117.27,-0.804],[117.281,-0.793],[117.286,-0.742],[117.303,-0.683],[117.286,-0.593],[117.231,-0.639],[117.227,-0.664],[117.193,-0.676],[117.181,-0.706],[117.138,-0.687],[117.129,-0.663],[117.142,-0.619],[117.093,-0.577],[117.075,-0.589],[117.047,-0.517],[117.059,-0.452],[117.13,-0.4],[117.144,-0.35],[117.207,-0.312],[117.238,-0.338],[117.244,-0.366],[117.279,-0.359],[117.302,-0.383],[117.262,-0.48],[117.268,-0.548],[117.24,-0.57],[117.309,-0.565],[117.35,-0.579],[117.347,-0.575],[117.369,-0.568],[117.393,-0.546],[117.412,-0.539],[117.425,-0.506],[117.415,-0.511],[117.408,-0.507],[117.395,-0.532],[117.398,-0.517],[117.407,-0.505],[117.416,-0.51],[117.419,-0.501],[117.425,-0.504],[117.431,-0.513],[117.455,-0.452],[117.424,-0.432],[117.437,-0.422],[117.43,-0.415],[117.428,-0.398],[117.435,-0.38],[117.458,-0.386],[117.464,-0.37],[117.452,-0.303],[117.417,-0.245],[117.419,-0.212],[117.437,-0.202],[117.432,-0.199],[117.431,-0.192],[117.424,-0.187],[117.424,-0.182],[117.426,-0.174],[117.431,-0.168],[117.443,-0.165],[117.448,-0.148],[117.451,-0.147],[117.445,-0.136],[117.446,-0.123],[117.453,-0.14],[117.452,-0.147],[117.448,-0.149],[117.444,-0.165],[117.427,-0.175],[117.439,-0.199],[117.436,-0.208],[117.422,-0.221],[117.426,-0.221],[117.442,-0.201],[117.469,-0.11],[117.446,-0.087],[117.47,-0.109],[117.476,-0.077],[117.515,-0.033],[117.511,-0.03],[117.504,-0.04],[117.494,-0.042],[117.486,-0.039],[117.487,-0.043],[117.469,-0.053],[117.466,-0.052],[117.466,-0.05],[117.465,-0.054],[117.461,-0.051],[117.462,-0.053],[117.459,-0.052],[117.458,-0.054],[117.455,-0.054],[117.435,-0.017],[117.429,-0.023],[117.421,-0.014],[117.414,-0.018],[117.408,-0.01],[117.405,-0.013],[117.403,-0.009],[117.4,-0.011],[117.397,-0.009],[117.373,0.01],[117.375,0.015],[117.368,0.02],[117.366,0.03],[117.339,0.033],[117.337,0.048],[117.286,0.032],[117.152,0.121],[117.18,0.323],[117.04,0.501],[116.992,0.613],[116.977,0.614],[116.95,0.596],[116.934,0.56],[116.947,0.521],[116.929,0.487],[116.944,0.375],[116.848,0.221],[116.739,0.094],[116.738,0.029],[116.715,0.016],[116.474,0.027],[116.493,0.224],[116.477,0.315],[116.453,0.354],[116.388,0.372],[116.284,0.448],[116.273,0.557],[116.299,0.587],[116.241,0.666],[116.232,0.703],[116.146,0.721],[116.138,0.756],[116.006,0.822],[116.039,0.886],[116.066,0.899],[116.042,0.946],[116.045,0.994],[116.069,1.033],[116.065,1.093],[116.131,1.111],[116.146,1.133],[116.129,1.188],[116.148,1.226],[116.127,1.277],[116.144,1.298],[116.158,1.386],[116.138,1.423],[116.141,1.477],[115.972,1.531],[115.954,1.49],[115.852,1.435],[115.855,1.402],[115.827,1.366],[115.812,1.379],[115.769,1.355],[115.757,1.326],[115.769,1.263],[115.708,1.262],[115.631,1.285],[115.502,1.256],[115.475,1.213],[115.52,1.103],[115.519,0.953],[115.465,0.834],[115.466,0.771],[115.587,0.634],[115.642,0.616],[115.653,0.603],[115.636,0.556],[115.781,0.425],[115.76,0.318],[115.788,0.3],[115.82,0.195],[115.916,0.205],[115.923,0.138],[116.028,0.059],[116.027,0.036],[115.973,-0.028],[115.982,-0.065],[116.071,-0.165],[116.186,-0.25],[116.254,-0.289],[116.32,-0.299],[116.277,-0.437],[116.317,-0.451],[116.304,-0.486],[116.332,-0.488],[116.35,-0.571],[116.444,-0.726],[116.521,-0.774],[116.498,-0.821],[116.505,-0.838],[116.543,-0.839],[116.63,-0.882],[116.684,-0.801],[116.892,-0.831],[116.884,-0.851],[116.955,-0.925],[116.842,-1.022],[116.837,-1.045],[116.902,-1.063],[116.929,-1.106],[117.022,-1.141]]]]},"id":6403},{"type":"Feature","properties":{"code":6404},"geometry":{"type":"MultiPolygon","coordinates":[[[[117.52,0.274],[117.524,0.275],[117.521,0.276],[117.52,0.274]]],[[[118.013,0.743],[117.996,0.732],[118.012,0.712],[118.022,0.724],[118.013,0.743]]],[[[118.487,0.765],[118.489,0.772],[118.482,0.769],[118.487,0.765]]],[[[118.038,0.776],[118.046,0.776],[118.041,0.782],[118.038,0.776]]],[[[118.762,0.803],[118.761,0.805],[118.761,0.803],[118.762,0.803]]],[[[118.776,0.805],[118.776,0.805],[118.777,0.804],[118.776,0.805]]],[[[118.78,0.804],[118.783,0.804],[118.782,0.806],[118.78,0.804]]],[[[118.718,0.817],[118.716,0.817],[118.716,0.815],[118.718,0.817]]],[[[118.027,0.89],[118.014,0.892],[118.027,0.881],[118.027,0.89]]],[[[118.92,0.903],[118.913,0.902],[118.914,0.898],[118.92,0.903]]],[[[118.928,0.909],[118.925,0.91],[118.926,0.908],[118.928,0.909]]],[[[118.009,0.903],[117.998,0.938],[117.992,0.931],[118.009,0.903]]],[[[117.997,0.973],[118.004,0.987],[117.998,0.99],[117.997,0.973]]],[[[117.977,1.016],[117.936,1.056],[117.983,0.976],[117.977,1.016]]],[[[117.913,1.094],[117.915,1.1],[117.907,1.108],[117.913,1.094]]],[[[116.184,1.84],[116.133,1.667],[116.073,1.651],[116.036,1.605],[116.04,1.559],[116.01,1.528],[116.141,1.477],[116.138,1.423],[116.158,1.386],[116.144,1.298],[116.127,1.277],[116.148,1.226],[116.129,1.188],[116.146,1.133],[116.131,1.111],[116.065,1.093],[116.069,1.033],[116.045,0.994],[116.042,0.946],[116.066,0.899],[116.039,0.886],[116.006,0.822],[116.138,0.756],[116.146,0.721],[116.232,0.703],[116.241,0.666],[116.299,0.587],[116.273,0.557],[116.284,0.448],[116.388,0.372],[116.453,0.354],[116.477,0.315],[116.493,0.224],[116.474,0.027],[116.495,0.02],[116.715,0.016],[116.738,0.029],[116.739,0.094],[116.848,0.221],[116.944,0.375],[116.929,0.487],[116.947,0.521],[116.934,0.56],[116.95,0.596],[116.977,0.614],[116.992,0.613],[117.04,0.501],[117.18,0.323],[117.152,0.121],[117.286,0.032],[117.337,0.048],[117.348,0.026],[117.389,0.022],[117.401,0.092],[117.43,0.11],[117.468,0.199],[117.528,0.221],[117.516,0.244],[117.53,0.257],[117.518,0.276],[117.534,0.287],[117.521,0.321],[117.541,0.317],[117.553,0.333],[117.566,0.391],[117.553,0.421],[117.583,0.404],[117.61,0.428],[117.604,0.487],[117.634,0.515],[117.673,0.615],[117.71,0.628],[117.711,0.697],[117.751,0.756],[117.825,0.803],[117.875,0.805],[117.875,0.824],[117.914,0.837],[117.922,0.806],[117.971,0.773],[118.029,0.78],[118.021,0.858],[117.977,0.93],[117.971,0.98],[117.931,1.053],[117.884,1.085],[117.901,1.112],[117.984,1.059],[117.99,1.0],[118.007,0.987],[118.008,0.959],[118.048,0.948],[118.064,0.903],[118.32,0.849],[118.342,0.837],[118.341,0.814],[118.368,0.803],[118.442,0.843],[118.546,0.808],[118.589,0.81],[118.63,0.85],[118.672,0.857],[118.707,0.832],[118.708,0.813],[118.725,0.823],[118.759,0.805],[118.794,0.812],[118.795,0.801],[118.829,0.827],[118.855,0.876],[118.892,0.874],[118.906,0.903],[118.964,0.942],[118.987,0.988],[118.984,1.03],[118.965,1.01],[118.892,1.028],[118.805,1.003],[118.759,1.107],[118.606,1.096],[118.584,1.113],[118.578,1.244],[118.56,1.249],[118.533,1.213],[118.46,1.277],[118.421,1.253],[118.403,1.28],[118.38,1.274],[118.35,1.185],[118.285,1.204],[118.211,1.26],[118.195,1.247],[118.206,1.201],[118.158,1.168],[118.033,1.188],[117.959,1.28],[117.854,1.345],[117.903,1.404],[117.913,1.493],[117.841,1.568],[117.829,1.624],[117.805,1.614],[117.787,1.574],[117.713,1.608],[117.718,1.68],[117.706,1.685],[117.647,1.598],[117.574,1.625],[117.552,1.612],[117.522,1.515],[117.491,1.513],[117.432,1.589],[117.384,1.604],[117.328,1.528],[117.343,1.476],[117.318,1.387],[117.163,1.305],[117.111,1.372],[117.099,1.351],[116.99,1.353],[116.998,1.389],[116.963,1.417],[116.99,1.476],[116.989,1.533],[116.923,1.579],[116.86,1.594],[116.797,1.58],[116.756,1.621],[116.603,1.611],[116.544,1.588],[116.531,1.663],[116.504,1.675],[116.476,1.724],[116.443,1.724],[116.426,1.707],[116.398,1.72],[116.392,1.755],[116.354,1.761],[116.349,1.803],[116.315,1.829],[116.184,1.84]]]]},"id":6404},{"type":"Feature","properties":{"code":1207},"geometry":{"type":"MultiPolygon","coordinates":[[[[100.124,2.549],[100.123,2.574],[100.107,2.631],[100.114,2.554],[100.124,2.549]]],[[[100.322,2.544],[100.234,2.642],[100.22,2.704],[100.19,2.712],[100.13,2.677],[100.121,2.619],[100.136,2.543],[100.113,2.545],[100.091,2.617],[100.088,2.711],[100.048,2.741],[100.074,2.544],[99.933,2.262],[99.963,2.202],[99.898,2.181],[99.773,2.181],[99.766,2.137],[99.73,2.115],[99.717,2.086],[99.671,2.068],[99.663,2.046],[99.683,2.036],[99.69,2.001],[99.677,1.937],[99.704,1.929],[99.746,2.003],[99.791,2.024],[99.846,2.016],[99.828,1.993],[99.841,1.979],[99.834,1.914],[99.808,1.903],[99.839,1.799],[99.859,1.815],[99.856,1.905],[99.893,1.951],[99.94,1.971],[99.978,1.961],[100.0,1.982],[100.002,1.935],[100.039,1.944],[100.058,1.985],[100.014,1.999],[100.044,2.03],[100.044,2.085],[100.095,2.108],[100.135,2.19],[100.21,2.193],[100.213,2.209],[100.365,2.21],[100.3,2.34],[100.295,2.428],[100.322,2.544]]]]},"id":1207},{"type":"Feature","properties":{"code":1222},"geometry":{"type":"Polygon","coordinates":[[[99.839,1.799],[99.745,1.829],[99.695,1.805],[99.702,1.762],[99.733,1.724],[99.816,1.672],[99.846,1.636],[99.9,1.717],[99.913,1.714],[99.954,1.624],[100.002,1.64],[100.049,1.72],[100.076,1.721],[100.172,1.595],[100.31,1.51],[100.323,1.459],[100.413,1.465],[100.425,1.502],[100.403,1.585],[100.412,1.661],[100.407,1.672],[100.32,1.68],[100.352,1.737],[100.353,1.782],[100.296,1.791],[100.277,1.813],[100.281,1.865],[100.311,1.892],[100.315,2.052],[100.363,2.168],[100.365,2.21],[100.213,2.209],[100.21,2.193],[100.135,2.19],[100.095,2.108],[100.044,2.085],[100.044,2.03],[100.014,1.999],[100.058,1.985],[100.039,1.944],[100.002,1.935],[100.0,1.982],[99.978,1.961],[99.94,1.971],[99.893,1.951],[99.856,1.905],[99.859,1.815],[99.839,1.799]]]},"id":1222},{"type":"Feature","properties":{"code":1223},"geometry":{"type":"MultiPolygon","coordinates":[[[[100.044,2.759],[100.027,2.767],[100.019,2.747],[100.044,2.759]]],[[[99.5,2.585],[99.452,2.54],[99.449,2.498],[99.419,2.459],[99.503,2.395],[99.519,2.399],[99.509,2.414],[99.524,2.46],[99.519,2.351],[99.582,2.328],[99.585,2.314],[99.548,2.306],[99.536,2.248],[99.482,2.242],[99.417,2.213],[99.393,2.166],[99.435,2.123],[99.512,2.122],[99.522,2.091],[99.55,2.078],[99.565,2.029],[99.624,1.997],[99.616,2.041],[99.654,2.029],[99.671,2.068],[99.717,2.086],[99.73,2.115],[99.766,2.137],[99.773,2.181],[99.898,2.181],[99.963,2.202],[99.933,2.262],[100.074,2.544],[100.048,2.741],[99.997,2.725],[99.975,2.74],[99.993,2.782],[99.987,2.855],[99.703,2.59],[99.608,2.575],[99.569,2.585],[99.555,2.606],[99.5,2.585]]]]},"id":1223},{"type":"Feature","properties":{"code":1604},"geometry":{"type":"MultiPolygon","coordinates":[[[[103.18,-4.236],[103.18,-4.147],[103.121,-4.015],[103.009,-4.015],[102.956,-4.056],[102.916,-4.056],[102.919,-4.096],[103.061,-4.196],[103.051,-4.219],[103.075,-4.262],[103.18,-4.236]]],[[[103.121,-4.015],[103.22,-3.987],[103.286,-4.006],[103.282,-4.042],[103.328,-4.043],[103.357,-3.998],[103.415,-3.984],[103.395,-4.063],[103.359,-4.098],[103.362,-4.157],[103.33,-4.186],[103.309,-4.251],[103.438,-4.17],[103.466,-4.099],[103.496,-4.129],[103.512,-4.107],[103.553,-4.12],[103.591,-4.047],[103.595,-3.997],[103.644,-3.965],[103.631,-3.942],[103.703,-3.901],[103.724,-3.764],[103.762,-3.738],[103.733,-3.691],[103.767,-3.687],[103.765,-3.66],[103.74,-3.647],[103.767,-3.631],[103.756,-3.605],[103.771,-3.582],[103.729,-3.575],[103.628,-3.512],[103.574,-3.549],[103.538,-3.547],[103.538,-3.593],[103.515,-3.597],[103.492,-3.51],[103.445,-3.509],[103.418,-3.529],[103.374,-3.534],[103.337,-3.53],[103.317,-3.51],[103.183,-3.495],[103.125,-3.603],[103.127,-3.652],[103.157,-3.674],[103.145,-3.75],[103.171,-3.8],[103.107,-3.881],[103.108,-3.919],[103.128,-3.946],[103.143,-3.944],[103.121,-4.015]]]]},"id":1604},{"type":"Feature","properties":{"code":6207},"geometry":{"type":"Polygon","coordinates":[[[111.066,-2.117],[111.156,-2.055],[111.178,-2.056],[111.222,-2.12],[111.292,-2.148],[111.355,-2.152],[111.363,-2.187],[111.386,-2.197],[111.381,-2.28],[111.407,-2.301],[111.56,-2.319],[111.602,-2.305],[111.606,-2.234],[111.629,-2.193],[111.667,-2.177],[111.711,-2.128],[111.791,-1.971],[111.819,-1.873],[111.821,-1.739],[111.796,-1.562],[111.623,-1.42],[111.469,-1.407],[111.394,-1.326],[111.332,-1.334],[111.324,-1.365],[111.259,-1.416],[111.147,-1.441],[111.128,-1.473],[111.118,-1.552],[111.074,-1.559],[111.059,-1.535],[111.013,-1.562],[110.978,-1.539],[110.951,-1.579],[110.899,-1.591],[110.853,-1.636],[110.855,-1.673],[110.886,-1.681],[110.916,-1.72],[110.942,-1.71],[110.974,-1.669],[111.004,-1.7],[111.013,-1.777],[110.978,-1.837],[110.974,-1.878],[110.996,-1.909],[110.979,-1.95],[111.017,-1.956],[111.053,-1.989],[111.056,-2.012],[111.09,-2.016],[111.083,-2.045],[111.058,-2.063],[111.066,-2.117]]]},"id":6207},{"type":"Feature","properties":{"code":3524},"geometry":{"type":"MultiPolygon","coordinates":[[[[112.447,-6.877],[112.454,-6.879],[112.446,-6.874],[112.447,-6.877]]],[[[112.081,-7.382],[112.211,-7.348],[112.253,-7.363],[112.337,-7.35],[112.408,-7.305],[112.412,-7.273],[112.397,-7.264],[112.418,-7.232],[112.502,-7.192],[112.502,-7.166],[112.47,-7.159],[112.476,-7.125],[112.496,-7.127],[112.501,-7.106],[112.535,-7.096],[112.552,-7.05],[112.519,-7.047],[112.496,-7.028],[112.508,-7.013],[112.481,-7.002],[112.449,-7.016],[112.45,-7.001],[112.366,-6.991],[112.374,-6.958],[112.424,-6.948],[112.438,-6.871],[112.288,-6.865],[112.268,-6.879],[112.216,-6.874],[112.17,-6.897],[112.203,-6.921],[112.214,-7.009],[112.203,-7.029],[112.221,-7.037],[112.219,-7.066],[112.189,-7.084],[112.179,-7.075],[112.178,-7.097],[112.154,-7.11],[112.165,-7.117],[112.151,-7.157],[112.118,-7.212],[112.087,-7.229],[112.09,-7.304],[112.072,-7.333],[112.089,-7.358],[112.081,-7.382]]]]},"id":3524},{"type":"Feature","properties":{"code":1801},"geometry":{"type":"Polygon","coordinates":[[[103.874,-4.884],[103.863,-4.844],[103.823,-4.82],[103.825,-4.8],[103.78,-4.795],[103.767,-4.772],[103.601,-4.867],[103.571,-4.926],[103.649,-4.936],[103.676,-4.911],[103.711,-4.904],[103.751,-4.918],[103.772,-4.944],[103.793,-4.935],[103.792,-4.9],[103.817,-4.875],[103.82,-4.906],[103.872,-4.964],[103.94,-4.977],[104.012,-5.024],[104.016,-5.093],[104.058,-5.092],[104.086,-5.115],[104.083,-5.141],[104.13,-5.181],[104.222,-5.219],[104.348,-5.381],[104.381,-5.329],[104.405,-5.168],[104.439,-5.174],[104.58,-5.057],[104.569,-5.023],[104.498,-5.016],[104.498,-4.943],[104.479,-4.932],[104.441,-4.944],[104.41,-4.865],[104.34,-4.864],[104.313,-4.883],[104.286,-4.855],[104.244,-4.881],[104.217,-4.858],[104.194,-4.862],[104.152,-4.925],[104.088,-4.916],[104.057,-4.89],[104.013,-4.907],[103.959,-4.91],[103.943,-4.897],[103.914,-4.914],[103.915,-4.96],[103.885,-4.927],[103.852,-4.923],[103.874,-4.884]]]},"id":1801},{"type":"Feature","properties":{"code":1803},"geometry":{"type":"MultiPolygon","coordinates":[[[[105.457,-6.135],[105.42,-6.141],[105.419,-6.155],[105.453,-6.167],[105.457,-6.135]]],[[[105.415,-6.1],[105.435,-6.103],[105.422,-6.09],[105.415,-6.1]]],[[[105.451,-6.08],[105.45,-6.106],[105.454,-6.109],[105.465,-6.087],[105.451,-6.08]]],[[[105.362,-6.112],[105.396,-6.09],[105.403,-6.073],[105.376,-6.085],[105.362,-6.112]]],[[[105.501,-5.923],[105.467,-5.936],[105.467,-5.964],[105.506,-5.963],[105.516,-5.94],[105.501,-5.923]]],[[[105.736,-5.888],[105.74,-5.888],[105.737,-5.886],[105.736,-5.888]]],[[[105.788,-5.891],[105.778,-5.883],[105.775,-5.885],[105.788,-5.891]]],[[[105.451,-5.885],[105.457,-5.884],[105.452,-5.879],[105.451,-5.885]]],[[[105.768,-5.883],[105.756,-5.883],[105.749,-5.901],[105.756,-5.899],[105.768,-5.883]]],[[[105.542,-5.884],[105.538,-5.879],[105.538,-5.883],[105.542,-5.884]]],[[[105.768,-5.882],[105.772,-5.878],[105.768,-5.878],[105.768,-5.882]]],[[[105.77,-5.874],[105.773,-5.873],[105.772,-5.872],[105.77,-5.874]]],[[[105.766,-5.872],[105.769,-5.873],[105.769,-5.871],[105.766,-5.872]]],[[[105.792,-5.849],[105.773,-5.861],[105.785,-5.869],[105.792,-5.849]]],[[[105.534,-5.849],[105.491,-5.877],[105.504,-5.903],[105.529,-5.894],[105.543,-5.866],[105.529,-5.861],[105.534,-5.849]]],[[[105.792,-5.846],[105.795,-5.845],[105.794,-5.844],[105.792,-5.846]]],[[[105.776,-5.846],[105.777,-5.844],[105.775,-5.845],[105.776,-5.846]]],[[[105.364,-5.548],[105.363,-5.547],[105.36,-5.548],[105.364,-5.548]]],[[[105.355,-5.546],[105.352,-5.546],[105.353,-5.548],[105.355,-5.546]]],[[[105.36,-5.544],[105.356,-5.545],[105.36,-5.546],[105.36,-5.544]]],[[[105.347,-5.521],[105.364,-5.54],[105.38,-5.584],[105.411,-5.624],[105.469,-5.647],[105.522,-5.696],[105.535,-5.671],[105.561,-5.67],[105.554,-5.699],[105.589,-5.736],[105.584,-5.806],[105.614,-5.835],[105.704,-5.848],[105.714,-5.905],[105.729,-5.899],[105.737,-5.881],[105.779,-5.836],[105.782,-5.808],[105.799,-5.795],[105.792,-5.716],[105.827,-5.581],[105.805,-5.582],[105.793,-5.613],[105.774,-5.621],[105.748,-5.588],[105.726,-5.615],[105.702,-5.598],[105.671,-5.609],[105.658,-5.563],[105.632,-5.553],[105.631,-5.498],[105.582,-5.487],[105.586,-5.448],[105.541,-5.451],[105.521,-5.475],[105.533,-5.348],[105.519,-5.325],[105.484,-5.289],[105.465,-5.307],[105.417,-5.313],[105.414,-5.28],[105.455,-5.278],[105.457,-5.243],[105.428,-5.246],[105.434,-5.231],[105.398,-5.226],[105.42,-5.211],[105.368,-5.213],[105.346,-5.24],[105.326,-5.207],[105.3,-5.229],[105.271,-5.176],[105.202,-5.18],[105.161,-5.214],[105.176,-5.277],[105.141,-5.258],[105.108,-5.311],[105.177,-5.327],[105.219,-5.365],[105.253,-5.335],[105.267,-5.355],[105.294,-5.348],[105.286,-5.361],[105.305,-5.358],[105.342,-5.419],[105.327,-5.451],[105.359,-5.514],[105.347,-5.521]]]]},"id":1803},{"type":"Feature","properties":{"code":1805},"geometry":{"type":"Polygon","coordinates":[[[105.306,-5.057],[105.366,-5.026],[105.363,-5.011],[105.323,-5.006],[105.345,-4.964],[105.414,-4.967],[105.399,-4.928],[105.431,-4.891],[105.453,-4.904],[105.554,-4.872],[105.59,-4.882],[105.605,-4.851],[105.637,-4.851],[105.649,-4.793],[105.678,-4.782],[105.682,-4.747],[105.698,-4.739],[105.737,-4.745],[105.758,-4.731],[105.812,-4.75],[105.816,-4.649],[105.804,-4.653],[105.779,-4.622],[105.778,-4.605],[105.804,-4.584],[105.792,-4.551],[105.771,-4.552],[105.771,-4.529],[105.713,-4.531],[105.681,-4.485],[105.646,-4.508],[105.643,-4.481],[105.627,-4.486],[105.62,-4.517],[105.589,-4.514],[105.581,-4.535],[105.571,-4.519],[105.534,-4.52],[105.492,-4.482],[105.412,-4.518],[105.379,-4.516],[105.261,-4.635],[105.228,-4.643],[105.208,-4.634],[105.21,-4.61],[105.178,-4.617],[105.182,-4.638],[105.155,-4.677],[105.138,-4.679],[105.143,-4.704],[105.106,-4.798],[105.053,-4.872],[105.042,-4.945],[105.005,-4.955],[104.965,-4.912],[104.932,-4.919],[104.902,-4.984],[104.855,-5.001],[104.871,-4.97],[104.82,-4.988],[104.781,-5.012],[104.782,-5.041],[104.768,-5.033],[104.712,-5.069],[104.697,-5.063],[104.682,-5.084],[104.636,-5.088],[104.607,-5.084],[104.58,-5.057],[104.532,-5.107],[104.56,-5.113],[104.585,-5.148],[104.637,-5.15],[104.668,-5.172],[104.699,-5.167],[104.724,-5.134],[104.782,-5.141],[104.794,-5.17],[104.913,-5.267],[105.029,-5.223],[105.076,-5.159],[105.083,-5.124],[105.086,-5.143],[105.1,-5.136],[105.094,-5.165],[105.147,-5.156],[105.179,-5.12],[105.244,-5.182],[105.276,-5.179],[105.275,-5.16],[105.262,-5.158],[105.29,-5.108],[105.269,-5.096],[105.306,-5.057]]]},"id":1805},{"type":"Feature","properties":{"code":1804},"geometry":{"type":"MultiPolygon","coordinates":[[[[106.108,-5.172],[106.11,-5.166],[106.107,-5.17],[106.108,-5.172]]],[[[106.111,-5.156],[106.11,-5.153],[106.109,-5.156],[106.111,-5.156]]],[[[105.276,-5.179],[105.3,-5.229],[105.326,-5.207],[105.346,-5.24],[105.368,-5.213],[105.42,-5.211],[105.398,-5.226],[105.434,-5.231],[105.428,-5.246],[105.457,-5.243],[105.455,-5.278],[105.414,-5.28],[105.417,-5.313],[105.465,-5.307],[105.484,-5.289],[105.519,-5.325],[105.533,-5.348],[105.521,-5.475],[105.541,-5.451],[105.586,-5.448],[105.582,-5.487],[105.631,-5.498],[105.632,-5.553],[105.658,-5.563],[105.671,-5.609],[105.702,-5.598],[105.726,-5.615],[105.748,-5.588],[105.764,-5.618],[105.793,-5.613],[105.79,-5.599],[105.82,-5.57],[105.82,-5.321],[105.863,-5.257],[105.865,-4.993],[105.902,-4.937],[105.863,-4.838],[105.863,-4.767],[105.882,-4.702],[105.875,-4.683],[105.851,-4.674],[105.855,-4.631],[105.832,-4.621],[105.816,-4.649],[105.812,-4.75],[105.758,-4.731],[105.737,-4.745],[105.72,-4.735],[105.683,-4.745],[105.678,-4.782],[105.649,-4.793],[105.637,-4.851],[105.605,-4.851],[105.59,-4.882],[105.554,-4.872],[105.453,-4.904],[105.431,-4.891],[105.399,-4.928],[105.414,-4.967],[105.345,-4.964],[105.323,-5.006],[105.363,-5.011],[105.365,-5.028],[105.31,-5.068],[105.358,-5.067],[105.332,-5.09],[105.348,-5.103],[105.323,-5.128],[105.33,-5.168],[105.276,-5.179]]]]},"id":1804},{"type":"Feature","properties":{"code":1806},"geometry":{"type":"Polygon","coordinates":[[[104.569,-5.023],[104.607,-5.084],[104.682,-5.084],[104.697,-5.063],[104.712,-5.069],[104.768,-5.033],[104.782,-5.041],[104.781,-5.012],[104.82,-4.988],[104.871,-4.97],[104.855,-5.001],[104.902,-4.984],[104.932,-4.919],[104.965,-4.912],[105.005,-4.955],[105.042,-4.945],[105.053,-4.872],[105.106,-4.798],[105.126,-4.727],[105.069,-4.708],[105.034,-4.668],[104.999,-4.659],[104.993,-4.581],[104.967,-4.527],[104.906,-4.552],[104.874,-4.543],[104.813,-4.584],[104.695,-4.555],[104.698,-4.596],[104.644,-4.632],[104.606,-4.681],[104.63,-4.702],[104.617,-4.717],[104.645,-4.752],[104.621,-4.821],[104.55,-4.83],[104.547,-4.865],[104.5,-4.954],[104.498,-5.016],[104.569,-5.023]]]},"id":1806},{"type":"Feature","properties":{"code":6103},"geometry":{"type":"Polygon","coordinates":[[[109.143,0.684],[109.212,0.642],[109.26,0.645],[109.289,0.606],[109.246,0.551],[109.223,0.468],[109.241,0.472],[109.292,0.429],[109.322,0.362],[109.263,0.336],[109.235,0.341],[109.236,0.319],[109.216,0.321],[109.2,0.29],[109.259,0.263],[109.446,0.254],[109.494,0.229],[109.487,0.166],[109.511,0.117],[109.495,0.09],[109.522,0.038],[109.502,-0.031],[109.548,-0.01],[109.543,0.0],[109.562,0.001],[109.562,-0.013],[109.58,-0.004],[109.57,0.007],[109.589,0.021],[109.572,0.038],[109.592,0.039],[109.593,0.024],[109.604,0.035],[109.612,0.019],[109.614,0.035],[109.62,0.023],[109.635,0.033],[109.633,0.049],[109.664,0.042],[109.656,0.056],[109.67,0.072],[109.673,0.056],[109.749,0.092],[109.768,0.077],[109.794,0.09],[109.869,0.085],[109.912,0.107],[109.95,0.165],[110.013,0.168],[110.053,0.215],[110.132,0.218],[110.142,0.267],[110.132,0.318],[110.151,0.375],[110.188,0.382],[110.212,0.418],[110.159,0.45],[110.187,0.485],[110.207,0.483],[110.2,0.526],[110.252,0.545],[110.263,0.585],[110.235,0.583],[110.223,0.6],[110.239,0.724],[110.195,0.758],[110.178,0.822],[110.197,0.844],[110.244,0.847],[110.265,0.867],[110.202,0.926],[110.225,0.963],[110.201,1.0],[110.054,1.037],[110.037,1.019],[109.961,1.03],[109.925,1.052],[109.91,1.033],[109.929,1.01],[109.926,0.965],[109.908,0.935],[109.858,0.905],[109.85,0.871],[109.809,0.846],[109.695,0.847],[109.662,0.749],[109.532,0.711],[109.476,0.777],[109.407,0.73],[109.35,0.765],[109.291,0.711],[109.265,0.75],[109.249,0.729],[109.215,0.727],[109.192,0.7],[109.143,0.684]]]},"id":6103},{"type":"Feature","properties":{"code":1213},"geometry":{"type":"MultiPolygon","coordinates":[[[[98.64,3.916],[98.64,3.914],[98.643,3.914],[98.64,3.916]]],[[[98.588,3.927],[98.586,3.926],[98.589,3.926],[98.588,3.927]]],[[[98.584,3.929],[98.585,3.933],[98.585,3.935],[98.584,3.929]]],[[[98.568,3.939],[98.568,3.949],[98.56,3.94],[98.568,3.939]]],[[[98.198,4.114],[98.201,4.116],[98.199,4.118],[98.198,4.114]]],[[[98.179,4.127],[98.18,4.129],[98.179,4.126],[98.179,4.127]]],[[[98.203,4.119],[98.192,4.128],[98.184,4.114],[98.199,4.12],[98.203,4.119]]],[[[98.205,4.131],[98.205,4.133],[98.204,4.131],[98.205,4.131]]],[[[98.192,4.132],[98.192,4.134],[98.188,4.128],[98.192,4.132]]],[[[98.186,4.135],[98.181,4.132],[98.181,4.13],[98.186,4.135]]],[[[98.203,4.131],[98.2,4.136],[98.196,4.131],[98.203,4.131]]],[[[98.203,4.139],[98.203,4.14],[98.2,4.137],[98.203,4.139]]],[[[98.184,4.142],[98.18,4.133],[98.185,4.137],[98.184,4.142]]],[[[98.272,4.171],[98.243,4.175],[98.232,4.147],[98.256,4.132],[98.271,4.141],[98.272,4.171]]],[[[97.915,3.885],[97.922,3.845],[97.909,3.818],[97.8,3.722],[97.871,3.612],[97.868,3.571],[97.904,3.556],[97.921,3.498],[97.959,3.481],[97.921,3.422],[97.897,3.415],[97.909,3.389],[97.947,3.393],[98.001,3.369],[98.055,3.315],[98.099,3.314],[98.124,3.265],[98.217,3.283],[98.258,3.249],[98.287,3.254],[98.297,3.228],[98.34,3.219],[98.366,3.245],[98.355,3.287],[98.399,3.249],[98.431,3.235],[98.447,3.248],[98.465,3.23],[98.47,3.277],[98.509,3.308],[98.495,3.39],[98.524,3.522],[98.5,3.569],[98.475,3.556],[98.477,3.528],[98.445,3.537],[98.46,3.594],[98.44,3.608],[98.473,3.616],[98.474,3.635],[98.446,3.655],[98.472,3.647],[98.501,3.668],[98.506,3.737],[98.531,3.786],[98.583,3.834],[98.6,3.834],[98.601,3.868],[98.661,3.912],[98.604,3.914],[98.56,3.938],[98.542,4.011],[98.431,4.04],[98.391,4.075],[98.31,4.073],[98.298,4.106],[98.249,4.13],[98.211,4.124],[98.199,4.107],[98.184,4.109],[98.153,4.079],[98.177,4.144],[98.161,4.154],[98.254,4.201],[98.252,4.289],[98.191,4.301],[98.154,4.287],[98.143,4.259],[98.07,4.25],[98.092,4.207],[98.06,4.187],[98.071,4.142],[98.047,4.119],[98.033,4.057],[98.046,4.024],[98.025,4.016],[98.03,3.981],[97.957,3.928],[97.951,3.889],[97.915,3.885]]]]},"id":1213},{"type":"Feature","properties":{"code":9703},"geometry":{"type":"Polygon","coordinates":[[[138.601,-3.845],[138.609,-3.722],[138.505,-3.725],[138.406,-3.753],[138.393,-3.783],[138.304,-3.772],[138.269,-3.813],[138.185,-3.838],[138.05,-3.833],[137.978,-3.851],[137.951,-3.866],[137.937,-3.961],[137.813,-3.979],[137.714,-4.057],[137.678,-4.172],[137.815,-4.131],[137.865,-4.155],[138.124,-4.134],[138.237,-4.154],[138.294,-4.188],[138.581,-4.183],[138.677,-3.968],[138.728,-3.911],[138.708,-3.887],[138.717,-3.848],[138.601,-3.845]]]},"id":9703},{"type":"Feature","properties":{"code":3602},"geometry":{"type":"Polygon","coordinates":[[[106.426,-6.348],[106.395,-6.329],[106.318,-6.335],[106.276,-6.301],[106.259,-6.31],[106.245,-6.297],[106.225,-6.312],[106.211,-6.29],[106.157,-6.296],[106.151,-6.325],[106.13,-6.327],[106.112,-6.419],[106.094,-6.427],[106.066,-6.408],[106.025,-6.431],[105.983,-6.504],[105.985,-6.54],[105.933,-6.601],[105.938,-6.687],[105.917,-6.719],[105.891,-6.706],[105.884,-6.764],[105.862,-6.781],[105.877,-6.794],[105.869,-6.81],[105.888,-6.82],[105.879,-6.843],[105.9,-6.842],[105.895,-6.825],[105.923,-6.814],[106.029,-6.819],[106.106,-6.882],[106.238,-6.932],[106.242,-6.958],[106.301,-6.978],[106.306,-6.995],[106.393,-6.985],[106.392,-6.9],[106.431,-6.862],[106.436,-6.819],[106.525,-6.768],[106.466,-6.75],[106.429,-6.682],[106.43,-6.59],[106.403,-6.516],[106.412,-6.483],[106.401,-6.452],[106.439,-6.45],[106.454,-6.426],[106.426,-6.348]]]},"id":3602},{"type":"Feature","properties":{"code":1707},"geometry":{"type":"Polygon","coordinates":[[[102.376,-3.382],[102.386,-3.357],[102.441,-3.347],[102.448,-3.32],[102.5,-3.315],[102.486,-3.283],[102.505,-3.215],[102.487,-3.204],[102.488,-3.108],[102.435,-3.055],[102.389,-3.044],[102.32,-3.069],[102.283,-3.038],[102.256,-3.036],[102.225,-2.928],[102.133,-2.876],[102.13,-2.836],[102.072,-2.793],[102.068,-2.767],[101.99,-2.723],[101.928,-2.731],[101.928,-2.757],[101.964,-2.815],[102.007,-2.852],[102.041,-2.973],[102.083,-2.998],[102.138,-3.07],[102.126,-3.173],[102.169,-3.208],[102.16,-3.226],[102.206,-3.221],[102.289,-3.28],[102.298,-3.321],[102.275,-3.361],[102.376,-3.382]]]},"id":1707},{"type":"Feature","properties":{"code":5308},"geometry":{"type":"Polygon","coordinates":[[[123.854,-8.224],[123.782,-8.167],[123.726,-8.213],[123.698,-8.214],[123.713,-8.237],[123.692,-8.254],[123.644,-8.247],[123.657,-8.247],[123.66,-8.228],[123.645,-8.214],[123.604,-8.216],[123.636,-8.283],[123.599,-8.315],[123.604,-8.286],[123.575,-8.284],[123.576,-8.31],[123.599,-8.326],[123.553,-8.365],[123.517,-8.348],[123.5,-8.357],[123.497,-8.335],[123.544,-8.283],[123.56,-8.236],[123.495,-8.239],[123.459,-8.268],[123.407,-8.25],[123.384,-8.26],[123.347,-8.304],[123.415,-8.288],[123.473,-8.334],[123.432,-8.365],[123.392,-8.368],[123.336,-8.398],[123.29,-8.462],[123.207,-8.514],[123.212,-8.532],[123.226,-8.531],[123.219,-8.547],[123.291,-8.546],[123.318,-8.523],[123.393,-8.583],[123.424,-8.573],[123.447,-8.531],[123.492,-8.512],[123.508,-8.519],[123.518,-8.559],[123.549,-8.566],[123.588,-8.525],[123.553,-8.465],[123.567,-8.451],[123.628,-8.4],[123.652,-8.403],[123.652,-8.425],[123.693,-8.408],[123.753,-8.298],[123.787,-8.272],[123.837,-8.28],[123.924,-8.244],[123.904,-8.21],[123.868,-8.209],[123.854,-8.224]]]},"id":5308},{"type":"Feature","properties":{"code":1308},"geometry":{"type":"Polygon","coordinates":[[[100.535,-0.28],[100.579,-0.288],[100.608,-0.352],[100.661,-0.349],[100.673,-0.324],[100.754,-0.366],[100.777,-0.346],[100.843,-0.344],[100.837,-0.289],[100.806,-0.271],[100.801,-0.243],[100.763,-0.212],[100.768,-0.161],[100.742,-0.063],[100.775,-0.014],[100.814,-0.04],[100.847,0.0],[100.85,0.053],[100.832,0.066],[100.801,0.049],[100.774,0.102],[100.787,0.127],[100.84,0.145],[100.841,0.225],[100.8,0.257],[100.764,0.236],[100.701,0.245],[100.676,0.186],[100.535,0.311],[100.534,0.34],[100.498,0.364],[100.482,0.401],[100.419,0.423],[100.375,0.389],[100.344,0.384],[100.319,0.402],[100.301,0.387],[100.332,0.335],[100.308,0.3],[100.351,0.177],[100.328,0.149],[100.315,0.087],[100.337,0.042],[100.308,-0.002],[100.26,-0.022],[100.301,-0.055],[100.316,-0.046],[100.332,-0.076],[100.355,-0.085],[100.378,-0.145],[100.439,-0.172],[100.447,-0.203],[100.535,-0.253],[100.535,-0.28]],[[100.636,-0.184],[100.677,-0.192],[100.685,-0.212],[100.646,-0.249],[100.649,-0.273],[100.605,-0.27],[100.579,-0.242],[100.599,-0.219],[100.583,-0.201],[100.636,-0.184]]]},"id":1308},{"type":"Feature","properties":{"code":2104},"geometry":{"type":"MultiPolygon","coordinates":[[[[105.25,-1.298],[105.251,-1.292],[105.246,-1.296],[105.25,-1.298]]],[[[105.244,-1.281],[105.244,-1.274],[105.241,-1.278],[105.244,-1.281]]],[[[105.262,-1.2],[105.263,-1.214],[105.27,-1.216],[105.273,-1.212],[105.262,-1.2]]],[[[105.311,-1.169],[105.275,-1.146],[105.302,-1.171],[105.311,-1.169]]],[[[105.69,-0.936],[105.695,-0.935],[105.693,-0.93],[105.69,-0.936]]],[[[105.832,-0.871],[105.838,-0.864],[105.828,-0.869],[105.832,-0.871]]],[[[104.403,-0.861],[104.409,-0.855],[104.401,-0.859],[104.403,-0.861]]],[[[104.418,-0.851],[104.42,-0.849],[104.416,-0.85],[104.418,-0.851]]],[[[104.933,-0.784],[104.934,-0.772],[104.925,-0.78],[104.933,-0.784]]],[[[104.941,-0.766],[104.942,-0.763],[104.939,-0.762],[104.941,-0.766]]],[[[104.5,-0.703],[104.502,-0.706],[104.505,-0.704],[104.5,-0.703]]],[[[104.483,-0.708],[104.477,-0.696],[104.477,-0.709],[104.483,-0.708]]],[[[104.477,-0.694],[104.472,-0.691],[104.471,-0.697],[104.477,-0.694]]],[[[104.471,-0.689],[104.46,-0.686],[104.465,-0.696],[104.471,-0.689]]],[[[104.242,-0.656],[104.232,-0.658],[104.245,-0.663],[104.242,-0.656]]],[[[104.251,-0.613],[104.253,-0.608],[104.251,-0.61],[104.251,-0.613]]],[[[104.027,-0.539],[104.031,-0.539],[104.029,-0.533],[104.027,-0.539]]],[[[104.039,-0.512],[104.035,-0.514],[104.038,-0.519],[104.039,-0.512]]],[[[104.037,-0.5],[104.04,-0.5],[104.037,-0.497],[104.037,-0.5]]],[[[104.183,-0.397],[104.182,-0.391],[104.178,-0.396],[104.183,-0.397]]],[[[104.195,-0.392],[104.196,-0.423],[104.223,-0.429],[104.229,-0.393],[104.195,-0.392]]],[[[104.193,-0.389],[104.19,-0.389],[104.191,-0.39],[104.193,-0.389]]],[[[104.18,-0.388],[104.182,-0.387],[104.18,-0.385],[104.18,-0.388]]],[[[104.266,-0.384],[104.268,-0.382],[104.266,-0.382],[104.266,-0.384]]],[[[104.263,-0.375],[104.26,-0.375],[104.265,-0.378],[104.263,-0.375]]],[[[104.178,-0.379],[104.161,-0.375],[104.175,-0.389],[104.178,-0.379]]],[[[104.271,-0.369],[104.27,-0.367],[104.273,-0.37],[104.271,-0.369]]],[[[104.272,-0.363],[104.27,-0.363],[104.269,-0.364],[104.272,-0.363]]],[[[104.203,-0.373],[104.171,-0.371],[104.185,-0.388],[104.233,-0.386],[104.229,-0.364],[104.203,-0.373]]],[[[104.173,-0.363],[104.164,-0.362],[104.169,-0.366],[104.173,-0.363]]],[[[104.423,-0.356],[104.422,-0.357],[104.424,-0.358],[104.423,-0.356]]],[[[104.519,-0.353],[104.52,-0.351],[104.518,-0.35],[104.519,-0.353]]],[[[104.425,-0.358],[104.433,-0.352],[104.427,-0.349],[104.425,-0.358]]],[[[104.203,-0.353],[104.209,-0.354],[104.204,-0.349],[104.203,-0.353]]],[[[104.256,-0.348],[104.257,-0.346],[104.255,-0.346],[104.256,-0.348]]],[[[104.271,-0.359],[104.261,-0.346],[104.258,-0.362],[104.271,-0.359]]],[[[104.177,-0.35],[104.155,-0.338],[104.142,-0.348],[104.144,-0.36],[104.177,-0.35]]],[[[104.27,-0.338],[104.273,-0.338],[104.271,-0.336],[104.27,-0.338]]],[[[104.926,-0.34],[104.929,-0.342],[104.927,-0.335],[104.926,-0.34]]],[[[104.511,-0.337],[104.51,-0.335],[104.509,-0.336],[104.511,-0.337]]],[[[104.485,-0.339],[104.44,-0.339],[104.43,-0.383],[104.387,-0.412],[104.347,-0.387],[104.346,-0.446],[104.31,-0.417],[104.337,-0.388],[104.324,-0.339],[104.311,-0.388],[104.277,-0.396],[104.259,-0.475],[104.244,-0.485],[104.319,-0.537],[104.359,-0.682],[104.389,-0.666],[104.397,-0.601],[104.431,-0.583],[104.474,-0.637],[104.504,-0.643],[104.535,-0.539],[104.565,-0.501],[104.59,-0.495],[104.602,-0.468],[104.573,-0.443],[104.539,-0.37],[104.485,-0.339]]],[[[104.989,-0.333],[104.99,-0.333],[104.989,-0.331],[104.989,-0.333]]],[[[104.491,-0.329],[104.491,-0.328],[104.49,-0.329],[104.491,-0.329]]],[[[104.239,-0.338],[104.221,-0.343],[104.233,-0.355],[104.239,-0.338]]],[[[104.491,-0.326],[104.49,-0.322],[104.49,-0.324],[104.491,-0.326]]],[[[104.463,-0.326],[104.469,-0.324],[104.464,-0.32],[104.463,-0.326]]],[[[104.487,-0.319],[104.49,-0.318],[104.487,-0.317],[104.487,-0.319]]],[[[104.999,-0.318],[104.985,-0.317],[104.984,-0.321],[104.999,-0.318]]],[[[104.97,-0.309],[104.97,-0.306],[104.968,-0.308],[104.97,-0.309]]],[[[104.119,-0.312],[104.123,-0.299],[104.116,-0.309],[104.119,-0.312]]],[[[104.999,-0.291],[105.003,-0.292],[105.0,-0.289],[104.999,-0.291]]],[[[104.471,-0.277],[104.427,-0.289],[104.404,-0.28],[104.386,-0.298],[104.419,-0.324],[104.46,-0.328],[104.462,-0.311],[104.477,-0.319],[104.491,-0.305],[104.471,-0.277]]],[[[104.38,-0.285],[104.383,-0.282],[104.381,-0.276],[104.38,-0.285]]],[[[104.377,-0.276],[104.38,-0.276],[104.38,-0.275],[104.377,-0.276]]],[[[104.655,-0.274],[104.655,-0.271],[104.654,-0.273],[104.655,-0.274]]],[[[104.633,-0.272],[104.637,-0.269],[104.632,-0.267],[104.633,-0.272]]],[[[104.463,-0.265],[104.457,-0.264],[104.462,-0.269],[104.463,-0.265]]],[[[104.588,-0.26],[104.592,-0.259],[104.588,-0.257],[104.588,-0.26]]],[[[104.586,-0.254],[104.586,-0.252],[104.584,-0.253],[104.586,-0.254]]],[[[104.793,-0.194],[104.793,-0.191],[104.791,-0.193],[104.793,-0.194]]],[[[104.777,-0.187],[104.78,-0.185],[104.778,-0.185],[104.777,-0.187]]],[[[104.793,-0.18],[104.794,-0.178],[104.793,-0.179],[104.793,-0.18]]],[[[104.9,-0.181],[104.902,-0.178],[104.9,-0.178],[104.9,-0.181]]],[[[104.434,-0.176],[104.435,-0.174],[104.433,-0.175],[104.434,-0.176]]],[[[104.911,-0.169],[104.916,-0.167],[104.912,-0.164],[104.911,-0.169]]],[[[104.449,-0.152],[104.455,-0.156],[104.455,-0.15],[104.449,-0.152]]],[[[104.747,-0.155],[104.75,-0.152],[104.741,-0.145],[104.747,-0.155]]],[[[104.822,-0.13],[104.823,-0.126],[104.821,-0.127],[104.822,-0.13]]],[[[104.925,-0.133],[104.91,-0.136],[104.921,-0.139],[104.925,-0.133]]],[[[104.905,-0.117],[104.908,-0.115],[104.905,-0.115],[104.905,-0.117]]],[[[104.762,-0.149],[104.751,-0.125],[104.729,-0.095],[104.743,-0.138],[104.762,-0.149]]],[[[104.8,-0.093],[104.797,-0.09],[104.8,-0.096],[104.8,-0.093]]],[[[104.884,-0.089],[104.885,-0.088],[104.883,-0.088],[104.884,-0.089]]],[[[104.836,-0.085],[104.838,-0.082],[104.835,-0.083],[104.836,-0.085]]],[[[104.852,-0.077],[104.848,-0.078],[104.852,-0.08],[104.852,-0.077]]],[[[104.836,-0.067],[104.845,-0.059],[104.831,-0.052],[104.836,-0.067]]],[[[104.827,-0.044],[104.827,-0.043],[104.826,-0.044],[104.827,-0.044]]],[[[104.728,-0.086],[104.685,-0.04],[104.701,-0.068],[104.728,-0.086]]],[[[104.683,-0.04],[104.682,-0.036],[104.68,-0.037],[104.683,-0.04]]],[[[104.877,-0.08],[104.842,-0.034],[104.839,-0.04],[104.833,-0.039],[104.877,-0.08]]],[[[104.834,-0.03],[104.836,-0.037],[104.839,-0.035],[104.834,-0.03]]],[[[104.65,-0.023],[104.651,-0.02],[104.65,-0.021],[104.65,-0.023]]],[[[104.83,-0.02],[104.825,-0.016],[104.826,-0.02],[104.83,-0.02]]],[[[104.666,-0.025],[104.661,-0.012],[104.659,-0.013],[104.666,-0.025]]],[[[104.831,-0.012],[104.831,-0.013],[104.832,-0.013],[104.831,-0.012]]],[[[104.653,-0.01],[104.655,-0.006],[104.651,-0.007],[104.653,-0.01]]],[[[104.534,-0.005],[104.536,-0.004],[104.535,-0.004],[104.534,-0.005]]],[[[104.528,-0.006],[104.533,-0.003],[104.529,-0.002],[104.528,-0.006]]],[[[104.546,0.004],[104.542,0.004],[104.545,0.003],[104.546,0.004]]],[[[104.512,9.41e-05],[104.502,0.0],[104.507,-0.004],[104.512,9.41e-05]]],[[[104.543,0.018],[104.541,0.02],[104.538,0.022],[104.543,0.018]]],[[[104.516,0.023],[104.516,0.024],[104.515,0.025],[104.516,0.023]]],[[[104.534,0.024],[104.513,0.013],[104.521,-0.0],[104.545,0.006],[104.534,0.024]]],[[[104.543,0.023],[104.542,0.026],[104.544,0.023],[104.543,0.023]]],[[[104.614,0.028],[104.617,0.029],[104.613,0.03],[104.614,0.028]]],[[[104.639,-0.035],[104.548,0.03],[104.554,0.003],[104.536,-0.011],[104.548,-0.027],[104.498,-0.002],[104.505,-0.128],[104.47,-0.136],[104.475,-0.157],[104.427,-0.183],[104.429,-0.236],[104.498,-0.241],[104.521,-0.275],[104.569,-0.239],[104.599,-0.251],[104.647,-0.217],[104.699,-0.204],[104.752,-0.233],[104.757,-0.257],[104.789,-0.262],[104.789,-0.279],[104.824,-0.291],[104.849,-0.322],[104.865,-0.313],[104.916,-0.336],[104.929,-0.324],[104.899,-0.297],[104.916,-0.277],[105.001,-0.304],[104.993,-0.29],[104.998,-0.278],[104.953,-0.274],[104.896,-0.229],[104.828,-0.134],[104.813,-0.154],[104.821,-0.201],[104.757,-0.195],[104.734,-0.14],[104.684,-0.084],[104.661,-0.092],[104.668,-0.117],[104.634,-0.099],[104.628,-0.076],[104.669,-0.081],[104.639,-0.035]]],[[[104.525,0.032],[104.517,0.029],[104.527,0.029],[104.525,0.032]]],[[[104.522,0.035],[104.512,0.039],[104.512,0.031],[104.522,0.035]]],[[[104.651,0.037],[104.647,0.046],[104.644,0.047],[104.651,0.037]]],[[[104.491,0.047],[104.492,0.05],[104.49,0.049],[104.491,0.047]]],[[[104.516,0.046],[104.497,0.043],[104.491,0.031],[104.498,0.025],[104.516,0.046]]],[[[104.528,0.052],[104.529,0.037],[104.544,0.032],[104.528,0.052]]],[[[104.783,0.031],[104.767,0.063],[104.765,0.045],[104.734,0.042],[104.783,0.031]]],[[[104.507,0.05],[104.494,0.062],[104.494,0.053],[104.507,0.05]]],[[[104.51,0.06],[104.524,0.058],[104.508,0.069],[104.51,0.06]]],[[[104.619,0.075],[104.617,0.078],[104.616,0.077],[104.619,0.075]]],[[[104.536,0.077],[104.534,0.078],[104.534,0.077],[104.536,0.077]]],[[[104.624,0.078],[104.623,0.08],[104.62,0.079],[104.624,0.078]]],[[[104.754,0.078],[104.739,0.086],[104.74,0.075],[104.754,0.078]]],[[[104.74,0.088],[104.741,0.092],[104.739,0.09],[104.74,0.088]]],[[[104.5,0.072],[104.492,0.087],[104.481,0.089],[104.482,0.083],[104.5,0.072]]],[[[104.518,0.093],[104.51,0.097],[104.518,0.091],[104.518,0.093]]],[[[104.738,0.096],[104.731,0.102],[104.733,0.092],[104.738,0.096]]],[[[104.561,0.072],[104.542,0.102],[104.535,0.101],[104.534,0.095],[104.561,0.072]]],[[[104.504,0.104],[104.504,0.106],[104.503,0.104],[104.504,0.104]]],[[[104.535,0.105],[104.537,0.109],[104.534,0.106],[104.535,0.105]]],[[[104.525,0.101],[104.523,0.11],[104.521,0.103],[104.525,0.101]]],[[[104.499,0.107],[104.501,0.11],[104.497,0.111],[104.499,0.107]]],[[[104.412,0.118],[104.412,0.12],[104.411,0.12],[104.412,0.118]]],[[[104.487,0.121],[104.483,0.124],[104.483,0.121],[104.487,0.121]]],[[[104.495,0.119],[104.489,0.117],[104.495,0.114],[104.495,0.119]]],[[[104.502,0.116],[104.497,0.125],[104.494,0.126],[104.502,0.116]]],[[[104.481,0.126],[104.486,0.133],[104.478,0.127],[104.481,0.126]]],[[[104.706,0.126],[104.709,0.132],[104.707,0.134],[104.706,0.126]]],[[[104.51,0.13],[104.516,0.131],[104.51,0.134],[104.51,0.13]]],[[[104.233,0.135],[104.221,0.134],[104.237,0.131],[104.233,0.135]]],[[[104.526,0.136],[104.528,0.138],[104.526,0.138],[104.526,0.136]]],[[[104.445,0.132],[104.446,0.137],[104.442,0.138],[104.445,0.132]]],[[[104.478,0.096],[104.478,0.107],[104.447,0.138],[104.446,0.126],[104.478,0.096]]],[[[104.551,0.133],[104.544,0.135],[104.552,0.129],[104.551,0.133]]],[[[104.485,0.141],[104.487,0.142],[104.485,0.142],[104.485,0.141]]],[[[104.482,0.134],[104.473,0.141],[104.477,0.13],[104.482,0.134]]],[[[104.444,0.139],[104.445,0.143],[104.443,0.144],[104.444,0.139]]],[[[104.438,0.142],[104.442,0.143],[104.441,0.145],[104.438,0.142]]],[[[104.516,0.109],[104.495,0.147],[104.489,0.142],[104.516,0.109]]],[[[104.2,0.147],[104.206,0.149],[104.205,0.15],[104.2,0.147]]],[[[104.483,0.143],[104.492,0.148],[104.488,0.15],[104.483,0.143]]],[[[104.466,0.146],[104.47,0.147],[104.464,0.153],[104.466,0.146]]],[[[104.424,0.156],[104.442,0.149],[104.425,0.159],[104.424,0.156]]],[[[104.468,0.155],[104.473,0.158],[104.47,0.16],[104.468,0.155]]],[[[104.46,0.154],[104.45,0.158],[104.46,0.151],[104.46,0.154]]],[[[104.473,0.096],[104.4,0.161],[104.397,0.142],[104.424,0.116],[104.412,0.116],[104.431,0.089],[104.377,0.123],[104.466,0.026],[104.494,0.014],[104.461,0.061],[104.486,0.044],[104.492,0.071],[104.475,0.076],[104.473,0.096]]],[[[104.493,0.159],[104.5,0.164],[104.494,0.165],[104.493,0.159]]],[[[104.492,0.164],[104.489,0.166],[104.488,0.164],[104.492,0.164]]],[[[104.471,0.161],[104.471,0.167],[104.463,0.162],[104.465,0.16],[104.471,0.161]]],[[[104.487,0.165],[104.487,0.167],[104.486,0.167],[104.487,0.165]]],[[[104.289,0.147],[104.277,0.169],[104.273,0.168],[104.289,0.147]]],[[[104.385,0.166],[104.38,0.169],[104.382,0.164],[104.385,0.166]]],[[[104.463,0.17],[104.462,0.172],[104.462,0.17],[104.463,0.17]]],[[[104.483,0.161],[104.477,0.172],[104.473,0.167],[104.483,0.161]]],[[[104.381,0.171],[104.382,0.173],[104.38,0.172],[104.381,0.171]]],[[[104.447,0.165],[104.452,0.172],[104.448,0.174],[104.447,0.165]]],[[[104.337,0.121],[104.318,0.148],[104.29,0.175],[104.299,0.128],[104.313,0.133],[104.324,0.106],[104.337,0.121]]],[[[104.467,0.172],[104.468,0.176],[104.464,0.174],[104.467,0.172]]],[[[104.488,0.169],[104.488,0.176],[104.484,0.177],[104.488,0.169]]],[[[104.386,0.178],[104.383,0.177],[104.384,0.175],[104.386,0.178]]],[[[104.471,0.172],[104.473,0.177],[104.47,0.177],[104.471,0.172]]],[[[104.195,0.155],[104.178,0.178],[104.194,0.153],[104.195,0.155]]],[[[104.404,0.178],[104.403,0.182],[104.402,0.178],[104.404,0.178]]],[[[104.248,0.172],[104.257,0.177],[104.255,0.182],[104.248,0.172]]],[[[104.265,0.177],[104.267,0.178],[104.267,0.183],[104.265,0.177]]],[[[104.416,0.165],[104.415,0.171],[104.405,0.183],[104.416,0.165]]],[[[104.456,0.179],[104.453,0.183],[104.452,0.181],[104.456,0.179]]],[[[104.476,0.179],[104.48,0.184],[104.475,0.184],[104.476,0.179]]],[[[104.447,0.18],[104.45,0.184],[104.443,0.188],[104.447,0.18]]],[[[104.374,0.164],[104.349,0.189],[104.394,0.113],[104.374,0.164]]],[[[104.369,0.184],[104.363,0.189],[104.366,0.177],[104.369,0.184]]],[[[104.368,0.19],[104.369,0.191],[104.368,0.191],[104.368,0.19]]],[[[104.462,0.19],[104.468,0.192],[104.461,0.192],[104.462,0.19]]],[[[104.231,0.2],[104.214,0.192],[104.2,0.166],[104.229,0.155],[104.241,0.176],[104.231,0.2]]],[[[104.343,0.188],[104.346,0.189],[104.342,0.203],[104.343,0.188]]],[[[104.332,0.207],[104.337,0.183],[104.342,0.176],[104.342,0.184],[104.332,0.207]]],[[[104.491,0.206],[104.485,0.21],[104.488,0.205],[104.491,0.206]]],[[[104.382,0.208],[104.374,0.21],[104.387,0.2],[104.382,0.208]]],[[[104.32,0.211],[104.321,0.212],[104.32,0.214],[104.32,0.211]]],[[[104.394,0.21],[104.391,0.214],[104.393,0.21],[104.394,0.21]]],[[[104.41,0.211],[104.411,0.218],[104.406,0.213],[104.41,0.211]]],[[[104.318,0.215],[104.315,0.219],[104.317,0.214],[104.318,0.215]]],[[[104.331,0.212],[104.324,0.222],[104.327,0.215],[104.331,0.212]]],[[[104.386,0.218],[104.386,0.221],[104.384,0.223],[104.386,0.218]]],[[[104.504,0.196],[104.476,0.223],[104.482,0.211],[104.486,0.213],[104.504,0.196]]],[[[104.37,0.216],[104.359,0.224],[104.373,0.213],[104.37,0.216]]],[[[104.465,0.226],[104.47,0.226],[104.459,0.231],[104.465,0.226]]],[[[104.512,0.23],[104.517,0.232],[104.513,0.237],[104.512,0.23]]],[[[104.703,0.047],[104.512,0.247],[104.53,0.213],[104.49,0.245],[104.475,0.238],[104.529,0.188],[104.506,0.19],[104.536,0.151],[104.549,0.154],[104.545,0.168],[104.57,0.142],[104.546,0.146],[104.562,0.118],[104.603,0.082],[104.618,0.08],[104.603,0.101],[104.621,0.087],[104.626,0.098],[104.634,0.078],[104.621,0.075],[104.701,0.018],[104.703,0.047]]],[[[104.453,0.245],[104.447,0.234],[104.474,0.227],[104.454,0.246],[104.453,0.245]]],[[[104.449,0.249],[104.447,0.247],[104.452,0.246],[104.449,0.249]]],[[[104.442,0.248],[104.442,0.25],[104.44,0.25],[104.442,0.248]]],[[[104.44,0.249],[104.434,0.25],[104.439,0.246],[104.44,0.249]]],[[[104.433,0.251],[104.433,0.252],[104.431,0.252],[104.433,0.251]]],[[[104.482,0.247],[104.475,0.25],[104.479,0.245],[104.482,0.247]]],[[[104.509,0.253],[104.501,0.255],[104.509,0.247],[104.509,0.253]]],[[[104.457,0.253],[104.457,0.258],[104.456,0.256],[104.457,0.253]]],[[[104.365,0.259],[104.361,0.259],[104.363,0.256],[104.365,0.259]]],[[[104.456,0.259],[104.45,0.257],[104.455,0.254],[104.456,0.259]]],[[[104.45,0.261],[104.445,0.262],[104.449,0.259],[104.45,0.261]]],[[[104.317,0.251],[104.31,0.263],[104.307,0.262],[104.317,0.251]]],[[[104.451,0.263],[104.449,0.264],[104.449,0.263],[104.451,0.263]]],[[[104.449,0.265],[104.447,0.265],[104.448,0.263],[104.449,0.265]]],[[[104.306,0.263],[104.303,0.265],[104.305,0.262],[104.306,0.263]]],[[[104.358,0.262],[104.348,0.262],[104.358,0.256],[104.358,0.262]]],[[[104.492,0.265],[104.494,0.259],[104.502,0.259],[104.492,0.265]]],[[[104.303,0.266],[104.299,0.267],[104.302,0.265],[104.303,0.266]]],[[[104.338,0.262],[104.334,0.268],[104.337,0.263],[104.338,0.262]]],[[[104.378,0.266],[104.373,0.267],[104.373,0.255],[104.378,0.266]]],[[[104.431,0.27],[104.429,0.27],[104.431,0.268],[104.431,0.27]]],[[[104.332,0.27],[104.331,0.27],[104.334,0.267],[104.332,0.27]]],[[[104.411,0.267],[104.402,0.268],[104.41,0.264],[104.411,0.267]]],[[[104.365,0.268],[104.35,0.273],[104.366,0.26],[104.365,0.268]]],[[[104.421,0.276],[104.419,0.273],[104.424,0.273],[104.421,0.276]]],[[[104.43,0.276],[104.429,0.277],[104.43,0.274],[104.43,0.276]]],[[[104.39,0.275],[104.389,0.277],[104.388,0.276],[104.39,0.275]]],[[[104.424,0.275],[104.426,0.278],[104.423,0.276],[104.424,0.275]]],[[[104.398,0.276],[104.391,0.277],[104.401,0.268],[104.398,0.276]]],[[[104.416,0.277],[104.413,0.279],[104.413,0.276],[104.416,0.277]]],[[[104.394,0.277],[104.393,0.28],[104.391,0.279],[104.394,0.277]]],[[[104.342,0.275],[104.327,0.282],[104.348,0.267],[104.342,0.275]]],[[[104.408,0.283],[104.403,0.283],[104.409,0.281],[104.408,0.283]]],[[[104.386,0.284],[104.384,0.286],[104.383,0.284],[104.386,0.284]]],[[[104.401,0.284],[104.401,0.287],[104.397,0.285],[104.401,0.284]]],[[[104.43,0.281],[104.423,0.289],[104.418,0.281],[104.43,0.281]]],[[[104.403,0.285],[104.407,0.29],[104.403,0.291],[104.403,0.285]]],[[[104.347,0.285],[104.329,0.288],[104.343,0.276],[104.347,0.285]]],[[[104.43,0.291],[104.428,0.293],[104.426,0.291],[104.43,0.291]]],[[[104.425,0.295],[104.414,0.295],[104.412,0.287],[104.425,0.295]]],[[[104.437,0.299],[104.439,0.301],[104.438,0.301],[104.437,0.299]]],[[[104.434,0.302],[104.435,0.304],[104.433,0.303],[104.434,0.302]]],[[[104.305,0.306],[104.305,0.303],[104.308,0.303],[104.305,0.306]]],[[[104.429,0.303],[104.427,0.307],[104.426,0.307],[104.429,0.303]]],[[[104.443,0.306],[104.435,0.305],[104.448,0.297],[104.443,0.306]]],[[[104.374,0.305],[104.375,0.31],[104.37,0.309],[104.374,0.305]]],[[[104.449,0.307],[104.446,0.311],[104.445,0.31],[104.449,0.307]]],[[[104.443,0.312],[104.44,0.314],[104.443,0.31],[104.443,0.312]]],[[[104.368,0.305],[104.325,0.327],[104.354,0.278],[104.386,0.273],[104.368,0.305]]],[[[104.323,0.328],[104.301,0.345],[104.303,0.307],[104.32,0.31],[104.323,0.328]]],[[[104.566,0.343],[104.55,0.346],[104.556,0.334],[104.566,0.343]]],[[[104.303,0.348],[104.304,0.349],[104.302,0.35],[104.303,0.348]]],[[[104.49,0.346],[104.463,0.364],[104.459,0.348],[104.49,0.346]]],[[[104.436,0.366],[104.418,0.367],[104.427,0.359],[104.436,0.366]]],[[[104.471,0.364],[104.472,0.371],[104.468,0.372],[104.471,0.364]]],[[[104.467,0.369],[104.463,0.373],[104.462,0.372],[104.467,0.369]]],[[[104.263,0.368],[104.254,0.371],[104.263,0.366],[104.263,0.368]]],[[[104.331,0.376],[104.354,0.345],[104.337,0.339],[104.354,0.313],[104.375,0.318],[104.382,0.296],[104.389,0.309],[104.393,0.287],[104.398,0.297],[104.42,0.298],[104.397,0.315],[104.434,0.307],[104.424,0.327],[104.331,0.376]]],[[[104.325,0.369],[104.327,0.377],[104.318,0.372],[104.325,0.369]]],[[[104.468,0.383],[104.476,0.366],[104.487,0.366],[104.468,0.383]]],[[[104.434,0.372],[104.413,0.382],[104.41,0.374],[104.434,0.372]]],[[[104.316,0.373],[104.313,0.385],[104.306,0.383],[104.316,0.373]]],[[[104.296,0.388],[104.296,0.391],[104.294,0.39],[104.296,0.388]]],[[[104.438,0.392],[104.439,0.393],[104.437,0.392],[104.438,0.392]]],[[[104.369,0.393],[104.373,0.393],[104.369,0.396],[104.369,0.393]]],[[[104.363,0.402],[104.366,0.403],[104.363,0.406],[104.363,0.402]]],[[[104.438,0.402],[104.442,0.39],[104.456,0.389],[104.451,0.4],[104.438,0.402]]],[[[104.564,0.406],[104.561,0.407],[104.565,0.404],[104.564,0.406]]],[[[104.411,0.425],[104.408,0.426],[104.409,0.424],[104.411,0.425]]],[[[104.402,0.432],[104.4,0.431],[104.402,0.43],[104.402,0.432]]],[[[104.562,0.412],[104.512,0.426],[104.533,0.36],[104.529,0.405],[104.562,0.412]]],[[[104.422,0.439],[104.421,0.442],[104.42,0.439],[104.422,0.439]]],[[[104.431,0.444],[104.432,0.448],[104.428,0.446],[104.431,0.444]]],[[[104.37,0.448],[104.371,0.449],[104.369,0.449],[104.37,0.448]]],[[[104.396,0.435],[104.417,0.452],[104.39,0.443],[104.396,0.435]]],[[[104.374,0.452],[104.376,0.453],[104.373,0.455],[104.374,0.452]]],[[[104.391,0.449],[104.381,0.455],[104.38,0.435],[104.391,0.449]]],[[[104.409,0.451],[104.399,0.456],[104.396,0.451],[104.409,0.451]]],[[[104.366,0.453],[104.37,0.457],[104.369,0.458],[104.366,0.453]]],[[[104.382,0.46],[104.381,0.461],[104.381,0.459],[104.382,0.46]]],[[[104.395,0.457],[104.391,0.461],[104.389,0.458],[104.395,0.457]]],[[[104.445,0.463],[104.44,0.461],[104.444,0.459],[104.445,0.463]]],[[[104.39,0.461],[104.389,0.464],[104.388,0.461],[104.39,0.461]]],[[[104.361,0.465],[104.367,0.47],[104.359,0.467],[104.361,0.465]]],[[[104.37,0.471],[104.372,0.475],[104.369,0.472],[104.37,0.471]]],[[[104.426,0.459],[104.397,0.473],[104.401,0.462],[104.426,0.459]]],[[[104.379,0.477],[104.382,0.477],[104.38,0.478],[104.379,0.477]]],[[[104.456,0.478],[104.437,0.484],[104.462,0.454],[104.456,0.478]]],[[[104.357,0.495],[104.356,0.494],[104.358,0.495],[104.357,0.495]]],[[[104.39,0.487],[104.384,0.487],[104.371,0.48],[104.39,0.487]]],[[[104.417,0.505],[104.409,0.505],[104.413,0.494],[104.417,0.505]]]]},"id":2104},{"type":"Feature","properties":{"code":5201},"geometry":{"type":"MultiPolygon","coordinates":[[[[115.994,-8.899],[115.992,-8.899],[115.993,-8.9],[115.994,-8.899]]],[[[116.083,-8.887],[116.082,-8.889],[116.084,-8.889],[116.083,-8.887]]],[[[115.981,-8.882],[115.979,-8.883],[115.98,-8.884],[115.981,-8.882]]],[[[115.871,-8.827],[115.869,-8.827],[115.87,-8.828],[115.871,-8.827]]],[[[115.891,-8.748],[115.893,-8.748],[115.891,-8.746],[115.891,-8.748]]],[[[116.064,-8.736],[116.06,-8.734],[116.062,-8.736],[116.064,-8.736]]],[[[115.883,-8.74],[115.891,-8.734],[115.885,-8.731],[115.883,-8.74]]],[[[116.06,-8.732],[116.061,-8.731],[116.06,-8.73],[116.06,-8.732]]],[[[115.934,-8.761],[115.921,-8.726],[115.913,-8.749],[115.934,-8.761]]],[[[115.904,-8.73],[115.907,-8.722],[115.901,-8.724],[115.904,-8.73]]],[[[116.024,-8.726],[116.026,-8.721],[116.02,-8.724],[116.024,-8.726]]],[[[115.96,-8.723],[115.962,-8.72],[115.961,-8.72],[115.96,-8.723]]],[[[116.017,-8.724],[116.014,-8.718],[116.012,-8.724],[116.017,-8.724]]],[[[116.008,-8.718],[116.009,-8.715],[116.007,-8.715],[116.008,-8.718]]],[[[115.915,-8.72],[115.917,-8.715],[115.913,-8.713],[115.915,-8.72]]],[[[115.975,-8.708],[115.976,-8.706],[115.975,-8.706],[115.975,-8.708]]],[[[116.074,-8.625],[116.055,-8.737],[116.059,-8.726],[116.084,-8.728],[116.059,-8.751],[116.064,-8.771],[116.038,-8.763],[116.046,-8.726],[116.033,-8.719],[116.01,-8.751],[115.965,-8.728],[115.935,-8.769],[115.917,-8.775],[115.894,-8.76],[115.897,-8.745],[115.882,-8.763],[115.866,-8.72],[115.852,-8.72],[115.82,-8.752],[115.831,-8.815],[115.869,-8.818],[115.913,-8.845],[115.933,-8.833],[116.008,-8.904],[116.027,-8.887],[116.011,-8.864],[116.066,-8.853],[116.072,-8.862],[116.044,-8.87],[116.077,-8.895],[116.082,-8.873],[116.101,-8.869],[116.092,-8.839],[116.141,-8.766],[116.131,-8.74],[116.174,-8.726],[116.166,-8.672],[116.196,-8.673],[116.178,-8.62],[116.249,-8.592],[116.295,-8.55],[116.32,-8.504],[116.303,-8.461],[116.338,-8.41],[116.267,-8.45],[116.222,-8.456],[116.213,-8.48],[116.142,-8.454],[116.129,-8.47],[116.037,-8.47],[116.069,-8.551],[116.142,-8.565],[116.171,-8.593],[116.131,-8.618],[116.074,-8.625]]]]},"id":5201},{"type":"Feature","properties":{"code":5202},"geometry":{"type":"MultiPolygon","coordinates":[[[[116.367,-8.953],[116.365,-8.953],[116.366,-8.954],[116.367,-8.953]]],[[[116.329,-8.92],[116.329,-8.919],[116.327,-8.921],[116.329,-8.92]]],[[[116.371,-8.911],[116.37,-8.908],[116.369,-8.911],[116.371,-8.911]]],[[[116.253,-8.91],[116.254,-8.907],[116.253,-8.908],[116.253,-8.91]]],[[[116.101,-8.869],[116.155,-8.864],[116.162,-8.907],[116.194,-8.917],[116.206,-8.9],[116.23,-8.9],[116.238,-8.917],[116.248,-8.902],[116.276,-8.913],[116.278,-8.893],[116.319,-8.921],[116.327,-8.908],[116.346,-8.93],[116.34,-8.9],[116.376,-8.903],[116.367,-8.953],[116.393,-8.952],[116.404,-8.899],[116.386,-8.866],[116.401,-8.856],[116.39,-8.821],[116.414,-8.806],[116.446,-8.722],[116.428,-8.691],[116.381,-8.668],[116.379,-8.528],[116.406,-8.453],[116.382,-8.41],[116.338,-8.41],[116.32,-8.433],[116.303,-8.461],[116.32,-8.504],[116.295,-8.55],[116.249,-8.592],[116.178,-8.62],[116.196,-8.673],[116.166,-8.672],[116.174,-8.726],[116.131,-8.74],[116.141,-8.766],[116.092,-8.839],[116.101,-8.869]]]]},"id":5202},{"type":"Feature","properties":{"code":5203},"geometry":{"type":"MultiPolygon","coordinates":[[[[116.499,-8.926],[116.496,-8.927],[116.498,-8.928],[116.499,-8.926]]],[[[116.485,-8.921],[116.487,-8.923],[116.487,-8.921],[116.485,-8.921]]],[[[116.501,-8.919],[116.503,-8.918],[116.501,-8.918],[116.501,-8.919]]],[[[116.467,-8.841],[116.466,-8.84],[116.465,-8.841],[116.467,-8.841]]],[[[116.51,-8.838],[116.51,-8.837],[116.509,-8.838],[116.51,-8.838]]],[[[116.517,-8.827],[116.516,-8.826],[116.516,-8.827],[116.517,-8.827]]],[[[116.522,-8.816],[116.52,-8.815],[116.52,-8.816],[116.522,-8.816]]],[[[116.534,-8.816],[116.529,-8.815],[116.531,-8.819],[116.534,-8.816]]],[[[116.504,-8.815],[116.504,-8.812],[116.502,-8.815],[116.504,-8.815]]],[[[116.718,-8.31],[116.709,-8.325],[116.743,-8.345],[116.742,-8.334],[116.718,-8.31]]],[[[116.711,-8.299],[116.69,-8.28],[116.705,-8.309],[116.711,-8.299]]],[[[116.39,-8.821],[116.404,-8.865],[116.425,-8.825],[116.44,-8.842],[116.47,-8.823],[116.473,-8.839],[116.448,-8.899],[116.431,-8.913],[116.449,-8.921],[116.497,-8.911],[116.51,-8.87],[116.527,-8.898],[116.512,-8.915],[116.57,-8.891],[116.594,-8.862],[116.566,-8.868],[116.548,-8.85],[116.541,-8.868],[116.541,-8.832],[116.524,-8.825],[116.529,-8.84],[116.514,-8.831],[116.504,-8.859],[116.492,-8.847],[116.501,-8.811],[116.48,-8.808],[116.498,-8.808],[116.545,-8.752],[116.623,-8.604],[116.664,-8.562],[116.657,-8.532],[116.678,-8.497],[116.676,-8.483],[116.671,-8.503],[116.661,-8.487],[116.711,-8.442],[116.718,-8.347],[116.651,-8.288],[116.493,-8.245],[116.471,-8.269],[116.467,-8.33],[116.419,-8.39],[116.426,-8.423],[116.406,-8.434],[116.379,-8.528],[116.381,-8.668],[116.428,-8.691],[116.446,-8.722],[116.414,-8.806],[116.39,-8.821]]]]},"id":5203},{"type":"Feature","properties":{"code":5208},"geometry":{"type":"MultiPolygon","coordinates":[[[[116.078,-8.364],[116.085,-8.35],[116.075,-8.356],[116.078,-8.364]]],[[[116.059,-8.359],[116.061,-8.345],[116.055,-8.341],[116.051,-8.349],[116.059,-8.359]]],[[[116.035,-8.361],[116.044,-8.352],[116.04,-8.338],[116.027,-8.346],[116.035,-8.361]]],[[[116.338,-8.41],[116.382,-8.41],[116.406,-8.434],[116.426,-8.423],[116.419,-8.39],[116.467,-8.33],[116.469,-8.273],[116.489,-8.241],[116.37,-8.21],[116.319,-8.222],[116.236,-8.266],[116.177,-8.341],[116.119,-8.37],[116.1,-8.361],[116.105,-8.389],[116.056,-8.404],[116.032,-8.446],[116.037,-8.47],[116.129,-8.47],[116.142,-8.454],[116.213,-8.48],[116.222,-8.456],[116.267,-8.45],[116.338,-8.41]]]]},"id":5208},{"type":"Feature","properties":{"code":3508},"geometry":{"type":"Polygon","coordinates":[[[113.363,-8.027],[113.328,-7.931],[113.274,-7.929],[113.262,-7.896],[113.248,-7.908],[113.207,-7.898],[113.206,-7.926],[113.149,-7.979],[113.114,-7.991],[113.069,-7.981],[113.058,-8.01],[113.009,-7.963],[112.942,-7.983],[112.925,-8.0],[112.934,-8.018],[112.899,-8.061],[112.925,-8.11],[112.903,-8.157],[112.921,-8.241],[112.907,-8.275],[112.899,-8.267],[112.905,-8.288],[112.941,-8.31],[112.934,-8.331],[112.959,-8.353],[112.979,-8.325],[113.077,-8.285],[113.219,-8.281],[113.303,-8.307],[113.319,-8.265],[113.313,-8.228],[113.353,-8.203],[113.379,-8.157],[113.348,-8.054],[113.363,-8.027]]]},"id":3508},{"type":"Feature","properties":{"code":7317},"geometry":{"type":"MultiPolygon","coordinates":[[[[120.096,-3.483],[120.174,-3.5],[120.207,-3.594],[120.23,-3.592],[120.304,-3.648],[120.414,-3.662],[120.417,-3.573],[120.379,-3.5],[120.404,-3.431],[120.398,-3.289],[120.419,-3.27],[120.418,-3.248],[120.405,-3.26],[120.388,-3.251],[120.381,-3.202],[120.255,-3.16],[120.262,-3.082],[120.247,-3.046],[120.165,-3.057],[120.138,-3.086],[120.074,-3.029],[120.021,-3.081],[119.98,-3.245],[120.024,-3.281],[120.043,-3.353],[120.018,-3.386],[120.053,-3.404],[120.096,-3.483]]],[[[120.229,-2.952],[120.285,-2.921],[120.267,-2.894],[120.276,-2.867],[120.26,-2.823],[120.231,-2.81],[120.13,-2.703],[120.129,-2.673],[120.101,-2.665],[120.082,-2.695],[119.997,-2.7],[119.872,-2.74],[119.898,-2.775],[119.941,-2.78],[119.96,-2.806],[119.955,-2.847],[120.043,-2.922],[120.048,-2.954],[120.171,-2.886],[120.217,-2.896],[120.229,-2.952]]]]},"id":7317},{"type":"Feature","properties":{"code":7325},"geometry":{"type":"MultiPolygon","coordinates":[[[[120.957,-2.815],[120.964,-2.807],[120.954,-2.811],[120.957,-2.815]]],[[[121.357,-2.974],[121.457,-3.013],[121.525,-2.962],[121.547,-2.921],[121.637,-2.894],[121.685,-2.9],[121.691,-2.882],[121.672,-2.868],[121.669,-2.842],[121.687,-2.82],[121.719,-2.814],[121.722,-2.768],[121.789,-2.666],[121.779,-2.63],[121.704,-2.538],[121.653,-2.539],[121.626,-2.49],[121.559,-2.491],[121.441,-2.405],[121.408,-2.41],[121.23,-2.361],[121.181,-2.375],[121.098,-2.275],[121.034,-2.275],[120.993,-2.245],[120.88,-2.219],[120.79,-2.238],[120.717,-2.223],[120.615,-2.156],[120.521,-2.051],[120.508,-2.069],[120.52,-2.144],[120.471,-2.254],[120.53,-2.331],[120.522,-2.379],[120.544,-2.396],[120.543,-2.43],[120.574,-2.458],[120.62,-2.585],[120.635,-2.59],[120.631,-2.62],[120.653,-2.664],[120.674,-2.644],[120.746,-2.637],[120.759,-2.619],[120.816,-2.619],[120.856,-2.657],[120.891,-2.64],[120.913,-2.664],[120.943,-2.658],[120.994,-2.679],[121.019,-2.672],[121.021,-2.65],[121.051,-2.656],[121.036,-2.664],[121.037,-2.694],[121.078,-2.696],[121.094,-2.723],[121.082,-2.744],[121.067,-2.738],[121.06,-2.77],[121.033,-2.767],[121.017,-2.808],[121.006,-2.798],[120.993,-2.818],[120.977,-2.806],[120.977,-2.822],[121.019,-2.819],[121.031,-2.793],[121.08,-2.779],[121.171,-2.817],[121.214,-2.858],[121.241,-2.825],[121.318,-2.807],[121.357,-2.899],[121.328,-2.938],[121.357,-2.974]]]]},"id":7325},{"type":"Feature","properties":{"code":7322},"geometry":{"type":"MultiPolygon","coordinates":[[[[120.289,-2.913],[120.289,-2.91],[120.288,-2.911],[120.289,-2.913]]],[[[120.29,-2.913],[120.293,-2.909],[120.293,-2.906],[120.29,-2.913]]],[[[120.267,-2.894],[120.292,-2.905],[120.294,-2.905],[120.294,-2.917],[120.319,-2.902],[120.355,-2.863],[120.453,-2.823],[120.534,-2.757],[120.573,-2.685],[120.633,-2.682],[120.656,-2.666],[120.574,-2.458],[120.543,-2.43],[120.544,-2.396],[120.522,-2.379],[120.53,-2.331],[120.471,-2.254],[120.52,-2.144],[120.508,-2.069],[120.521,-2.051],[120.47,-1.962],[120.403,-1.895],[120.388,-1.897],[120.339,-2.061],[120.27,-2.028],[120.179,-2.034],[120.119,-2.012],[120.113,-1.992],[120.085,-1.979],[119.991,-1.965],[119.909,-2.053],[119.883,-2.046],[119.87,-2.018],[119.827,-2.047],[119.804,-2.111],[119.769,-2.12],[119.706,-2.198],[119.629,-2.253],[119.628,-2.295],[119.673,-2.339],[119.692,-2.336],[119.719,-2.404],[119.694,-2.46],[119.731,-2.5],[119.71,-2.569],[119.796,-2.64],[119.847,-2.611],[119.852,-2.698],[119.872,-2.74],[119.997,-2.7],[120.082,-2.695],[120.101,-2.665],[120.129,-2.673],[120.13,-2.703],[120.182,-2.763],[120.26,-2.823],[120.276,-2.867],[120.267,-2.894]]]]},"id":7322},{"type":"Feature","properties":{"code":3519},"geometry":{"type":"Polygon","coordinates":[[[111.671,-7.409],[111.651,-7.451],[111.61,-7.468],[111.586,-7.521],[111.55,-7.527],[111.556,-7.544],[111.509,-7.537],[111.512,-7.551],[111.489,-7.562],[111.474,-7.608],[111.455,-7.619],[111.484,-7.64],[111.484,-7.662],[111.511,-7.648],[111.511,-7.635],[111.496,-7.638],[111.501,-7.606],[111.558,-7.596],[111.541,-7.659],[111.51,-7.659],[111.498,-7.699],[111.458,-7.725],[111.455,-7.784],[111.573,-7.804],[111.6,-7.777],[111.661,-7.766],[111.7,-7.812],[111.752,-7.801],[111.725,-7.773],[111.73,-7.732],[111.782,-7.65],[111.802,-7.548],[111.833,-7.548],[111.847,-7.508],[111.806,-7.463],[111.767,-7.468],[111.671,-7.409]],[[111.506,-7.672],[111.509,-7.679],[111.507,-7.68],[111.506,-7.672]]]},"id":3519},{"type":"Feature","properties":{"code":3308},"geometry":{"type":"Polygon","coordinates":[[[110.439,-7.453],[110.379,-7.334],[110.328,-7.32],[110.316,-7.352],[110.267,-7.381],[110.249,-7.369],[110.223,-7.379],[110.215,-7.402],[110.216,-7.388],[110.192,-7.379],[110.074,-7.385],[110.053,-7.435],[110.064,-7.459],[110.044,-7.537],[110.059,-7.575],[110.1,-7.569],[110.144,-7.649],[110.263,-7.645],[110.272,-7.706],[110.304,-7.654],[110.446,-7.541],[110.38,-7.511],[110.426,-7.485],[110.439,-7.453]],[[110.225,-7.437],[110.237,-7.505],[110.214,-7.507],[110.201,-7.49],[110.225,-7.437]]]},"id":3308},{"type":"Feature","properties":{"code":3520},"geometry":{"type":"Polygon","coordinates":[[[111.181,-7.712],[111.238,-7.751],[111.274,-7.734],[111.29,-7.742],[111.285,-7.794],[111.449,-7.778],[111.458,-7.725],[111.498,-7.699],[111.512,-7.652],[111.484,-7.662],[111.484,-7.64],[111.455,-7.619],[111.474,-7.608],[111.489,-7.562],[111.512,-7.551],[111.511,-7.523],[111.462,-7.509],[111.381,-7.539],[111.371,-7.569],[111.301,-7.586],[111.286,-7.606],[111.259,-7.598],[111.199,-7.616],[111.181,-7.712]]]},"id":3520},{"type":"Feature","properties":{"code":6411},"geometry":{"type":"Polygon","coordinates":[[[115.183,-0.081],[115.331,-0.024],[115.374,0.031],[115.405,0.02],[115.441,0.041],[115.451,0.107],[115.472,0.137],[115.674,0.145],[115.685,0.156],[115.776,0.149],[115.802,0.166],[115.796,0.184],[115.82,0.195],[115.788,0.3],[115.76,0.318],[115.781,0.425],[115.636,0.556],[115.653,0.603],[115.642,0.616],[115.587,0.634],[115.466,0.771],[115.465,0.834],[115.519,0.953],[115.52,1.103],[115.475,1.213],[115.504,1.257],[115.426,1.218],[115.406,1.184],[115.418,1.143],[115.368,1.068],[115.299,1.064],[115.265,1.043],[115.185,1.067],[115.173,1.116],[115.122,1.129],[115.083,1.115],[115.01,1.123],[114.979,1.192],[114.935,1.178],[114.885,1.212],[114.851,1.168],[114.839,1.172],[114.757,1.254],[114.717,1.272],[114.714,1.332],[114.696,1.356],[114.672,1.352],[114.639,1.381],[114.634,1.431],[114.589,1.463],[114.565,1.426],[114.405,1.522],[114.384,1.516],[114.379,1.492],[114.238,1.448],[114.222,1.416],[114.165,1.381],[114.207,1.341],[114.21,1.305],[114.187,1.268],[114.207,1.236],[114.198,1.191],[114.221,1.161],[114.086,1.104],[114.058,1.127],[114.036,1.11],[113.986,1.126],[113.962,1.11],[113.948,1.061],[113.889,1.047],[113.914,0.976],[113.872,0.916],[113.871,0.888],[113.926,0.84],[113.873,0.779],[113.896,0.741],[113.874,0.712],[113.843,0.705],[113.84,0.666],[113.88,0.66],[113.885,0.641],[113.977,0.667],[114.007,0.646],[114.027,0.671],[114.053,0.669],[114.091,0.697],[114.122,0.694],[114.13,0.67],[114.176,0.639],[114.178,0.612],[114.157,0.591],[114.195,0.584],[114.202,0.539],[114.245,0.521],[114.321,0.54],[114.363,0.529],[114.406,0.495],[114.435,0.508],[114.435,0.542],[114.463,0.561],[114.489,0.571],[114.53,0.559],[114.544,0.63],[114.617,0.64],[114.699,0.725],[114.697,0.703],[114.717,0.701],[114.767,0.737],[114.782,0.727],[114.828,0.754],[114.862,0.736],[114.914,0.777],[114.937,0.773],[114.982,0.733],[115.01,0.606],[115.039,0.554],[115.132,0.432],[115.128,0.374],[115.047,0.298],[115.019,0.33],[114.955,0.319],[114.943,0.333],[114.9,0.315],[114.863,0.237],[114.837,0.234],[114.829,0.194],[114.801,0.174],[114.813,0.158],[114.793,0.119],[114.794,0.083],[114.894,0.04],[114.893,-0.025],[114.924,-0.099],[114.928,-0.19],[114.987,-0.172],[114.991,-0.185],[115.044,-0.189],[115.081,-0.153],[115.145,-0.138],[115.155,-0.101],[115.183,-0.081]]]},"id":6411},{"type":"Feature","properties":{"code":3210},"geometry":{"type":"Polygon","coordinates":[[[108.385,-7.073],[108.385,-6.959],[108.401,-6.934],[108.412,-6.792],[108.359,-6.751],[108.368,-6.702],[108.339,-6.674],[108.345,-6.625],[108.315,-6.607],[108.308,-6.623],[108.289,-6.608],[108.28,-6.62],[108.276,-6.591],[108.21,-6.573],[108.187,-6.609],[108.158,-6.612],[108.12,-6.54],[108.073,-6.575],[108.07,-6.614],[108.042,-6.637],[108.118,-6.706],[108.162,-6.724],[108.148,-6.754],[108.169,-6.787],[108.152,-6.802],[108.199,-6.871],[108.194,-6.886],[108.214,-6.889],[108.219,-6.928],[108.17,-6.968],[108.134,-7.041],[108.162,-7.074],[108.169,-7.059],[108.226,-7.054],[108.245,-7.066],[108.321,-7.055],[108.34,-7.071],[108.359,-7.051],[108.385,-7.073]]]},"id":3210},{"type":"Feature","properties":{"code":7601},"geometry":{"type":"Polygon","coordinates":[[[119.096,-3.003],[119.007,-2.955],[118.994,-2.927],[118.943,-2.915],[118.893,-2.932],[118.876,-2.923],[118.848,-2.989],[118.86,-3.031],[118.839,-3.081],[118.824,-3.089],[118.797,-3.07],[118.777,-3.084],[118.78,-3.121],[118.826,-3.165],[118.839,-3.208],[118.828,-3.232],[118.857,-3.296],[118.841,-3.327],[118.845,-3.377],[118.878,-3.44],[118.878,-3.475],[118.936,-3.569],[118.965,-3.544],[119.0,-3.563],[119.005,-3.532],[118.915,-3.409],[118.905,-3.327],[118.921,-3.297],[118.897,-3.193],[118.91,-3.169],[118.953,-3.158],[118.946,-3.105],[118.958,-3.086],[119.043,-3.086],[119.068,-3.1],[119.059,-3.049],[119.096,-3.003]]]},"id":7601},{"type":"Feature","properties":{"code":5321},"geometry":{"type":"Polygon","coordinates":[[[124.815,-9.341],[124.8,-9.35],[124.802,-9.381],[124.768,-9.397],[124.787,-9.418],[124.781,-9.47],[124.721,-9.503],[124.738,-9.509],[124.756,-9.56],[124.704,-9.56],[124.699,-9.584],[124.653,-9.581],[124.642,-9.595],[124.663,-9.627],[124.713,-9.638],[124.762,-9.597],[124.788,-9.6],[124.793,-9.639],[124.82,-9.657],[124.798,-9.748],[124.809,-9.79],[124.864,-9.718],[124.947,-9.677],[124.979,-9.643],[124.991,-9.558],[125.089,-9.456],[125.052,-9.33],[125.014,-9.302],[124.988,-9.33],[124.995,-9.357],[124.961,-9.393],[124.898,-9.36],[124.882,-9.394],[124.872,-9.381],[124.844,-9.387],[124.846,-9.355],[124.815,-9.341]]]},"id":5321},{"type":"Feature","properties":{"code":3507},"geometry":{"type":"MultiPolygon","coordinates":[[[[112.698,-8.463],[112.699,-8.461],[112.697,-8.462],[112.698,-8.463]]],[[[112.669,-8.445],[112.668,-8.444],[112.667,-8.446],[112.669,-8.445]]],[[[112.734,-8.435],[112.735,-8.432],[112.733,-8.433],[112.734,-8.435]]],[[[112.698,-8.429],[112.68,-8.456],[112.688,-8.451],[112.706,-8.464],[112.712,-8.434],[112.698,-8.429]]],[[[112.754,-8.423],[112.754,-8.422],[112.754,-8.424],[112.754,-8.423]]],[[[112.798,-8.413],[112.798,-8.412],[112.796,-8.413],[112.798,-8.413]]],[[[112.797,-8.409],[112.795,-8.407],[112.799,-8.411],[112.797,-8.409]]],[[[112.932,-8.384],[112.932,-8.382],[112.931,-8.383],[112.932,-8.384]]],[[[112.358,-8.348],[112.372,-8.375],[112.388,-8.369],[112.443,-8.398],[112.557,-8.402],[112.651,-8.448],[112.708,-8.417],[112.757,-8.421],[112.772,-8.386],[112.812,-8.401],[112.831,-8.369],[112.839,-8.386],[112.848,-8.377],[112.847,-8.405],[112.898,-8.401],[112.899,-8.38],[112.91,-8.398],[112.932,-8.388],[112.931,-8.38],[112.959,-8.353],[112.899,-8.267],[112.907,-8.275],[112.92,-8.249],[112.903,-8.157],[112.925,-8.11],[112.899,-8.061],[112.934,-8.018],[112.935,-7.956],[112.805,-7.925],[112.733,-7.818],[112.71,-7.824],[112.656,-7.805],[112.588,-7.765],[112.563,-7.813],[112.564,-7.878],[112.594,-7.905],[112.474,-7.942],[112.496,-7.837],[112.478,-7.768],[112.455,-7.779],[112.422,-7.766],[112.396,-7.785],[112.349,-7.761],[112.328,-7.777],[112.287,-7.77],[112.325,-7.872],[112.306,-7.929],[112.37,-7.957],[112.445,-7.91],[112.478,-7.971],[112.453,-8.056],[112.452,-8.144],[112.366,-8.175],[112.393,-8.227],[112.358,-8.348]],[[112.631,-7.912],[112.662,-7.926],[112.657,-7.965],[112.694,-7.982],[112.656,-8.05],[112.631,-8.045],[112.618,-8.011],[112.608,-8.019],[112.601,-7.992],[112.578,-7.984],[112.597,-7.984],[112.589,-7.975],[112.602,-7.968],[112.569,-7.938],[112.598,-7.936],[112.591,-7.917],[112.631,-7.912]]]]},"id":3507},{"type":"Feature","properties":{"code":6501},"geometry":{"type":"Polygon","coordinates":[[[116.272,2.104],[116.185,2.146],[116.157,2.132],[116.13,2.167],[116.095,2.17],[116.052,2.15],[115.989,2.26],[116.028,2.253],[116.059,2.313],[116.11,2.357],[116.112,2.391],[116.182,2.408],[116.233,2.488],[116.266,2.479],[116.323,2.597],[116.314,2.664],[116.325,2.69],[116.43,2.779],[116.443,2.817],[116.493,2.828],[116.581,2.89],[116.608,2.948],[116.657,2.976],[116.661,3.004],[116.742,3.035],[116.747,3.068],[116.725,3.113],[116.741,3.17],[116.768,3.169],[116.805,3.199],[116.806,3.28],[116.774,3.358],[116.703,3.429],[116.693,3.473],[116.728,3.494],[116.736,3.555],[116.77,3.61],[116.716,3.699],[116.588,3.691],[116.569,3.722],[116.488,3.745],[116.389,3.931],[116.392,3.991],[116.354,4.008],[116.354,4.033],[116.331,4.057],[116.283,4.057],[116.268,4.04],[116.237,4.046],[116.222,4.079],[116.185,4.079],[116.161,4.091],[116.167,4.111],[116.125,4.12],[116.085,4.117],[116.031,4.079],[115.965,4.118],[115.951,3.96],[115.922,3.931],[115.926,3.882],[115.909,3.84],[115.947,3.784],[115.912,3.689],[115.956,3.62],[115.952,3.596],[115.977,3.552],[115.968,3.522],[115.883,3.469],[115.856,3.471],[115.838,3.491],[115.805,3.489],[115.8,3.463],[115.714,3.437],[115.699,3.402],[115.658,3.438],[115.624,3.407],[115.611,3.445],[115.587,3.449],[115.545,3.363],[115.549,3.328],[115.533,3.318],[115.524,3.249],[115.534,3.226],[115.516,3.221],[115.521,3.191],[115.562,3.17],[115.564,3.149],[115.536,3.142],[115.515,3.108],[115.517,3.056],[115.498,3.027],[115.441,3.023],[115.394,2.979],[115.332,2.974],[115.322,3.012],[115.285,3.047],[115.251,2.966],[115.165,2.927],[115.149,2.908],[115.153,2.87],[115.092,2.823],[115.155,2.79],[115.139,2.743],[115.101,2.716],[115.096,2.697],[115.116,2.689],[115.122,2.651],[115.092,2.606],[115.117,2.583],[115.179,2.61],[115.224,2.542],[115.252,2.541],[115.25,2.509],[115.205,2.471],[115.19,2.482],[115.145,2.475],[115.109,2.441],[115.101,2.404],[115.054,2.405],[115.054,2.386],[115.04,2.391],[114.999,2.348],[114.962,2.364],[114.949,2.315],[114.967,2.288],[114.918,2.254],[114.871,2.263],[114.828,2.245],[114.817,2.263],[114.788,2.199],[114.742,2.191],[114.741,2.132],[114.792,2.145],[114.821,2.129],[114.801,2.089],[114.813,2.062],[114.794,2.058],[114.81,2.024],[114.86,2.043],[114.889,2.023],[114.85,1.962],[114.882,1.914],[114.819,1.892],[114.794,1.848],[114.747,1.869],[114.717,1.856],[114.727,1.831],[114.693,1.808],[114.715,1.785],[114.708,1.637],[114.651,1.589],[114.61,1.575],[114.599,1.531],[114.615,1.515],[114.589,1.463],[114.634,1.431],[114.639,1.381],[114.672,1.352],[114.696,1.356],[114.714,1.332],[114.717,1.272],[114.757,1.254],[114.848,1.168],[114.885,1.212],[114.935,1.178],[114.979,1.192],[115.015,1.12],[115.083,1.115],[115.122,1.129],[115.173,1.116],[115.185,1.067],[115.2,1.061],[115.265,1.043],[115.299,1.064],[115.364,1.065],[115.418,1.143],[115.406,1.184],[115.436,1.228],[115.593,1.283],[115.769,1.263],[115.757,1.326],[115.769,1.355],[115.812,1.379],[115.827,1.366],[115.855,1.402],[115.852,1.435],[115.954,1.49],[115.972,1.531],[116.007,1.526],[116.04,1.559],[116.044,1.615],[116.073,1.651],[116.129,1.662],[116.141,1.686],[116.183,1.835],[116.175,1.87],[116.194,1.983],[116.233,2.03],[116.22,2.091],[116.272,2.104]]]},"id":6501},{"type":"Feature","properties":{"code":8108},"geometry":{"type":"MultiPolygon","coordinates":[[[[128.509,-8.342],[128.5,-8.331],[128.497,-8.319],[128.495,-8.335],[128.509,-8.342]]],[[[128.216,-8.207],[128.092,-8.206],[128.079,-8.257],[128.151,-8.278],[128.232,-8.272],[128.216,-8.207]]],[[[128.727,-8.197],[128.725,-8.197],[128.727,-8.2],[128.727,-8.197]]],[[[128.389,-8.197],[128.386,-8.193],[128.384,-8.196],[128.389,-8.197]]],[[[128.719,-8.193],[128.716,-8.191],[128.717,-8.195],[128.719,-8.193]]],[[[128.409,-8.192],[128.408,-8.187],[128.397,-8.191],[128.409,-8.192]]],[[[128.87,-8.183],[128.825,-8.201],[128.907,-8.242],[128.938,-8.245],[128.933,-8.226],[128.953,-8.224],[129.015,-8.261],[129.031,-8.242],[129.028,-8.216],[128.964,-8.185],[128.87,-8.183]]],[[[128.588,-8.164],[128.585,-8.164],[128.59,-8.164],[128.588,-8.164]]],[[[128.72,-8.179],[128.682,-8.166],[128.692,-8.185],[128.72,-8.179]]],[[[128.759,-8.161],[128.781,-8.173],[128.784,-8.2],[128.798,-8.199],[128.788,-8.163],[128.759,-8.161]]],[[[128.746,-8.16],[128.751,-8.16],[128.747,-8.159],[128.746,-8.16]]],[[[128.733,-8.156],[128.727,-8.159],[128.739,-8.158],[128.733,-8.156]]],[[[127.696,-8.154],[127.646,-8.175],[127.6,-8.216],[127.658,-8.238],[127.75,-8.206],[127.747,-8.176],[127.696,-8.154]]],[[[128.681,-8.148],[128.679,-8.149],[128.684,-8.151],[128.681,-8.148]]],[[[127.789,-8.104],[127.76,-8.113],[127.783,-8.134],[127.793,-8.185],[127.863,-8.214],[127.946,-8.22],[127.96,-8.246],[128.004,-8.257],[128.045,-8.259],[128.075,-8.193],[128.126,-8.163],[128.099,-8.138],[127.947,-8.146],[127.926,-8.127],[127.789,-8.104]]],[[[129.915,-8.13],[129.919,-8.091],[129.848,-8.14],[129.813,-8.211],[129.854,-8.192],[129.881,-8.146],[129.915,-8.13]]],[[[127.2,-8.014],[127.16,-8.015],[127.135,-8.037],[127.143,-8.098],[127.228,-8.104],[127.2,-8.014]]],[[[125.756,-7.98],[125.757,-7.979],[125.755,-7.979],[125.756,-7.98]]],[[[125.753,-7.97],[125.745,-7.979],[125.755,-7.986],[125.753,-7.97]]],[[[125.736,-7.968],[125.722,-7.981],[125.738,-8.059],[125.763,-8.015],[125.736,-7.968]]],[[[125.735,-7.94],[125.746,-7.94],[125.746,-7.921],[125.735,-7.94]]],[[[129.518,-7.842],[129.515,-7.927],[129.544,-7.95],[129.57,-7.908],[129.518,-7.842]]],[[[129.678,-7.786],[129.596,-7.822],[129.582,-7.898],[129.708,-8.041],[129.753,-8.055],[129.791,-8.043],[129.828,-7.961],[129.864,-7.918],[129.842,-7.872],[129.857,-7.844],[129.818,-7.816],[129.678,-7.786]]],[[[130.092,-7.763],[130.039,-7.753],[130.028,-7.766],[130.057,-7.766],[130.081,-7.788],[130.092,-7.763]]],[[[130.002,-7.696],[129.99,-7.726],[130.025,-7.745],[130.002,-7.696]]],[[[125.926,-7.659],[125.908,-7.668],[125.909,-7.677],[125.93,-7.672],[125.926,-7.659]]],[[[127.428,-7.637],[127.428,-7.628],[127.426,-7.629],[127.428,-7.637]]],[[[127.633,-7.591],[127.636,-7.588],[127.632,-7.589],[127.633,-7.591]]],[[[126.626,-7.556],[126.47,-7.589],[126.439,-7.631],[126.407,-7.623],[126.38,-7.637],[126.366,-7.666],[126.323,-7.695],[126.236,-7.687],[126.184,-7.727],[126.033,-7.697],[125.984,-7.655],[125.947,-7.661],[125.915,-7.744],[125.862,-7.767],[125.87,-7.815],[125.806,-7.861],[125.826,-7.915],[125.788,-8.007],[125.806,-8.014],[125.886,-7.952],[125.925,-7.942],[125.949,-7.911],[125.982,-7.919],[126.071,-7.887],[126.131,-7.891],[126.177,-7.925],[126.33,-7.914],[126.367,-7.934],[126.421,-7.93],[126.474,-7.97],[126.521,-7.858],[126.561,-7.814],[126.695,-7.75],[126.804,-7.741],[126.819,-7.754],[126.842,-7.733],[126.808,-7.679],[126.811,-7.656],[126.722,-7.667],[126.687,-7.623],[126.637,-7.602],[126.626,-7.556]]],[[[127.618,-7.605],[127.588,-7.548],[127.598,-7.621],[127.618,-7.605]]],[[[127.554,-7.547],[127.559,-7.547],[127.554,-7.544],[127.554,-7.547]]],[[[127.547,-7.532],[127.547,-7.529],[127.544,-7.531],[127.547,-7.532]]],[[[129.674,-7.527],[129.661,-7.555],[129.716,-7.572],[129.725,-7.551],[129.691,-7.551],[129.674,-7.527]]],[[[127.545,-7.534],[127.535,-7.533],[127.541,-7.543],[127.545,-7.534]]],[[[127.55,-7.519],[127.554,-7.52],[127.552,-7.517],[127.55,-7.519]]],[[[127.299,-7.515],[127.282,-7.512],[127.274,-7.52],[127.294,-7.53],[127.299,-7.515]]],[[[127.388,-7.496],[127.365,-7.5],[127.355,-7.529],[127.369,-7.587],[127.324,-7.612],[127.339,-7.649],[127.386,-7.649],[127.408,-7.6],[127.439,-7.601],[127.482,-7.572],[127.485,-7.52],[127.441,-7.523],[127.407,-7.497],[127.382,-7.509],[127.388,-7.496]]],[[[128.556,-7.354],[128.549,-7.368],[128.557,-7.383],[128.568,-7.362],[128.556,-7.354]]],[[[128.56,-7.315],[128.569,-7.283],[128.562,-7.281],[128.554,-7.3],[128.56,-7.315]]],[[[128.397,-7.217],[128.39,-7.217],[128.396,-7.22],[128.397,-7.217]]],[[[128.4,-7.219],[128.404,-7.218],[128.402,-7.217],[128.4,-7.219]]],[[[128.612,-7.062],[128.541,-7.106],[128.524,-7.143],[128.647,-7.217],[128.689,-7.164],[128.673,-7.165],[128.655,-7.138],[128.686,-7.138],[128.699,-7.106],[128.652,-7.096],[128.612,-7.062]]],[[[129.159,-6.957],[129.129,-6.956],[129.133,-6.991],[129.162,-6.983],[129.159,-6.957]]],[[[129.539,-6.708],[129.502,-6.717],[129.497,-6.753],[129.505,-6.74],[129.518,-6.758],[129.531,-6.747],[129.539,-6.708]]],[[[129.536,-6.7],[129.534,-6.698],[129.534,-6.699],[129.536,-6.7]]],[[[130.022,-6.297],[129.999,-6.299],[130.033,-6.316],[130.022,-6.297]]],[[[129.983,-6.297],[129.99,-6.299],[129.986,-6.291],[129.983,-6.297]]]]},"id":8108},{"type":"Feature","properties":{"code":8103},"geometry":{"type":"MultiPolygon","coordinates":[[[[130.044,-4.603],[130.047,-4.586],[130.036,-4.579],[130.031,-4.595],[130.044,-4.603]]],[[[129.682,-4.564],[129.692,-4.541],[129.666,-4.561],[129.682,-4.564]]],[[[129.784,-4.523],[129.763,-4.521],[129.775,-4.537],[129.784,-4.523]]],[[[129.944,-4.508],[129.928,-4.542],[129.864,-4.545],[129.864,-4.563],[129.883,-4.552],[129.918,-4.571],[129.951,-4.562],[129.944,-4.508]]],[[[129.878,-4.505],[129.868,-4.529],[129.888,-4.536],[129.893,-4.523],[129.878,-4.505]]],[[[129.849,-4.504],[129.845,-4.503],[129.848,-4.505],[129.849,-4.504]]],[[[129.895,-4.503],[129.896,-4.528],[129.903,-4.53],[129.906,-4.506],[129.895,-4.503]]],[[[129.934,-4.495],[129.938,-4.496],[129.935,-4.493],[129.934,-4.495]]],[[[127.915,-3.679],[127.91,-3.68],[127.914,-3.685],[127.915,-3.679]]],[[[127.908,-3.675],[127.91,-3.671],[127.906,-3.672],[127.908,-3.675]]],[[[127.908,-3.654],[127.904,-3.65],[127.903,-3.654],[127.908,-3.654]]],[[[128.806,-3.648],[128.772,-3.639],[128.757,-3.649],[128.761,-3.689],[128.785,-3.695],[128.811,-3.675],[128.806,-3.648]]],[[[128.613,-3.655],[128.607,-3.63],[128.604,-3.627],[128.604,-3.645],[128.613,-3.655]]],[[[128.375,-3.532],[128.379,-3.528],[128.374,-3.531],[128.375,-3.532]]],[[[128.55,-3.538],[128.446,-3.51],[128.414,-3.532],[128.424,-3.566],[128.403,-3.634],[128.465,-3.613],[128.497,-3.624],[128.512,-3.606],[128.538,-3.615],[128.576,-3.585],[128.55,-3.538]]],[[[128.603,-3.496],[128.566,-3.498],[128.554,-3.53],[128.628,-3.584],[128.608,-3.596],[128.655,-3.625],[128.665,-3.59],[128.654,-3.572],[128.698,-3.587],[128.732,-3.619],[128.73,-3.514],[128.715,-3.498],[128.693,-3.494],[128.682,-3.544],[128.639,-3.531],[128.603,-3.496]]],[[[128.271,-3.618],[128.353,-3.633],[128.354,-3.597],[128.321,-3.567],[128.353,-3.527],[128.34,-3.502],[128.254,-3.496],[128.167,-3.587],[128.027,-3.591],[127.921,-3.681],[127.917,-3.715],[127.943,-3.774],[127.994,-3.783],[128.038,-3.734],[128.082,-3.712],[128.034,-3.684],[128.044,-3.643],[128.064,-3.651],[128.143,-3.623],[128.188,-3.629],[128.2,-3.598],[128.238,-3.572],[128.27,-3.599],[128.271,-3.618]]],[[[129.167,-2.923],[129.159,-2.918],[129.165,-2.927],[129.167,-2.923]]],[[[129.18,-2.917],[129.168,-2.921],[129.178,-2.924],[129.18,-2.917]]],[[[129.221,-2.913],[129.224,-2.911],[129.221,-2.91],[129.221,-2.913]]],[[[129.229,-2.902],[129.225,-2.903],[129.23,-2.905],[129.229,-2.902]]],[[[129.208,-2.906],[129.207,-2.901],[129.205,-2.903],[129.208,-2.906]]],[[[129.235,-2.9],[129.239,-2.9],[129.236,-2.898],[129.235,-2.9]]],[[[129.082,-2.896],[129.069,-2.892],[129.071,-2.906],[129.082,-2.896]]],[[[129.06,-2.787],[129.063,-2.781],[129.059,-2.786],[129.06,-2.787]]],[[[129.043,-2.782],[129.046,-2.781],[129.044,-2.78],[129.043,-2.782]]],[[[130.11,-2.996],[130.031,-3.002],[130.011,-2.979],[129.909,-2.942],[129.901,-2.914],[129.882,-2.914],[129.892,-2.921],[129.88,-2.933],[129.866,-2.912],[129.879,-2.897],[129.813,-2.913],[129.785,-2.864],[129.708,-2.834],[129.637,-2.827],[129.618,-2.802],[129.547,-2.8],[129.528,-2.772],[129.519,-2.798],[129.469,-2.784],[129.376,-2.789],[129.346,-2.858],[129.223,-2.921],[129.209,-2.942],[129.219,-2.953],[129.186,-2.921],[129.173,-2.935],[129.195,-2.959],[129.157,-2.948],[129.131,-2.968],[129.083,-2.939],[129.063,-2.906],[129.078,-2.855],[129.053,-2.795],[128.916,-2.852],[128.805,-2.867],[128.753,-2.851],[128.763,-2.938],[128.753,-2.967],[128.741,-2.962],[128.752,-3.031],[128.775,-3.042],[128.834,-3.239],[128.885,-3.203],[128.966,-3.226],[128.966,-3.29],[128.938,-3.308],[128.929,-3.337],[128.91,-3.328],[128.928,-3.352],[128.965,-3.362],[129.084,-3.341],[129.225,-3.4],[129.41,-3.418],[129.537,-3.471],[129.559,-3.462],[129.569,-3.43],[129.55,-3.382],[129.497,-3.327],[129.519,-3.299],[129.858,-3.336],[129.899,-3.259],[129.912,-3.167],[130.044,-3.181],[130.084,-3.208],[130.105,-3.139],[130.11,-2.996]]],[[[129.024,-2.764],[129.024,-2.761],[129.023,-2.763],[129.024,-2.764]]],[[[129.003,-2.754],[128.998,-2.757],[129.004,-2.757],[129.003,-2.754]]],[[[129.019,-2.746],[129.027,-2.747],[129.023,-2.743],[129.019,-2.746]]],[[[128.995,-2.728],[128.981,-2.73],[128.978,-2.748],[128.989,-2.741],[128.995,-2.728]]]]},"id":8103},{"type":"Feature","properties":{"code":8102},"geometry":{"type":"MultiPolygon","coordinates":[[[[132.454,-6.008],[132.452,-6.008],[132.455,-6.01],[132.454,-6.008]]],[[[132.468,-5.992],[132.452,-6.021],[132.427,-6.008],[132.439,-6.037],[132.47,-6.016],[132.468,-5.992]]],[[[132.465,-5.909],[132.46,-5.904],[132.463,-5.914],[132.465,-5.909]]],[[[132.538,-5.91],[132.534,-5.878],[132.527,-5.874],[132.516,-5.9],[132.525,-5.92],[132.538,-5.91]]],[[[132.528,-5.838],[132.527,-5.856],[132.553,-5.87],[132.558,-5.86],[132.528,-5.838]]],[[[132.601,-5.834],[132.589,-5.846],[132.594,-5.859],[132.61,-5.856],[132.601,-5.834]]],[[[132.568,-5.817],[132.585,-5.838],[132.597,-5.832],[132.583,-5.819],[132.568,-5.817]]],[[[132.596,-5.816],[132.588,-5.813],[132.594,-5.822],[132.596,-5.816]]],[[[132.574,-5.795],[132.573,-5.795],[132.577,-5.795],[132.574,-5.795]]],[[[132.622,-5.813],[132.621,-5.794],[132.618,-5.793],[132.615,-5.802],[132.622,-5.813]]],[[[132.563,-5.779],[132.561,-5.785],[132.569,-5.782],[132.563,-5.779]]],[[[132.633,-5.785],[132.627,-5.784],[132.628,-5.79],[132.633,-5.785]]],[[[132.557,-5.746],[132.56,-5.747],[132.558,-5.743],[132.557,-5.746]]],[[[132.683,-5.743],[132.681,-5.74],[132.68,-5.744],[132.683,-5.743]]],[[[132.569,-5.741],[132.571,-5.739],[132.568,-5.74],[132.569,-5.741]]],[[[132.659,-5.747],[132.651,-5.743],[132.657,-5.754],[132.659,-5.747]]],[[[132.791,-5.771],[132.782,-5.73],[132.783,-5.776],[132.791,-5.771]]],[[[132.563,-5.733],[132.556,-5.729],[132.558,-5.735],[132.563,-5.733]]],[[[132.799,-5.725],[132.782,-5.727],[132.803,-5.769],[132.799,-5.725]]],[[[132.555,-5.726],[132.556,-5.722],[132.555,-5.729],[132.555,-5.726]]],[[[132.629,-5.723],[132.634,-5.722],[132.631,-5.717],[132.629,-5.723]]],[[[132.579,-5.715],[132.559,-5.706],[132.556,-5.712],[132.579,-5.715]]],[[[132.766,-5.71],[132.753,-5.704],[132.761,-5.716],[132.766,-5.71]]],[[[132.627,-5.703],[132.612,-5.7],[132.618,-5.707],[132.627,-5.703]]],[[[132.635,-5.687],[132.632,-5.684],[132.63,-5.692],[132.635,-5.687]]],[[[132.999,-5.639],[132.997,-5.642],[132.999,-5.643],[132.999,-5.639]]],[[[132.983,-5.63],[132.977,-5.633],[132.983,-5.639],[132.983,-5.63]]],[[[132.584,-5.626],[132.592,-5.619],[132.577,-5.617],[132.584,-5.626]]],[[[132.711,-5.652],[132.71,-5.59],[132.669,-5.63],[132.609,-5.594],[132.639,-5.637],[132.634,-5.675],[132.658,-5.675],[132.648,-5.712],[132.68,-5.725],[132.698,-5.756],[132.716,-5.832],[132.697,-5.873],[132.709,-5.824],[132.691,-5.751],[132.675,-5.744],[132.669,-5.784],[132.69,-5.833],[132.673,-5.846],[132.665,-5.902],[132.696,-5.909],[132.697,-5.949],[132.717,-5.925],[132.714,-5.892],[132.73,-5.895],[132.72,-5.946],[132.733,-5.952],[132.783,-5.939],[132.815,-5.846],[132.79,-5.775],[132.772,-5.813],[132.778,-5.728],[132.76,-5.718],[132.763,-5.746],[132.738,-5.691],[132.741,-5.643],[132.722,-5.645],[132.719,-5.66],[132.693,-5.656],[132.7,-5.628],[132.711,-5.652]]],[[[132.585,-5.569],[132.592,-5.564],[132.586,-5.563],[132.585,-5.569]]],[[[132.563,-5.559],[132.558,-5.558],[132.57,-5.565],[132.563,-5.559]]],[[[133.19,-5.311],[133.151,-5.272],[133.131,-5.292],[133.119,-5.279],[133.111,-5.294],[133.005,-5.649],[132.979,-5.657],[132.977,-5.639],[132.94,-5.687],[132.937,-5.777],[132.882,-5.841],[132.891,-5.857],[132.877,-5.856],[132.872,-5.879],[132.887,-5.903],[132.868,-5.904],[132.844,-6.007],[132.866,-5.964],[132.894,-5.952],[132.916,-5.902],[132.952,-5.874],[132.96,-5.854],[132.942,-5.823],[132.962,-5.743],[133.039,-5.646],[133.084,-5.625],[133.12,-5.565],[133.167,-5.356],[133.189,-5.34],[133.19,-5.311]]]]},"id":8102},{"type":"Feature","properties":{"code":8101},"geometry":{"type":"MultiPolygon","coordinates":[[[[130.92,-8.26],[130.915,-8.259],[130.914,-8.262],[130.92,-8.26]]],[[[131.081,-8.091],[131.09,-8.084],[131.087,-8.08],[131.081,-8.091]]],[[[131.032,-8.077],[130.985,-8.115],[131.003,-8.13],[130.997,-8.144],[130.943,-8.14],[130.936,-8.125],[130.923,-8.134],[130.921,-8.213],[130.872,-8.22],[130.818,-8.253],[130.757,-8.342],[130.82,-8.34],[130.827,-8.321],[130.898,-8.287],[130.882,-8.261],[130.888,-8.245],[130.925,-8.229],[130.988,-8.236],[131.141,-8.159],[131.167,-8.131],[131.166,-8.117],[131.126,-8.116],[131.066,-8.162],[131.086,-8.123],[131.032,-8.077]]],[[[131.216,-8.052],[131.2,-8.058],[131.191,-8.079],[131.21,-8.072],[131.216,-8.052]]],[[[131.28,-8.062],[131.291,-8.031],[131.268,-8.06],[131.28,-8.062]]],[[[131.194,-8.03],[131.191,-8.031],[131.19,-8.036],[131.194,-8.03]]],[[[131.07,-8.016],[131.066,-8.015],[131.065,-8.018],[131.07,-8.016]]],[[[131.085,-8.011],[131.08,-8.034],[131.099,-8.051],[131.106,-8.037],[131.085,-8.011]]],[[[131.258,-7.996],[131.251,-7.988],[131.254,-8.0],[131.258,-7.996]]],[[[131.34,-7.956],[131.336,-7.954],[131.335,-7.955],[131.34,-7.956]]],[[[131.364,-7.932],[131.361,-7.929],[131.356,-7.932],[131.364,-7.932]]],[[[131.453,-7.849],[131.447,-7.845],[131.446,-7.848],[131.453,-7.849]]],[[[131.438,-7.841],[131.435,-7.849],[131.442,-7.85],[131.438,-7.841]]],[[[131.097,-7.836],[131.096,-7.834],[131.093,-7.834],[131.097,-7.836]]],[[[131.101,-7.756],[131.104,-7.754],[131.105,-7.752],[131.101,-7.756]]],[[[131.111,-7.755],[131.112,-7.751],[131.11,-7.753],[131.111,-7.755]]],[[[131.113,-7.753],[131.114,-7.751],[131.113,-7.751],[131.113,-7.753]]],[[[131.027,-7.755],[131.024,-7.75],[131.023,-7.756],[131.027,-7.755]]],[[[131.116,-7.748],[131.116,-7.749],[131.117,-7.75],[131.116,-7.748]]],[[[131.112,-7.75],[131.108,-7.747],[131.106,-7.751],[131.112,-7.75]]],[[[130.948,-7.773],[130.954,-7.737],[130.944,-7.746],[130.948,-7.773]]],[[[131.005,-7.76],[131.003,-7.736],[130.996,-7.745],[131.005,-7.76]]],[[[131.115,-7.742],[131.116,-7.733],[131.114,-7.742],[131.115,-7.742]]],[[[131.105,-7.734],[131.107,-7.733],[131.106,-7.732],[131.105,-7.734]]],[[[131.101,-7.734],[131.105,-7.729],[131.103,-7.728],[131.101,-7.734]]],[[[131.091,-7.726],[131.064,-7.753],[131.073,-7.767],[131.087,-7.754],[131.078,-7.743],[131.097,-7.74],[131.091,-7.726]]],[[[131.102,-7.731],[131.104,-7.723],[131.099,-7.729],[131.102,-7.731]]],[[[131.091,-7.721],[131.099,-7.723],[131.092,-7.72],[131.091,-7.721]]],[[[131.098,-7.721],[131.104,-7.72],[131.1,-7.717],[131.098,-7.721]]],[[[131.036,-7.71],[131.033,-7.712],[131.037,-7.715],[131.036,-7.71]]],[[[131.109,-7.692],[131.111,-7.69],[131.109,-7.69],[131.109,-7.692]]],[[[131.113,-7.687],[131.119,-7.684],[131.115,-7.682],[131.113,-7.687]]],[[[131.052,-7.658],[131.046,-7.654],[131.048,-7.66],[131.052,-7.658]]],[[[130.944,-7.645],[130.951,-7.642],[130.946,-7.639],[130.944,-7.645]]],[[[131.124,-7.639],[131.061,-7.648],[131.044,-7.675],[131.044,-7.656],[130.969,-7.68],[130.967,-7.74],[131.04,-7.723],[131.025,-7.71],[131.035,-7.687],[131.061,-7.681],[131.053,-7.704],[131.07,-7.707],[131.102,-7.695],[131.124,-7.639]]],[[[130.996,-7.529],[130.996,-7.528],[130.995,-7.527],[130.996,-7.529]]],[[[131.164,-7.528],[131.152,-7.526],[131.157,-7.531],[131.164,-7.528]]],[[[130.983,-7.52],[130.98,-7.531],[130.965,-7.538],[130.983,-7.548],[130.995,-7.529],[130.983,-7.52]]],[[[131.038,-7.52],[131.039,-7.518],[131.037,-7.518],[131.038,-7.52]]],[[[131.139,-7.516],[131.126,-7.531],[131.154,-7.544],[131.15,-7.524],[131.139,-7.516]]],[[[131.029,-7.515],[131.031,-7.516],[131.031,-7.513],[131.029,-7.515]]],[[[130.992,-7.513],[130.991,-7.513],[130.997,-7.514],[130.992,-7.513]]],[[[131.036,-7.512],[131.033,-7.511],[131.034,-7.513],[131.036,-7.512]]],[[[131.006,-7.515],[130.997,-7.516],[131.003,-7.52],[131.006,-7.515]]],[[[131.009,-7.505],[131.01,-7.498],[131.006,-7.504],[131.009,-7.505]]],[[[130.877,-7.508],[130.837,-7.502],[130.843,-7.561],[130.913,-7.575],[130.943,-7.542],[130.981,-7.562],[130.954,-7.542],[130.977,-7.527],[130.967,-7.516],[130.988,-7.515],[130.979,-7.508],[130.935,-7.533],[130.931,-7.52],[130.87,-7.521],[130.877,-7.508]]],[[[130.81,-7.484],[130.81,-7.48],[130.809,-7.483],[130.812,-7.487],[130.818,-7.488],[130.81,-7.484]]],[[[130.836,-7.497],[130.814,-7.48],[130.811,-7.484],[130.817,-7.483],[130.824,-7.496],[130.836,-7.497]]],[[[130.821,-7.477],[130.819,-7.475],[130.817,-7.476],[130.821,-7.477]]],[[[130.827,-7.478],[130.826,-7.475],[130.825,-7.477],[130.827,-7.478]]],[[[130.821,-7.473],[130.819,-7.475],[130.825,-7.475],[130.821,-7.473]]],[[[130.825,-7.472],[130.821,-7.473],[130.826,-7.474],[130.832,-7.481],[130.825,-7.472]]],[[[131.199,-7.433],[131.198,-7.425],[131.195,-7.432],[131.199,-7.433]]],[[[131.161,-7.405],[130.989,-7.429],[130.969,-7.49],[131.003,-7.504],[131.009,-7.497],[131.012,-7.496],[131.028,-7.501],[131.059,-7.483],[131.061,-7.499],[131.036,-7.513],[131.059,-7.523],[131.084,-7.48],[131.092,-7.489],[131.132,-7.468],[131.137,-7.446],[131.168,-7.426],[131.161,-7.405]]],[[[131.174,-7.405],[131.186,-7.406],[131.183,-7.398],[131.174,-7.405]]],[[[131.326,-7.389],[131.316,-7.406],[131.328,-7.415],[131.326,-7.389]]],[[[131.231,-7.326],[131.228,-7.323],[131.228,-7.324],[131.231,-7.326]]],[[[131.256,-7.303],[131.238,-7.312],[131.242,-7.339],[131.225,-7.33],[131.226,-7.35],[131.207,-7.357],[131.269,-7.38],[131.26,-7.358],[131.302,-7.339],[131.289,-7.323],[131.277,-7.332],[131.256,-7.303]]],[[[131.39,-7.286],[131.381,-7.284],[131.382,-7.29],[131.39,-7.286]]],[[[131.409,-7.253],[131.394,-7.252],[131.404,-7.265],[131.409,-7.253]]],[[[131.375,-7.243],[131.375,-7.242],[131.373,-7.242],[131.375,-7.243]]],[[[131.48,-7.238],[131.475,-7.236],[131.475,-7.238],[131.48,-7.238]]],[[[131.467,-7.232],[131.454,-7.239],[131.462,-7.247],[131.471,-7.246],[131.467,-7.232]]],[[[131.404,-7.221],[131.405,-7.218],[131.403,-7.219],[131.404,-7.221]]],[[[131.405,-7.232],[131.386,-7.2],[131.364,-7.232],[131.379,-7.24],[131.396,-7.224],[131.405,-7.232]]],[[[131.501,-7.184],[131.502,-7.179],[131.5,-7.179],[131.501,-7.184]]],[[[131.49,-7.207],[131.485,-7.163],[131.452,-7.198],[131.49,-7.207]]],[[[131.499,-7.13],[131.495,-7.128],[131.493,-7.136],[131.499,-7.13]]],[[[131.481,-7.127],[131.478,-7.118],[131.475,-7.125],[131.481,-7.127]]],[[[131.614,-7.121],[131.611,-7.119],[131.612,-7.122],[131.614,-7.121]]],[[[131.654,-7.118],[131.529,-7.147],[131.519,-7.197],[131.537,-7.226],[131.483,-7.233],[131.458,-7.285],[131.444,-7.281],[131.432,-7.315],[131.452,-7.346],[131.425,-7.334],[131.384,-7.345],[131.393,-7.359],[131.365,-7.373],[131.383,-7.393],[131.355,-7.395],[131.344,-7.447],[131.317,-7.42],[131.236,-7.476],[131.22,-7.536],[131.183,-7.589],[131.195,-7.589],[131.172,-7.645],[131.184,-7.651],[131.156,-7.671],[131.185,-7.704],[131.208,-7.699],[131.246,-7.728],[131.17,-7.723],[131.128,-7.681],[131.106,-7.705],[131.109,-7.734],[131.106,-7.743],[131.112,-7.738],[131.111,-7.723],[131.125,-7.734],[131.114,-7.758],[131.139,-7.735],[131.15,-7.749],[131.131,-7.763],[131.137,-7.776],[131.111,-7.783],[131.137,-7.783],[131.114,-7.794],[131.145,-7.802],[131.142,-7.832],[131.106,-7.822],[131.102,-7.839],[131.082,-7.847],[131.08,-7.878],[131.102,-7.893],[131.102,-7.872],[131.118,-7.903],[131.106,-7.998],[131.184,-7.994],[131.228,-8.008],[131.292,-7.923],[131.306,-7.962],[131.285,-7.996],[131.292,-8.031],[131.341,-7.992],[131.329,-7.954],[131.355,-7.932],[131.326,-7.934],[131.342,-7.908],[131.38,-7.896],[131.36,-7.887],[131.364,-7.87],[131.431,-7.814],[131.46,-7.81],[131.451,-7.777],[131.479,-7.783],[131.484,-7.73],[131.553,-7.723],[131.585,-7.659],[131.619,-7.648],[131.667,-7.512],[131.648,-7.505],[131.671,-7.496],[131.667,-7.451],[131.706,-7.422],[131.67,-7.437],[131.669,-7.42],[131.657,-7.435],[131.662,-7.405],[131.645,-7.399],[131.682,-7.379],[131.651,-7.351],[131.658,-7.335],[131.636,-7.306],[131.631,-7.259],[131.66,-7.228],[131.711,-7.232],[131.747,-7.212],[131.718,-7.189],[131.718,-7.164],[131.689,-7.165],[131.71,-7.143],[131.679,-7.152],[131.68,-7.173],[131.639,-7.175],[131.658,-7.149],[131.654,-7.118]]],[[[131.986,-7.212],[131.915,-7.102],[131.754,-7.115],[131.719,-7.134],[131.713,-7.155],[131.726,-7.175],[131.76,-7.182],[131.777,-7.164],[131.808,-7.175],[131.812,-7.161],[131.891,-7.176],[131.908,-7.229],[131.95,-7.253],[131.974,-7.243],[131.986,-7.212]]],[[[131.449,-7.101],[131.436,-7.103],[131.434,-7.141],[131.454,-7.124],[131.449,-7.101]]],[[[131.463,-7.1],[131.464,-7.097],[131.462,-7.102],[131.463,-7.1]]],[[[131.653,-7.085],[131.651,-7.081],[131.647,-7.091],[131.653,-7.085]]],[[[131.437,-7.072],[131.429,-7.083],[131.446,-7.093],[131.437,-7.072]]],[[[131.557,-7.058],[131.563,-7.05],[131.561,-7.049],[131.557,-7.058]]],[[[131.96,-7.054],[132.005,-6.986],[131.915,-7.049],[131.909,-7.08],[131.96,-7.054]]],[[[131.604,-6.984],[131.601,-6.98],[131.6,-6.982],[131.604,-6.984]]],[[[131.587,-6.983],[131.592,-6.985],[131.591,-6.98],[131.587,-6.983]]],[[[131.578,-6.988],[131.576,-6.977],[131.574,-6.979],[131.578,-6.988]]],[[[131.593,-6.973],[131.596,-6.97],[131.594,-6.97],[131.593,-6.973]]],[[[131.512,-6.873],[131.469,-6.876],[131.456,-6.916],[131.485,-6.921],[131.509,-6.89],[131.512,-6.873]]],[[[131.536,-6.81],[131.516,-6.815],[131.507,-6.829],[131.527,-6.831],[131.536,-6.81]]],[[[131.578,-6.668],[131.517,-6.75],[131.527,-6.804],[131.585,-6.772],[131.59,-6.756],[131.557,-6.753],[131.567,-6.717],[131.599,-6.729],[131.624,-6.696],[131.622,-6.677],[131.578,-6.668]]],[[[131.587,-6.656],[131.595,-6.655],[131.588,-6.653],[131.587,-6.656]]]]},"id":8101},{"type":"Feature","properties":{"code":7603},"geometry":{"type":"Polygon","coordinates":[[[119.064,-3.104],[119.081,-3.113],[119.123,-3.094],[119.147,-3.117],[119.223,-3.072],[119.253,-3.126],[119.256,-3.165],[119.288,-3.201],[119.295,-3.252],[119.442,-3.337],[119.43,-3.263],[119.371,-3.197],[119.43,-3.172],[119.475,-3.191],[119.515,-3.171],[119.536,-3.139],[119.606,-3.119],[119.636,-3.127],[119.565,-2.997],[119.576,-2.951],[119.55,-2.897],[119.568,-2.87],[119.561,-2.812],[119.583,-2.747],[119.552,-2.728],[119.484,-2.74],[119.409,-2.781],[119.376,-2.746],[119.305,-2.729],[119.298,-2.708],[119.231,-2.712],[119.191,-2.661],[119.152,-2.671],[119.138,-2.654],[119.101,-2.67],[119.013,-2.774],[119.025,-2.806],[119.01,-2.854],[119.033,-2.928],[119.025,-2.96],[119.096,-3.003],[119.059,-3.049],[119.064,-3.104]]]},"id":7603},{"type":"Feature","properties":{"code":9428},"geometry":{"type":"MultiPolygon","coordinates":[[[[136.907,-2.178],[136.91,-2.176],[136.908,-2.176],[136.907,-2.178]]],[[[137.039,-2.108],[137.04,-2.106],[137.038,-2.107],[137.039,-2.108]]],[[[137.196,-2.013],[137.175,-2.012],[137.197,-2.019],[137.196,-2.013]]],[[[137.205,-1.982],[137.202,-1.982],[137.206,-1.984],[137.205,-1.982]]],[[[137.2,-1.985],[137.198,-1.98],[137.196,-1.984],[137.2,-1.985]]],[[[137.184,-1.982],[137.175,-1.979],[137.182,-1.984],[137.184,-1.982]]],[[[137.189,-1.977],[137.196,-1.977],[137.192,-1.975],[137.189,-1.977]]],[[[137.208,-1.984],[137.214,-1.981],[137.197,-1.97],[137.208,-1.984]]],[[[137.185,-1.97],[137.196,-1.966],[137.188,-1.957],[137.185,-1.97]]],[[[137.089,-1.856],[137.088,-1.888],[137.094,-1.894],[137.112,-1.876],[137.089,-1.856]]],[[[138.17,-1.63],[138.099,-1.615],[138.033,-1.578],[137.99,-1.531],[137.969,-1.53],[137.931,-1.458],[137.901,-1.471],[137.838,-1.461],[137.776,-1.482],[137.743,-1.476],[137.739,-1.497],[137.681,-1.504],[137.476,-1.597],[137.401,-1.655],[137.246,-1.735],[137.241,-1.751],[137.203,-1.746],[137.102,-1.793],[137.089,-1.851],[137.216,-1.979],[137.189,-2.0],[137.231,-2.042],[137.221,-2.059],[137.154,-2.103],[137.102,-2.11],[137.057,-2.098],[137.038,-2.113],[136.976,-2.132],[136.942,-2.121],[136.944,-2.14],[136.908,-2.179],[136.874,-2.175],[136.837,-2.196],[136.836,-2.172],[136.806,-2.176],[136.838,-2.219],[136.873,-2.231],[136.891,-2.271],[136.902,-2.264],[136.913,-2.285],[136.902,-2.294],[136.926,-2.3],[136.915,-2.331],[136.938,-2.347],[136.909,-2.361],[136.913,-2.385],[136.948,-2.396],[136.964,-2.425],[137.029,-2.416],[137.036,-2.46],[137.253,-2.591],[137.267,-2.631],[137.26,-2.685],[137.287,-2.719],[137.249,-2.761],[137.272,-2.777],[137.269,-2.824],[137.284,-2.843],[137.344,-2.856],[137.359,-2.878],[137.354,-2.906],[137.372,-2.92],[137.364,-2.931],[137.384,-2.945],[137.37,-2.95],[137.423,-2.994],[137.436,-3.04],[137.52,-3.058],[137.558,-3.051],[137.617,-3.112],[137.882,-3.116],[137.974,-3.134],[138.009,-3.155],[138.015,-3.235],[138.11,-3.262],[138.133,-3.283],[138.161,-3.278],[138.172,-3.236],[138.215,-3.207],[138.327,-3.194],[138.38,-3.318],[138.406,-3.329],[138.562,-3.337],[138.73,-3.285],[138.854,-3.417],[138.884,-3.429],[139.005,-3.381],[139.047,-3.392],[139.076,-3.336],[139.067,-3.296],[139.083,-3.287],[139.083,-3.31],[139.098,-3.295],[139.072,-3.274],[139.048,-3.292],[139.019,-3.284],[139.001,-3.193],[139.021,-3.186],[139.026,-3.126],[139.039,-3.129],[139.06,-3.088],[139.092,-3.073],[139.123,-3.03],[139.117,-2.99],[139.136,-2.991],[139.138,-2.941],[139.102,-2.924],[139.111,-2.902],[138.621,-2.645],[138.721,-2.477],[138.724,-2.422],[138.607,-2.264],[138.533,-2.267],[138.472,-2.22],[138.44,-2.214],[138.444,-2.204],[138.42,-2.197],[138.417,-2.208],[138.4,-2.178],[138.394,-2.191],[138.356,-2.169],[138.348,-2.177],[138.352,-2.142],[138.312,-2.119],[138.326,-2.111],[138.318,-2.088],[138.292,-2.081],[138.31,-2.068],[138.286,-2.063],[138.288,-2.044],[138.265,-2.051],[138.248,-2.035],[138.262,-2.025],[138.259,-1.988],[138.25,-1.999],[138.25,-1.983],[138.239,-1.991],[138.137,-1.94],[138.131,-1.853],[138.174,-1.744],[138.16,-1.701],[138.163,-1.681],[138.179,-1.68],[138.17,-1.63]]]]},"id":9428},{"type":"Feature","properties":{"code":9705},"geometry":{"type":"Polygon","coordinates":[[[138.977,-3.922],[139.047,-3.897],[139.034,-3.841],[139.043,-3.778],[139.063,-3.784],[139.149,-3.743],[139.244,-3.76],[139.276,-3.747],[139.276,-3.669],[139.329,-3.685],[139.335,-3.656],[139.415,-3.564],[139.457,-3.459],[139.374,-3.434],[139.361,-3.449],[139.38,-3.463],[139.337,-3.484],[139.328,-3.445],[139.306,-3.47],[139.279,-3.467],[139.27,-3.439],[139.255,-3.454],[139.265,-3.416],[139.194,-3.447],[139.181,-3.423],[139.138,-3.419],[139.14,-3.361],[139.127,-3.355],[139.112,-3.388],[139.1,-3.328],[139.076,-3.336],[139.047,-3.392],[139.005,-3.381],[138.884,-3.429],[138.854,-3.417],[138.792,-3.347],[138.756,-3.504],[138.759,-3.642],[138.696,-3.703],[138.609,-3.722],[138.611,-3.784],[138.713,-3.787],[138.784,-3.823],[138.804,-3.759],[138.823,-3.766],[138.906,-3.797],[138.894,-3.859],[138.918,-3.899],[138.977,-3.922]]]},"id":9705},{"type":"Feature","properties":{"code":7604},"geometry":{"type":"MultiPolygon","coordinates":[[[[118.89,-2.651],[118.898,-2.63],[118.891,-2.613],[118.878,-2.63],[118.89,-2.651]]],[[[119.12,-2.471],[119.124,-2.47],[119.12,-2.469],[119.12,-2.471]]],[[[117.373,-2.275],[117.374,-2.264],[117.37,-2.269],[117.373,-2.275]]],[[[117.306,-2.265],[117.32,-2.256],[117.314,-2.255],[117.306,-2.265]]],[[[119.674,-2.21],[119.651,-2.197],[119.637,-2.146],[119.478,-2.139],[119.433,-2.194],[119.411,-2.184],[119.355,-2.208],[119.335,-2.201],[119.313,-2.228],[119.289,-2.219],[119.252,-2.263],[119.229,-2.267],[119.226,-2.286],[119.204,-2.29],[119.198,-2.313],[119.142,-2.298],[119.122,-2.322],[119.142,-2.392],[119.127,-2.464],[119.145,-2.459],[119.14,-2.473],[119.04,-2.508],[119.03,-2.581],[118.912,-2.667],[118.87,-2.68],[118.819,-2.619],[118.777,-2.684],[118.784,-2.742],[118.758,-2.76],[118.769,-2.866],[118.851,-2.852],[118.886,-2.887],[118.884,-2.93],[118.943,-2.915],[118.976,-2.923],[119.027,-2.963],[119.013,-2.774],[119.061,-2.704],[119.08,-2.702],[119.122,-2.656],[119.152,-2.671],[119.191,-2.661],[119.231,-2.712],[119.298,-2.708],[119.305,-2.729],[119.376,-2.746],[119.409,-2.781],[119.484,-2.74],[119.552,-2.728],[119.583,-2.747],[119.679,-2.756],[119.746,-2.714],[119.752,-2.67],[119.796,-2.64],[119.71,-2.569],[119.731,-2.5],[119.694,-2.46],[119.719,-2.404],[119.692,-2.336],[119.673,-2.339],[119.628,-2.295],[119.632,-2.242],[119.674,-2.21]]],[[[117.39,-2.106],[117.383,-2.096],[117.381,-2.101],[117.39,-2.106]]],[[[117.622,-2.099],[117.628,-2.089],[117.623,-2.086],[117.622,-2.099]]],[[[117.081,-2.05],[117.069,-2.053],[117.079,-2.077],[117.086,-2.073],[117.081,-2.05]]],[[[117.263,-2.061],[117.269,-2.05],[117.265,-2.047],[117.263,-2.061]]],[[[117.352,-2.064],[117.353,-2.041],[117.346,-2.041],[117.343,-2.056],[117.352,-2.064]]],[[[117.301,-2.047],[117.309,-2.037],[117.298,-2.036],[117.301,-2.047]]],[[[117.33,-2.006],[117.334,-1.995],[117.325,-1.996],[117.33,-2.006]]],[[[117.26,-1.999],[117.259,-1.985],[117.247,-1.986],[117.245,-1.994],[117.26,-1.999]]],[[[117.139,-1.981],[117.146,-1.969],[117.138,-1.968],[117.139,-1.981]]],[[[117.299,-1.939],[117.308,-1.94],[117.303,-1.934],[117.299,-1.939]]],[[[117.243,-1.898],[117.255,-1.901],[117.251,-1.89],[117.243,-1.898]]]]},"id":7604},{"type":"Feature","properties":{"code":7606},"geometry":{"type":"MultiPolygon","coordinates":[[[[119.335,-1.937],[119.324,-1.945],[119.335,-1.941],[119.335,-1.937]]],[[[119.33,-1.933],[119.33,-1.935],[119.332,-1.935],[119.33,-1.933]]],[[[119.87,-2.018],[119.869,-1.89],[119.856,-1.876],[119.875,-1.862],[119.857,-1.822],[119.871,-1.78],[119.839,-1.803],[119.798,-1.794],[119.705,-1.837],[119.659,-1.837],[119.51,-1.793],[119.447,-1.752],[119.444,-1.731],[119.413,-1.731],[119.339,-1.793],[119.364,-1.856],[119.335,-1.913],[119.341,-1.934],[119.332,-1.961],[119.289,-1.952],[119.212,-1.997],[119.223,-2.013],[119.187,-2.152],[119.165,-2.161],[119.145,-2.2],[119.152,-2.239],[119.128,-2.295],[119.133,-2.307],[119.156,-2.298],[119.198,-2.313],[119.204,-2.29],[119.226,-2.286],[119.229,-2.267],[119.252,-2.263],[119.289,-2.219],[119.313,-2.228],[119.335,-2.201],[119.355,-2.208],[119.411,-2.184],[119.433,-2.194],[119.478,-2.139],[119.637,-2.146],[119.651,-2.197],[119.691,-2.208],[119.761,-2.145],[119.766,-2.124],[119.815,-2.1],[119.82,-2.055],[119.87,-2.018]]]]},"id":7606},{"type":"Feature","properties":{"code":7605},"geometry":{"type":"Polygon","coordinates":[[[119.561,-0.851],[119.526,-0.897],[119.46,-1.073],[119.385,-1.137],[119.366,-1.171],[119.339,-1.167],[119.302,-1.273],[119.332,-1.349],[119.29,-1.392],[119.288,-1.45],[119.325,-1.59],[119.302,-1.61],[119.31,-1.629],[119.284,-1.658],[119.281,-1.688],[119.3,-1.706],[119.311,-1.798],[119.337,-1.819],[119.352,-1.771],[119.438,-1.728],[119.447,-1.752],[119.51,-1.793],[119.705,-1.837],[119.798,-1.794],[119.839,-1.803],[119.87,-1.777],[119.826,-1.767],[119.797,-1.739],[119.75,-1.643],[119.727,-1.643],[119.733,-1.604],[119.671,-1.543],[119.697,-1.452],[119.641,-1.404],[119.592,-1.396],[119.582,-1.425],[119.546,-1.437],[119.542,-1.421],[119.508,-1.45],[119.518,-1.412],[119.509,-1.416],[119.502,-1.392],[119.478,-1.398],[119.447,-1.357],[119.464,-1.318],[119.522,-1.31],[119.523,-1.294],[119.481,-1.309],[119.473,-1.297],[119.523,-1.251],[119.542,-1.2],[119.564,-1.201],[119.572,-1.148],[119.607,-1.154],[119.575,-1.018],[119.556,-1.009],[119.553,-0.938],[119.572,-0.879],[119.561,-0.851]]]},"id":7605},{"type":"Feature","properties":{"code":1202},"geometry":{"type":"MultiPolygon","coordinates":[[[[99.103,0.362],[99.103,0.373],[99.088,0.362],[99.103,0.362]]],[[[99.039,0.761],[99.041,0.762],[99.038,0.762],[99.039,0.761]]],[[[99.036,0.765],[99.035,0.765],[99.038,0.764],[99.036,0.765]]],[[[99.007,0.777],[99.011,0.779],[99.008,0.78],[99.007,0.777]]],[[[98.951,0.859],[98.945,0.858],[98.952,0.858],[98.951,0.859]]],[[[98.922,0.873],[98.919,0.873],[98.921,0.871],[98.922,0.873]]],[[[98.814,1.266],[98.825,1.277],[98.814,1.276],[98.814,1.266]]],[[[99.51,1.13],[99.443,1.111],[99.427,1.092],[99.424,1.071],[99.445,1.038],[99.443,0.98],[99.428,0.976],[99.376,1.022],[99.336,1.024],[99.276,1.095],[99.261,1.053],[99.24,1.042],[99.221,1.044],[99.21,1.08],[99.187,1.095],[99.132,1.11],[99.118,1.101],[99.138,1.159],[99.049,1.204],[99.029,1.272],[98.97,1.299],[98.952,1.328],[98.867,1.279],[98.843,1.297],[98.974,0.921],[98.985,0.854],[98.97,0.845],[98.996,0.82],[99.022,0.823],[99.013,0.818],[99.058,0.743],[99.062,0.69],[99.048,0.671],[99.065,0.658],[99.045,0.638],[99.05,0.622],[99.074,0.63],[99.104,0.585],[99.109,0.549],[99.102,0.529],[99.088,0.531],[99.091,0.508],[99.116,0.508],[99.139,0.42],[99.134,0.378],[99.108,0.345],[99.147,0.331],[99.16,0.274],[99.137,0.253],[99.166,0.229],[99.199,0.289],[99.248,0.332],[99.317,0.334],[99.405,0.489],[99.519,0.551],[99.513,0.537],[99.53,0.521],[99.573,0.509],[99.641,0.545],[99.676,0.475],[99.72,0.452],[99.742,0.477],[99.78,0.482],[99.836,0.458],[99.902,0.469],[99.961,0.513],[99.95,0.524],[99.959,0.569],[99.909,0.625],[99.925,0.632],[99.911,0.679],[99.83,0.696],[99.825,0.735],[99.846,0.765],[99.844,0.814],[99.8,0.857],[99.744,0.865],[99.692,0.931],[99.643,0.919],[99.6,0.951],[99.586,0.97],[99.597,1.006],[99.568,1.065],[99.546,1.07],[99.51,1.13]]]]},"id":1202},{"type":"Feature","properties":{"code":5313},"geometry":{"type":"MultiPolygon","coordinates":[[[[120.305,-8.9],[120.287,-8.868],[120.256,-8.901],[120.274,-8.915],[120.305,-8.9]]],[[[120.492,-8.292],[120.451,-8.285],[120.428,-8.24],[120.407,-8.28],[120.37,-8.293],[120.291,-8.28],[120.284,-8.422],[120.306,-8.451],[120.345,-8.426],[120.389,-8.425],[120.399,-8.46],[120.372,-8.514],[120.352,-8.524],[120.361,-8.568],[120.33,-8.558],[120.285,-8.597],[120.279,-8.647],[120.332,-8.694],[120.312,-8.735],[120.271,-8.762],[120.283,-8.787],[120.232,-8.812],[120.233,-8.844],[120.313,-8.855],[120.368,-8.816],[120.393,-8.826],[120.437,-8.813],[120.518,-8.818],[120.501,-8.718],[120.468,-8.673],[120.491,-8.644],[120.523,-8.638],[120.51,-8.565],[120.546,-8.493],[120.513,-8.408],[120.478,-8.382],[120.492,-8.292]]]]},"id":5313},{"type":"Feature","properties":{"code":5315},"geometry":{"type":"MultiPolygon","coordinates":[[[[119.786,-8.794],[119.77,-8.818],[119.789,-8.825],[119.803,-8.8],[119.786,-8.794]]],[[[119.655,-8.784],[119.63,-8.807],[119.667,-8.816],[119.667,-8.798],[119.655,-8.784]]],[[[119.659,-8.784],[119.657,-8.784],[119.659,-8.786],[119.659,-8.784]]],[[[119.8,-8.784],[119.798,-8.783],[119.797,-8.784],[119.8,-8.784]]],[[[119.807,-8.785],[119.803,-8.782],[119.803,-8.789],[119.807,-8.785]]],[[[119.604,-8.747],[119.602,-8.748],[119.604,-8.748],[119.604,-8.747]]],[[[119.425,-8.744],[119.419,-8.754],[119.43,-8.764],[119.43,-8.76],[119.425,-8.744]]],[[[119.411,-8.741],[119.409,-8.742],[119.412,-8.742],[119.411,-8.741]]],[[[119.374,-8.744],[119.367,-8.74],[119.363,-8.747],[119.374,-8.744]]],[[[119.481,-8.738],[119.481,-8.736],[119.48,-8.738],[119.481,-8.738]]],[[[119.411,-8.739],[119.411,-8.735],[119.409,-8.737],[119.411,-8.739]]],[[[119.614,-8.725],[119.613,-8.723],[119.613,-8.725],[119.614,-8.725]]],[[[119.764,-8.712],[119.768,-8.707],[119.766,-8.698],[119.764,-8.712]]],[[[119.754,-8.696],[119.752,-8.693],[119.752,-8.695],[119.754,-8.696]]],[[[119.535,-8.693],[119.532,-8.688],[119.532,-8.692],[119.535,-8.693]]],[[[119.571,-8.692],[119.564,-8.686],[119.569,-8.693],[119.571,-8.692]]],[[[119.471,-8.691],[119.466,-8.684],[119.464,-8.687],[119.471,-8.691]]],[[[119.648,-8.687],[119.645,-8.684],[119.645,-8.685],[119.648,-8.687]]],[[[119.543,-8.68],[119.541,-8.68],[119.543,-8.681],[119.543,-8.68]]],[[[119.533,-8.678],[119.533,-8.674],[119.532,-8.678],[119.533,-8.678]]],[[[119.533,-8.668],[119.531,-8.669],[119.533,-8.67],[119.533,-8.668]]],[[[119.776,-8.668],[119.775,-8.68],[119.784,-8.678],[119.786,-8.675],[119.776,-8.668]]],[[[119.571,-8.651],[119.569,-8.648],[119.57,-8.652],[119.571,-8.651]]],[[[119.497,-8.648],[119.493,-8.648],[119.496,-8.65],[119.497,-8.648]]],[[[119.623,-8.638],[119.622,-8.636],[119.621,-8.637],[119.623,-8.638]]],[[[119.396,-8.637],[119.395,-8.635],[119.394,-8.636],[119.396,-8.637]]],[[[119.711,-8.634],[119.71,-8.632],[119.71,-8.633],[119.711,-8.634]]],[[[119.601,-8.631],[119.575,-8.638],[119.575,-8.646],[119.568,-8.656],[119.54,-8.662],[119.54,-8.678],[119.564,-8.691],[119.558,-8.665],[119.602,-8.659],[119.601,-8.631]]],[[[119.707,-8.628],[119.705,-8.63],[119.71,-8.63],[119.707,-8.628]]],[[[119.619,-8.629],[119.612,-8.629],[119.616,-8.637],[119.619,-8.629]]],[[[119.53,-8.622],[119.527,-8.626],[119.53,-8.624],[119.53,-8.622]]],[[[119.471,-8.621],[119.467,-8.618],[119.465,-8.619],[119.471,-8.621]]],[[[119.474,-8.617],[119.475,-8.616],[119.473,-8.616],[119.474,-8.617]]],[[[119.521,-8.615],[119.52,-8.614],[119.519,-8.617],[119.521,-8.615]]],[[[119.719,-8.615],[119.722,-8.613],[119.719,-8.612],[119.719,-8.615]]],[[[119.533,-8.612],[119.521,-8.61],[119.523,-8.615],[119.533,-8.612]]],[[[119.767,-8.606],[119.77,-8.603],[119.766,-8.603],[119.767,-8.606]]],[[[119.662,-8.612],[119.614,-8.609],[119.641,-8.658],[119.624,-8.681],[119.638,-8.688],[119.652,-8.668],[119.661,-8.701],[119.617,-8.707],[119.636,-8.724],[119.615,-8.724],[119.633,-8.741],[119.605,-8.733],[119.613,-8.747],[119.603,-8.754],[119.618,-8.794],[119.659,-8.773],[119.675,-8.808],[119.693,-8.81],[119.733,-8.766],[119.716,-8.763],[119.733,-8.756],[119.723,-8.74],[119.689,-8.723],[119.71,-8.679],[119.725,-8.699],[119.744,-8.698],[119.757,-8.665],[119.798,-8.657],[119.804,-8.625],[119.792,-8.614],[119.718,-8.621],[119.714,-8.655],[119.687,-8.639],[119.708,-8.669],[119.685,-8.684],[119.677,-8.672],[119.673,-8.687],[119.658,-8.656],[119.662,-8.612]]],[[[119.794,-8.602],[119.792,-8.6],[119.792,-8.602],[119.794,-8.602]]],[[[119.705,-8.601],[119.705,-8.599],[119.704,-8.6],[119.705,-8.601]]],[[[119.497,-8.599],[119.492,-8.599],[119.496,-8.601],[119.497,-8.599]]],[[[119.766,-8.598],[119.768,-8.598],[119.767,-8.597],[119.766,-8.598]]],[[[119.698,-8.596],[119.7,-8.597],[119.7,-8.594],[119.698,-8.596]]],[[[119.789,-8.599],[119.792,-8.593],[119.787,-8.596],[119.789,-8.599]]],[[[119.757,-8.593],[119.756,-8.591],[119.756,-8.594],[119.757,-8.593]]],[[[119.726,-8.591],[119.727,-8.588],[119.725,-8.59],[119.726,-8.591]]],[[[119.69,-8.587],[119.695,-8.585],[119.693,-8.584],[119.69,-8.587]]],[[[119.802,-8.585],[119.796,-8.579],[119.794,-8.583],[119.802,-8.585]]],[[[119.693,-8.578],[119.684,-8.581],[119.697,-8.58],[119.693,-8.578]]],[[[119.751,-8.576],[119.745,-8.579],[119.749,-8.581],[119.751,-8.576]]],[[[119.724,-8.578],[119.711,-8.569],[119.705,-8.574],[119.724,-8.578]]],[[[119.372,-8.559],[119.371,-8.557],[119.371,-8.56],[119.372,-8.559]]],[[[119.627,-8.554],[119.632,-8.559],[119.631,-8.556],[119.627,-8.554]]],[[[119.391,-8.553],[119.385,-8.551],[119.388,-8.556],[119.391,-8.553]]],[[[119.827,-8.552],[119.825,-8.55],[119.825,-8.552],[119.827,-8.552]]],[[[119.799,-8.55],[119.803,-8.549],[119.8,-8.548],[119.799,-8.55]]],[[[119.69,-8.549],[119.679,-8.547],[119.682,-8.557],[119.69,-8.549]]],[[[119.782,-8.55],[119.787,-8.548],[119.785,-8.545],[119.782,-8.55]]],[[[119.691,-8.551],[119.692,-8.55],[119.689,-8.55],[119.691,-8.551]]],[[[119.813,-8.547],[119.815,-8.545],[119.814,-8.544],[119.813,-8.547]]],[[[119.568,-8.543],[119.566,-8.541],[119.564,-8.542],[119.568,-8.543]]],[[[119.829,-8.544],[119.829,-8.541],[119.827,-8.542],[119.829,-8.544]]],[[[119.64,-8.541],[119.643,-8.54],[119.641,-8.538],[119.64,-8.541]]],[[[119.577,-8.535],[119.57,-8.541],[119.578,-8.538],[119.577,-8.535]]],[[[119.665,-8.536],[119.646,-8.535],[119.658,-8.567],[119.665,-8.536]]],[[[119.744,-8.528],[119.746,-8.527],[119.744,-8.525],[119.744,-8.528]]],[[[119.794,-8.522],[119.784,-8.53],[119.798,-8.53],[119.794,-8.522]]],[[[119.734,-8.521],[119.737,-8.522],[119.734,-8.519],[119.734,-8.521]]],[[[119.586,-8.519],[119.587,-8.517],[119.585,-8.518],[119.586,-8.519]]],[[[119.712,-8.519],[119.711,-8.516],[119.71,-8.518],[119.712,-8.519]]],[[[119.792,-8.518],[119.796,-8.517],[119.794,-8.516],[119.792,-8.518]]],[[[119.729,-8.518],[119.726,-8.512],[119.725,-8.518],[119.729,-8.518]]],[[[119.642,-8.518],[119.633,-8.514],[119.635,-8.521],[119.642,-8.518]]],[[[119.701,-8.518],[119.704,-8.509],[119.696,-8.512],[119.701,-8.518]]],[[[119.732,-8.51],[119.727,-8.511],[119.733,-8.512],[119.732,-8.51]]],[[[119.344,-8.509],[119.345,-8.504],[119.343,-8.507],[119.344,-8.509]]],[[[119.868,-8.496],[119.869,-8.494],[119.867,-8.495],[119.868,-8.496]]],[[[119.734,-8.501],[119.716,-8.497],[119.716,-8.518],[119.734,-8.501]]],[[[119.583,-8.495],[119.578,-8.493],[119.578,-8.498],[119.583,-8.495]]],[[[119.76,-8.494],[119.756,-8.494],[119.759,-8.497],[119.76,-8.494]]],[[[119.85,-8.489],[119.843,-8.486],[119.842,-8.491],[119.85,-8.489]]],[[[119.585,-8.489],[119.591,-8.488],[119.586,-8.486],[119.585,-8.489]]],[[[119.867,-8.484],[119.869,-8.493],[119.873,-8.486],[119.867,-8.484]]],[[[119.853,-8.489],[119.855,-8.481],[119.851,-8.488],[119.853,-8.489]]],[[[119.837,-8.48],[119.833,-8.482],[119.839,-8.484],[119.837,-8.48]]],[[[119.864,-8.467],[119.869,-8.465],[119.865,-8.464],[119.864,-8.467]]],[[[119.87,-8.462],[119.868,-8.464],[119.87,-8.464],[119.87,-8.462]]],[[[119.566,-8.467],[119.552,-8.468],[119.554,-8.477],[119.566,-8.467]]],[[[119.584,-8.452],[119.564,-8.445],[119.562,-8.459],[119.584,-8.452]]],[[[119.89,-8.44],[119.89,-8.439],[119.889,-8.44],[119.89,-8.44]]],[[[119.994,-8.438],[119.989,-8.432],[119.989,-8.438],[119.994,-8.438]]],[[[119.456,-8.428],[119.45,-8.452],[119.42,-8.449],[119.449,-8.49],[119.412,-8.502],[119.436,-8.524],[119.421,-8.529],[119.423,-8.551],[119.389,-8.559],[119.373,-8.585],[119.388,-8.6],[119.373,-8.63],[119.397,-8.622],[119.409,-8.646],[119.404,-8.688],[119.371,-8.717],[119.377,-8.737],[119.406,-8.722],[119.443,-8.751],[119.471,-8.737],[119.451,-8.744],[119.456,-8.702],[119.433,-8.675],[119.456,-8.648],[119.476,-8.652],[119.493,-8.614],[119.464,-8.627],[119.452,-8.606],[119.479,-8.605],[119.505,-8.568],[119.524,-8.582],[119.518,-8.602],[119.574,-8.595],[119.559,-8.586],[119.549,-8.529],[119.56,-8.514],[119.569,-8.532],[119.571,-8.489],[119.549,-8.498],[119.552,-8.478],[119.534,-8.497],[119.526,-8.482],[119.506,-8.494],[119.47,-8.48],[119.456,-8.428]]],[[[119.873,-8.412],[119.863,-8.409],[119.873,-8.42],[119.873,-8.412]]],[[[119.805,-8.399],[119.81,-8.395],[119.803,-8.394],[119.805,-8.399]]],[[[119.798,-8.392],[119.798,-8.391],[119.796,-8.389],[119.798,-8.392]]],[[[120.045,-8.387],[120.048,-8.385],[120.047,-8.383],[120.045,-8.387]]],[[[119.877,-8.379],[119.839,-8.379],[119.837,-8.386],[119.865,-8.401],[119.877,-8.379]]],[[[120.079,-8.369],[120.081,-8.368],[120.08,-8.368],[120.079,-8.369]]],[[[120.033,-8.368],[120.022,-8.352],[120.016,-8.372],[120.033,-8.368]]],[[[120.132,-8.338],[120.112,-8.345],[120.153,-8.351],[120.132,-8.338]]],[[[120.291,-8.28],[120.2,-8.305],[120.163,-8.377],[120.121,-8.356],[120.125,-8.417],[120.109,-8.441],[120.085,-8.437],[120.096,-8.413],[120.077,-8.41],[120.086,-8.387],[120.05,-8.405],[120.074,-8.376],[120.043,-8.397],[120.019,-8.384],[120.015,-8.412],[119.997,-8.417],[120.018,-8.439],[119.997,-8.461],[119.969,-8.428],[119.961,-8.45],[119.907,-8.475],[119.877,-8.458],[119.89,-8.442],[119.877,-8.442],[119.88,-8.427],[119.857,-8.429],[119.881,-8.477],[119.879,-8.498],[119.867,-8.524],[119.805,-8.57],[119.811,-8.668],[119.795,-8.691],[119.807,-8.733],[119.796,-8.741],[119.833,-8.806],[119.844,-8.796],[119.89,-8.812],[119.889,-8.858],[119.919,-8.865],[119.909,-8.839],[119.922,-8.843],[119.944,-8.82],[120.016,-8.819],[120.148,-8.784],[120.228,-8.841],[120.24,-8.802],[120.283,-8.787],[120.271,-8.762],[120.312,-8.735],[120.332,-8.694],[120.279,-8.647],[120.285,-8.597],[120.33,-8.558],[120.361,-8.568],[120.352,-8.524],[120.372,-8.514],[120.399,-8.46],[120.389,-8.425],[120.345,-8.426],[120.306,-8.451],[120.284,-8.422],[120.291,-8.28]]]]},"id":5315},{"type":"Feature","properties":{"code":5319},"geometry":{"type":"Polygon","coordinates":[[[120.518,-8.818],[120.596,-8.815],[120.646,-8.867],[120.745,-8.893],[120.774,-8.886],[120.788,-8.84],[120.82,-8.837],[120.811,-8.825],[120.856,-8.747],[120.844,-8.709],[120.874,-8.697],[120.891,-8.65],[120.86,-8.573],[120.874,-8.563],[120.845,-8.515],[120.881,-8.478],[120.922,-8.472],[120.912,-8.443],[120.949,-8.376],[120.939,-8.348],[120.893,-8.353],[120.883,-8.371],[120.882,-8.349],[120.854,-8.357],[120.762,-8.336],[120.733,-8.348],[120.593,-8.254],[120.605,-8.277],[120.59,-8.297],[120.558,-8.3],[120.53,-8.272],[120.492,-8.292],[120.478,-8.382],[120.513,-8.408],[120.546,-8.493],[120.51,-8.565],[120.523,-8.638],[120.491,-8.644],[120.468,-8.673],[120.501,-8.718],[120.518,-8.818]]]},"id":5319},{"type":"Feature","properties":{"code":9105},"geometry":{"type":"MultiPolygon","coordinates":[[[[134.193,-1.199],[134.177,-1.217],[134.185,-1.237],[134.203,-1.224],[134.193,-1.199]]],[[[133.898,-1.173],[133.926,-1.184],[133.899,-1.166],[133.898,-1.173]]],[[[133.872,-1.173],[133.878,-1.164],[133.87,-1.164],[133.872,-1.173]]],[[[134.098,-0.888],[134.09,-0.896],[134.106,-0.922],[134.112,-0.913],[134.098,-0.888]]],[[[134.082,-0.889],[134.082,-0.885],[134.078,-0.887],[134.082,-0.889]]],[[[133.991,-0.74],[133.996,-0.736],[133.995,-0.735],[133.991,-0.74]]],[[[134.185,-1.191],[134.105,-1.126],[134.073,-1.069],[134.07,-1.021],[134.009,-0.954],[134.02,-0.929],[134.044,-0.924],[134.05,-0.869],[134.069,-0.875],[134.068,-0.858],[134.089,-0.878],[134.12,-0.88],[134.136,-0.863],[134.082,-0.813],[134.009,-0.777],[133.973,-0.719],[133.945,-0.713],[133.932,-0.733],[133.876,-0.713],[133.813,-0.747],[133.795,-0.724],[133.739,-0.718],[133.719,-0.75],[133.571,-0.72],[133.568,-0.737],[133.508,-0.744],[133.483,-0.773],[133.47,-0.883],[133.824,-0.947],[133.825,-1.063],[133.89,-1.061],[133.891,-1.022],[133.869,-1.008],[133.885,-1.004],[133.925,-1.032],[133.936,-1.01],[133.95,-1.034],[133.99,-1.038],[133.957,-1.067],[133.937,-1.045],[133.869,-1.101],[133.893,-1.118],[133.893,-1.146],[133.925,-1.165],[133.93,-1.135],[134.009,-1.077],[134.018,-1.134],[134.071,-1.181],[134.05,-1.208],[134.087,-1.288],[134.185,-1.191]],[[133.972,-0.959],[133.963,-0.957],[133.966,-0.952],[133.972,-0.959]],[[134.005,-0.998],[134.003,-0.989],[134.009,-0.99],[134.005,-0.998]]]]},"id":9105},{"type":"Feature","properties":{"code":9111},"geometry":{"type":"Polygon","coordinates":[[[134.193,-1.199],[134.168,-1.205],[134.087,-1.288],[134.107,-1.332],[134.061,-1.385],[134.04,-1.441],[133.989,-1.421],[133.879,-1.516],[133.74,-1.389],[133.662,-1.364],[133.652,-1.588],[133.866,-1.596],[133.868,-1.691],[133.835,-1.806],[133.882,-2.022],[134.018,-2.004],[134.003,-1.771],[134.092,-1.768],[134.07,-1.653],[134.12,-1.636],[134.198,-1.547],[134.211,-1.499],[134.198,-1.453],[134.215,-1.406],[134.246,-1.352],[134.279,-1.347],[134.203,-1.224],[134.175,-1.233],[134.193,-1.199]]]},"id":9111},{"type":"Feature","properties":{"code":9503},"geometry":{"type":"MultiPolygon","coordinates":[[[[138.784,-7.16],[138.805,-7.159],[138.779,-7.15],[138.784,-7.16]]],[[[138.716,-7.116],[138.716,-7.156],[138.77,-7.164],[138.757,-7.143],[138.716,-7.116]]],[[[138.641,-6.566],[138.664,-6.576],[138.696,-6.623],[138.666,-6.654],[138.673,-6.724],[138.616,-6.736],[138.61,-6.755],[138.672,-6.832],[138.676,-6.867],[138.666,-6.883],[138.626,-6.876],[138.58,-6.9],[138.56,-6.934],[138.612,-7.009],[138.764,-7.119],[138.851,-7.155],[138.856,-7.172],[138.832,-7.206],[138.677,-7.195],[138.667,-7.214],[139.828,-7.453],[140.057,-7.266],[140.072,-6.433],[139.788,-6.417],[139.854,-6.324],[139.858,-6.286],[139.824,-6.257],[139.825,-6.206],[139.869,-6.191],[139.727,-5.716],[139.726,-5.438],[139.704,-5.235],[139.644,-5.041],[139.258,-5.547],[138.943,-5.722],[138.924,-6.42],[138.85,-6.481],[138.791,-6.478],[138.745,-6.514],[138.682,-6.514],[138.641,-6.566]]]]},"id":9503},{"type":"Feature","properties":{"code":7308},"geometry":{"type":"Polygon","coordinates":[[[119.812,-4.766],[119.793,-4.867],[119.805,-4.924],[119.774,-4.942],[119.746,-4.929],[119.673,-4.952],[119.668,-4.929],[119.612,-4.887],[119.58,-4.905],[119.515,-4.884],[119.519,-4.939],[119.466,-5.025],[119.478,-5.058],[119.527,-5.063],[119.541,-5.083],[119.539,-5.124],[119.517,-5.15],[119.493,-5.15],[119.501,-5.162],[119.571,-5.174],[119.6,-5.152],[119.646,-5.178],[119.667,-5.165],[119.748,-5.181],[119.798,-5.211],[119.857,-5.168],[119.87,-5.119],[119.846,-5.047],[119.884,-5.001],[119.897,-4.916],[119.932,-4.89],[119.92,-4.857],[119.95,-4.795],[119.972,-4.78],[119.884,-4.718],[119.866,-4.743],[119.812,-4.766]]]},"id":7308},{"type":"Feature","properties":{"code":9204},"geometry":{"type":"Polygon","coordinates":[[[132.708,-1.16],[132.505,-1.126],[132.487,-1.094],[132.452,-1.088],[132.025,-1.067],[132.07,-1.17],[132.072,-1.225],[132.013,-1.241],[132.013,-1.303],[132.121,-1.361],[132.101,-1.428],[132.202,-1.444],[132.236,-1.434],[132.289,-1.469],[132.31,-1.506],[132.305,-1.547],[132.321,-1.542],[132.413,-1.627],[132.438,-1.703],[132.496,-1.781],[132.568,-1.594],[132.599,-1.414],[132.719,-1.219],[132.708,-1.16]]]},"id":9204},{"type":"Feature","properties":{"code":6110},"geometry":{"type":"Polygon","coordinates":[[[112.459,-0.672],[112.455,-0.563],[112.428,-0.537],[112.415,-0.401],[112.375,-0.371],[112.366,-0.344],[112.38,-0.181],[112.128,-0.305],[112.125,-0.277],[112.03,-0.215],[111.988,-0.227],[111.943,-0.195],[111.896,-0.234],[111.868,-0.238],[111.837,-0.195],[111.774,-0.179],[111.726,-0.145],[111.7,-0.155],[111.689,-0.14],[111.646,-0.197],[111.621,-0.204],[111.607,-0.186],[111.569,-0.222],[111.48,-0.229],[111.446,-0.35],[111.368,-0.361],[111.235,-0.51],[111.202,-0.525],[111.239,-0.588],[111.265,-0.587],[111.268,-0.601],[111.221,-0.658],[111.242,-0.7],[111.233,-0.783],[111.211,-0.831],[111.217,-0.863],[111.196,-0.88],[111.163,-0.863],[111.17,-0.909],[111.124,-0.93],[111.114,-0.951],[111.15,-0.964],[111.143,-1.007],[111.205,-1.018],[111.265,-1.097],[111.235,-1.183],[111.26,-1.209],[111.265,-1.253],[111.313,-1.257],[111.324,-1.301],[111.37,-1.329],[111.394,-1.326],[111.383,-1.28],[111.446,-1.224],[111.47,-1.213],[111.516,-1.222],[111.558,-1.201],[111.568,-1.109],[111.623,-1.064],[111.622,-0.999],[111.64,-0.972],[111.7,-0.953],[111.749,-0.912],[111.825,-0.911],[111.888,-0.841],[111.917,-0.841],[111.922,-0.793],[112.021,-0.79],[112.091,-0.698],[112.146,-0.73],[112.175,-0.725],[112.165,-0.689],[112.177,-0.642],[112.21,-0.615],[112.273,-0.646],[112.314,-0.722],[112.345,-0.705],[112.387,-0.713],[112.427,-0.673],[112.459,-0.672]]]},"id":6110},{"type":"Feature","properties":{"code":6104},"geometry":{"type":"MultiPolygon","coordinates":[[[[108.858,0.475],[108.858,0.516],[108.85,0.513],[108.838,0.499],[108.858,0.475]]],[[[108.926,0.561],[108.908,0.482],[108.938,0.449],[108.946,0.409],[108.939,0.371],[108.914,0.348],[108.918,0.328],[109.015,0.297],[109.086,0.25],[109.128,0.189],[109.142,0.119],[109.175,0.074],[109.235,0.033],[109.29,0.008],[109.309,0.038],[109.37,0.021],[109.351,0.206],[109.383,0.255],[109.259,0.263],[109.2,0.29],[109.216,0.321],[109.236,0.319],[109.235,0.341],[109.263,0.336],[109.322,0.362],[109.292,0.429],[109.241,0.472],[109.223,0.468],[109.246,0.551],[109.289,0.606],[109.278,0.626],[109.26,0.645],[109.212,0.642],[109.148,0.686],[108.998,0.541],[108.99,0.553],[108.954,0.527],[108.926,0.561]]]]},"id":6104},{"type":"Feature","properties":{"code":1502},"geometry":{"type":"Polygon","coordinates":[[[101.882,-2.733],[101.99,-2.723],[102.028,-2.756],[102.075,-2.765],[102.087,-2.69],[102.063,-2.621],[102.103,-2.601],[102.093,-2.564],[102.156,-2.508],[102.123,-2.416],[102.222,-2.397],[102.292,-2.35],[102.301,-2.386],[102.352,-2.379],[102.403,-2.313],[102.424,-2.246],[102.46,-2.195],[102.574,-2.202],[102.63,-2.147],[102.614,-2.102],[102.577,-2.099],[102.487,-2.011],[102.465,-1.945],[102.459,-1.8],[102.514,-1.714],[102.496,-1.686],[102.508,-1.694],[102.523,-1.676],[102.52,-1.646],[102.407,-1.714],[102.362,-1.676],[102.345,-1.678],[102.243,-1.746],[102.216,-1.783],[102.135,-1.791],[102.143,-1.834],[102.114,-1.877],[102.071,-1.872],[102.033,-1.906],[101.994,-1.909],[101.978,-1.874],[101.918,-1.836],[101.885,-1.848],[101.827,-1.821],[101.781,-1.835],[101.731,-1.876],[101.66,-1.874],[101.631,-1.891],[101.655,-1.954],[101.718,-1.997],[101.721,-2.025],[101.787,-2.109],[101.788,-2.139],[101.837,-2.181],[101.812,-2.177],[101.775,-2.204],[101.742,-2.29],[101.696,-2.345],[101.639,-2.35],[101.617,-2.332],[101.598,-2.336],[101.594,-2.361],[101.549,-2.351],[101.561,-2.462],[101.542,-2.563],[101.553,-2.571],[101.574,-2.544],[101.621,-2.547],[101.669,-2.529],[101.774,-2.65],[101.815,-2.672],[101.814,-2.691],[101.882,-2.733]]]},"id":1502},{"type":"Feature","properties":{"code":9501},"geometry":{"type":"MultiPolygon","coordinates":[[[[138.969,-8.365],[138.925,-8.324],[138.92,-8.329],[138.926,-8.361],[138.969,-8.365]]],[[[138.956,-8.332],[138.932,-8.314],[138.93,-8.316],[138.952,-8.341],[138.978,-8.336],[138.956,-8.332]]],[[[138.57,-8.306],[138.581,-8.291],[138.554,-8.325],[138.565,-8.322],[138.57,-8.306]]],[[[139.0,-8.296],[138.954,-8.295],[138.935,-8.312],[138.974,-8.329],[139.0,-8.296]]],[[[138.915,-8.299],[138.853,-8.293],[138.854,-8.303],[138.848,-8.308],[138.849,-8.313],[138.852,-8.314],[138.852,-8.316],[138.853,-8.35],[138.847,-8.375],[138.845,-8.376],[138.841,-8.374],[138.846,-8.377],[138.846,-8.38],[138.839,-8.385],[138.803,-8.384],[138.867,-8.39],[138.906,-8.379],[138.915,-8.299]]],[[[138.901,-8.281],[138.855,-8.269],[138.885,-8.288],[138.901,-8.281]]],[[[138.997,-8.284],[138.994,-8.263],[138.978,-8.275],[138.98,-8.287],[138.997,-8.284]]],[[[138.849,-8.264],[138.858,-8.266],[138.847,-8.256],[138.849,-8.264]]],[[[139.441,-8.244],[139.443,-8.24],[139.44,-8.242],[139.441,-8.244]]],[[[138.994,-8.262],[138.993,-8.229],[138.952,-8.269],[138.945,-8.264],[138.934,-8.277],[138.925,-8.277],[138.933,-8.302],[138.95,-8.278],[138.951,-8.295],[138.979,-8.287],[138.978,-8.275],[138.994,-8.262]]],[[[138.644,-8.227],[138.657,-8.224],[138.656,-8.22],[138.644,-8.227]]],[[[138.881,-8.271],[138.886,-8.238],[138.851,-8.205],[138.848,-8.254],[138.881,-8.271]]],[[[138.693,-8.155],[138.714,-8.16],[138.707,-8.154],[138.693,-8.155]]],[[[138.75,-8.152],[138.758,-8.145],[138.745,-8.153],[138.75,-8.152]]],[[[138.809,-8.16],[138.814,-8.137],[138.77,-8.152],[138.772,-8.171],[138.762,-8.157],[138.678,-8.17],[138.663,-8.235],[138.586,-8.29],[138.567,-8.321],[138.552,-8.332],[138.559,-8.348],[138.726,-8.385],[138.797,-8.379],[138.839,-8.384],[138.84,-8.373],[138.85,-8.362],[138.852,-8.316],[138.836,-8.301],[138.851,-8.305],[138.854,-8.303],[138.852,-8.294],[138.854,-8.29],[138.87,-8.283],[138.844,-8.26],[138.844,-8.211],[138.833,-8.207],[138.846,-8.198],[138.823,-8.148],[138.809,-8.16]]],[[[139.582,-8.136],[139.581,-8.135],[139.581,-8.136],[139.582,-8.136]]],[[[138.837,-8.09],[138.84,-8.087],[138.836,-8.089],[138.837,-8.09]]],[[[138.916,-7.896],[138.938,-7.886],[138.942,-7.882],[138.924,-7.886],[138.916,-7.896]]],[[[138.998,-7.727],[138.996,-7.725],[138.995,-7.727],[138.997,-7.728],[139.0,-7.726],[138.998,-7.727]]],[[[138.778,-7.377],[138.625,-7.368],[138.288,-7.439],[138.147,-7.514],[138.037,-7.613],[137.986,-7.682],[137.969,-7.732],[137.926,-7.762],[137.868,-7.852],[137.8,-8.0],[137.815,-8.038],[137.766,-8.07],[137.706,-8.172],[137.64,-8.417],[137.655,-8.446],[137.691,-8.418],[137.874,-8.372],[138.076,-8.387],[138.222,-8.378],[138.262,-8.39],[138.272,-8.422],[138.367,-8.413],[138.446,-8.381],[138.491,-8.346],[138.51,-8.306],[138.535,-8.304],[138.615,-8.249],[138.682,-8.147],[138.678,-8.142],[138.671,-8.098],[138.681,-8.146],[138.724,-8.136],[138.717,-8.146],[138.735,-8.153],[138.755,-8.142],[138.801,-8.136],[138.811,-8.089],[138.833,-8.068],[138.912,-8.076],[138.89,-8.04],[138.892,-8.013],[138.882,-8.017],[138.868,-8.016],[138.846,-8.009],[138.842,-8.001],[138.882,-8.016],[138.901,-7.992],[138.89,-7.926],[138.871,-7.926],[138.89,-7.925],[138.895,-7.897],[138.891,-7.9],[138.892,-7.907],[138.891,-7.908],[138.852,-7.895],[138.892,-7.908],[138.89,-7.902],[138.893,-7.895],[138.895,-7.895],[138.897,-7.901],[138.908,-7.885],[138.913,-7.884],[138.901,-7.883],[138.893,-7.878],[138.893,-7.868],[138.913,-7.883],[138.913,-7.885],[138.911,-7.886],[138.908,-7.886],[138.909,-7.889],[138.994,-7.849],[138.99,-7.76],[139.004,-7.725],[139.001,-7.722],[139.001,-7.726],[138.998,-7.729],[138.996,-7.729],[138.979,-7.72],[138.989,-7.725],[138.995,-7.719],[139.0,-7.725],[139.001,-7.721],[139.005,-7.724],[139.023,-7.701],[139.041,-7.628],[139.087,-7.573],[139.022,-7.557],[138.986,-7.557],[138.985,-7.57],[138.985,-7.557],[138.909,-7.536],[138.902,-7.525],[138.905,-7.547],[138.897,-7.556],[138.902,-7.556],[138.906,-7.559],[138.906,-7.57],[138.911,-7.568],[138.906,-7.57],[138.902,-7.556],[138.897,-7.557],[138.888,-7.555],[138.881,-7.55],[138.872,-7.581],[138.88,-7.55],[138.904,-7.548],[138.901,-7.524],[138.926,-7.535],[138.879,-7.482],[138.865,-7.437],[138.778,-7.377]]],[[[140.848,-6.618],[139.828,-7.453],[138.667,-7.214],[138.768,-7.259],[138.813,-7.297],[138.83,-7.302],[138.842,-7.286],[138.855,-7.29],[138.832,-7.302],[138.906,-7.365],[138.967,-7.52],[139.033,-7.514],[139.036,-7.503],[139.034,-7.514],[139.085,-7.529],[139.082,-7.523],[139.084,-7.513],[139.085,-7.512],[139.089,-7.512],[139.091,-7.514],[139.092,-7.511],[139.085,-7.527],[139.109,-7.568],[139.132,-7.555],[139.134,-7.535],[139.149,-7.529],[139.143,-7.5],[139.155,-7.515],[139.182,-7.474],[139.213,-7.479],[139.178,-7.481],[139.173,-7.505],[139.159,-7.519],[139.147,-7.513],[139.151,-7.53],[139.135,-7.538],[139.134,-7.56],[139.141,-7.565],[139.143,-7.559],[139.146,-7.561],[139.143,-7.559],[139.144,-7.57],[139.134,-7.581],[139.154,-7.588],[139.163,-7.61],[139.153,-7.588],[139.137,-7.588],[139.133,-7.58],[139.133,-7.576],[139.143,-7.568],[139.134,-7.563],[139.132,-7.558],[139.112,-7.569],[139.123,-7.584],[139.11,-7.571],[139.119,-7.616],[139.14,-7.609],[139.131,-7.628],[139.11,-7.62],[139.115,-7.647],[139.13,-7.639],[139.112,-7.649],[139.124,-7.659],[139.101,-7.647],[139.097,-7.671],[139.085,-7.665],[139.09,-7.652],[139.102,-7.646],[139.114,-7.646],[139.106,-7.601],[139.062,-7.642],[139.056,-7.687],[139.068,-7.682],[139.075,-7.685],[139.056,-7.689],[139.014,-7.765],[139.018,-7.852],[139.047,-7.86],[139.017,-7.854],[138.913,-7.92],[138.922,-7.976],[138.903,-8.03],[138.927,-8.06],[138.928,-8.057],[138.927,-8.054],[138.928,-8.052],[138.937,-8.049],[138.927,-8.068],[138.918,-8.083],[138.862,-8.089],[138.836,-8.113],[138.855,-8.184],[138.914,-8.271],[138.933,-8.276],[138.94,-8.267],[138.95,-8.258],[138.962,-8.254],[138.943,-8.25],[138.963,-8.254],[138.993,-8.228],[138.97,-8.204],[139.068,-8.153],[139.067,-8.136],[139.208,-8.097],[139.227,-8.098],[139.278,-8.176],[139.339,-8.205],[139.456,-8.193],[139.58,-8.144],[139.585,-8.14],[139.58,-8.135],[139.584,-8.129],[139.713,-8.097],[139.941,-8.102],[139.972,-8.172],[140.016,-8.221],[140.169,-8.337],[140.227,-8.356],[140.26,-8.409],[140.355,-8.474],[140.39,-8.523],[140.502,-8.615],[140.529,-8.687],[140.602,-8.798],[140.767,-8.947],[140.835,-9.032],[140.899,-9.089],[141.019,-9.12],[141.019,-6.889],[140.988,-6.904],[140.969,-6.89],[140.954,-6.911],[140.938,-6.89],[140.953,-6.857],[140.941,-6.873],[140.915,-6.873],[140.895,-6.844],[140.917,-6.82],[140.869,-6.794],[140.899,-6.753],[140.845,-6.718],[140.844,-6.682],[140.869,-6.678],[140.859,-6.662],[140.873,-6.652],[140.854,-6.641],[140.874,-6.62],[140.848,-6.618]]]]},"id":9501},{"type":"Feature","properties":{"code":1811},"geometry":{"type":"Polygon","coordinates":[[[105.752,-4.147],[105.702,-4.139],[105.711,-4.108],[105.687,-4.101],[105.684,-4.079],[105.654,-4.091],[105.66,-4.048],[105.625,-4.043],[105.606,-4.058],[105.63,-4.005],[105.59,-3.953],[105.611,-3.94],[105.599,-3.926],[105.586,-3.939],[105.562,-3.928],[105.573,-3.901],[105.548,-3.881],[105.523,-3.892],[105.512,-3.872],[105.524,-3.84],[105.492,-3.84],[105.48,-3.821],[105.432,-3.826],[105.436,-3.787],[105.42,-3.778],[105.358,-3.797],[105.333,-3.723],[105.318,-3.731],[105.304,-3.791],[105.283,-3.798],[105.292,-3.845],[105.275,-3.878],[105.243,-3.906],[105.229,-3.889],[105.205,-3.89],[105.179,-3.904],[105.164,-3.937],[105.139,-3.934],[105.142,-3.972],[105.105,-4.018],[105.119,-4.048],[105.095,-4.046],[105.049,-4.141],[105.073,-4.174],[105.066,-4.216],[105.11,-4.203],[105.107,-4.223],[105.13,-4.21],[105.144,-4.222],[105.144,-4.201],[105.204,-4.17],[105.237,-4.192],[105.277,-4.189],[105.312,-4.159],[105.364,-4.162],[105.365,-4.129],[105.402,-4.119],[105.425,-4.119],[105.423,-4.161],[105.467,-4.159],[105.468,-4.134],[105.504,-4.131],[105.504,-4.161],[105.601,-4.192],[105.606,-4.218],[105.622,-4.22],[105.653,-4.217],[105.654,-4.195],[105.757,-4.194],[105.752,-4.147]]]},"id":1811},{"type":"Feature","properties":{"code":9601},"geometry":{"type":"MultiPolygon","coordinates":[[[[137.501,-5.238],[137.507,-5.23],[137.5,-5.235],[137.501,-5.238]]],[[[137.515,-5.213],[137.516,-5.212],[137.516,-5.203],[137.515,-5.213]]],[[[137.508,-5.197],[137.509,-5.17],[137.497,-5.183],[137.508,-5.197]]],[[[137.19,-5.032],[137.184,-5.037],[137.196,-5.044],[137.19,-5.032]]],[[[136.827,-4.92],[136.831,-4.916],[136.827,-4.913],[136.827,-4.92]]],[[[136.88,-4.911],[136.882,-4.912],[136.882,-4.91],[136.88,-4.911]]],[[[136.804,-4.899],[136.816,-4.91],[136.823,-4.91],[136.804,-4.899]]],[[[136.797,-4.894],[136.79,-4.896],[136.802,-4.898],[136.797,-4.894]]],[[[136.788,-4.89],[136.787,-4.887],[136.785,-4.887],[136.788,-4.89]]],[[[136.919,-4.875],[136.916,-4.871],[136.916,-4.877],[136.919,-4.875]]],[[[136.92,-4.862],[136.921,-4.859],[136.918,-4.861],[136.92,-4.862]]],[[[136.923,-4.865],[136.927,-4.868],[136.925,-4.858],[136.923,-4.865]]],[[[136.699,-4.855],[136.689,-4.854],[136.705,-4.855],[136.699,-4.855]]],[[[136.68,-4.848],[136.683,-4.846],[136.679,-4.847],[136.68,-4.848]]],[[[136.301,-4.672],[136.298,-4.671],[136.298,-4.673],[136.301,-4.672]]],[[[137.577,-4.652],[137.578,-4.584],[137.664,-4.473],[137.678,-4.172],[137.32,-4.161],[137.291,-4.031],[137.124,-4.02],[136.971,-4.125],[136.824,-4.138],[136.73,-4.126],[136.703,-4.189],[136.67,-4.217],[136.489,-4.212],[136.536,-4.293],[136.486,-4.316],[136.427,-4.319],[136.425,-4.293],[136.342,-4.296],[136.328,-4.272],[136.268,-4.259],[136.249,-4.295],[136.174,-4.238],[136.094,-4.254],[136.07,-4.276],[136.049,-4.258],[135.984,-4.256],[135.957,-4.227],[135.813,-4.225],[135.686,-4.19],[135.617,-4.218],[135.441,-4.192],[135.398,-4.16],[135.364,-4.157],[135.335,-4.177],[135.298,-4.155],[135.065,-4.149],[135.047,-4.045],[134.87,-4.251],[134.911,-4.266],[134.955,-4.323],[135.022,-4.344],[135.04,-4.375],[135.064,-4.373],[135.062,-4.387],[135.207,-4.465],[135.409,-4.432],[135.718,-4.497],[135.789,-4.483],[135.923,-4.491],[136.111,-4.621],[136.208,-4.658],[136.294,-4.673],[136.311,-4.658],[136.354,-4.674],[136.443,-4.739],[136.487,-4.739],[136.54,-4.787],[136.643,-4.833],[136.696,-4.84],[136.742,-4.872],[136.788,-4.864],[136.79,-4.887],[136.83,-4.913],[136.923,-4.856],[136.925,-4.856],[136.93,-4.867],[136.924,-4.896],[136.976,-4.938],[137.059,-4.918],[137.057,-4.939],[137.091,-4.973],[137.122,-4.961],[137.179,-5.007],[137.215,-4.98],[137.281,-5.023],[137.306,-5.012],[137.417,-5.123],[137.448,-5.098],[137.497,-5.145],[137.521,-5.133],[137.554,-5.146],[137.62,-5.136],[137.631,-5.122],[137.602,-5.087],[137.815,-4.944],[137.813,-4.894],[137.651,-4.79],[137.577,-4.652]]]]},"id":9601},{"type":"Feature","properties":{"code":7102},"geometry":{"type":"Polygon","coordinates":[[[124.784,1.461],[124.752,1.454],[124.675,1.394],[124.617,1.418],[124.564,1.378],[124.622,1.336],[124.717,1.325],[124.725,1.301],[124.704,1.286],[124.731,1.258],[124.759,1.252],[124.725,1.187],[124.744,1.143],[124.736,1.114],[124.77,1.096],[124.837,1.121],[124.908,1.017],[125.023,1.142],[125.063,1.286],[125.024,1.288],[124.996,1.328],[124.973,1.299],[124.922,1.35],[124.931,1.375],[124.907,1.456],[124.872,1.465],[124.861,1.436],[124.825,1.429],[124.786,1.443],[124.784,1.461]],[[124.917,1.283],[124.93,1.247],[124.889,1.169],[124.857,1.211],[124.917,1.283]],[[124.83,1.405],[124.863,1.352],[124.892,1.35],[124.855,1.294],[124.854,1.264],[124.826,1.253],[124.781,1.288],[124.75,1.281],[124.74,1.315],[124.77,1.367],[124.804,1.36],[124.811,1.397],[124.83,1.405]]]},"id":7102},{"type":"Feature","properties":{"code":7105},"geometry":{"type":"MultiPolygon","coordinates":[[[[124.503,1.301],[124.511,1.298],[124.509,1.305],[124.503,1.301]]],[[[124.418,0.808],[124.447,0.771],[124.489,0.766],[124.497,0.821],[124.56,0.867],[124.577,0.914],[124.579,1.005],[124.558,1.017],[124.554,1.04],[124.566,1.044],[124.55,1.088],[124.579,1.108],[124.587,1.083],[124.736,1.114],[124.744,1.143],[124.725,1.187],[124.759,1.252],[124.731,1.258],[124.704,1.286],[124.725,1.301],[124.717,1.325],[124.622,1.336],[124.55,1.376],[124.512,1.316],[124.543,1.275],[124.571,1.281],[124.611,1.253],[124.576,1.185],[124.564,1.18],[124.527,1.215],[124.516,1.187],[124.415,1.195],[124.342,1.156],[124.357,1.134],[124.297,1.004],[124.355,0.986],[124.376,0.957],[124.367,0.921],[124.379,0.87],[124.434,0.832],[124.418,0.808]]]]},"id":7105},{"type":"Feature","properties":{"code":7109},"geometry":{"type":"MultiPolygon","coordinates":[[[[124.736,0.858],[124.722,0.853],[124.722,0.85],[124.726,0.849],[124.736,0.858]]],[[[124.746,0.864],[124.743,0.863],[124.747,0.862],[124.746,0.864]]],[[[124.764,0.873],[124.763,0.878],[124.762,0.874],[124.764,0.873]]],[[[124.734,0.881],[124.729,0.882],[124.727,0.879],[124.734,0.881]]],[[[124.739,0.884],[124.734,0.882],[124.738,0.882],[124.739,0.884]]],[[[124.781,0.888],[124.783,0.891],[124.78,0.889],[124.781,0.888]]],[[[124.791,0.921],[124.789,0.925],[124.789,0.918],[124.791,0.921]]],[[[124.791,0.93],[124.786,0.926],[124.79,0.927],[124.791,0.93]]],[[[124.902,0.959],[124.902,0.961],[124.901,0.96],[124.902,0.959]]],[[[124.918,0.975],[124.896,0.976],[124.912,0.969],[124.918,0.975]]],[[[124.698,0.844],[124.721,0.849],[124.706,0.857],[124.716,0.896],[124.76,0.887],[124.788,0.944],[124.885,0.971],[124.887,0.99],[124.894,0.98],[124.891,1.003],[124.908,1.017],[124.837,1.121],[124.77,1.096],[124.736,1.114],[124.587,1.083],[124.579,1.108],[124.55,1.088],[124.566,1.044],[124.554,1.04],[124.558,1.017],[124.579,1.005],[124.58,0.934],[124.651,0.956],[124.66,0.89],[124.698,0.844]]]]},"id":7109},{"type":"Feature","properties":{"code":7106},"geometry":{"type":"MultiPolygon","coordinates":[[[[124.954,1.686],[124.954,1.685],[124.956,1.685],[124.954,1.686]]],[[[125.023,1.686],[125.022,1.689],[125.019,1.687],[125.023,1.686]]],[[[124.948,1.69],[124.953,1.699],[124.95,1.701],[124.948,1.69]]],[[[125.031,1.698],[125.017,1.695],[125.029,1.687],[125.031,1.698]]],[[[124.958,1.709],[124.956,1.711],[124.956,1.708],[124.958,1.709]]],[[[124.78,1.697],[124.766,1.744],[124.752,1.718],[124.731,1.727],[124.741,1.705],[124.78,1.697]]],[[[125.159,1.743],[125.153,1.743],[125.157,1.74],[125.159,1.743]]],[[[124.754,1.747],[124.754,1.749],[124.753,1.748],[124.754,1.747]]],[[[124.747,1.747],[124.748,1.75],[124.746,1.749],[124.747,1.747]]],[[[125.155,1.595],[125.143,1.622],[125.175,1.684],[125.143,1.687],[125.134,1.667],[125.117,1.676],[125.111,1.662],[125.016,1.684],[125.012,1.694],[125.025,1.73],[124.99,1.751],[124.984,1.719],[124.962,1.728],[124.964,1.673],[124.94,1.693],[124.924,1.673],[124.931,1.656],[124.917,1.651],[124.918,1.662],[124.865,1.597],[124.82,1.582],[124.843,1.564],[124.902,1.575],[124.928,1.564],[124.933,1.507],[124.894,1.484],[124.891,1.458],[124.914,1.444],[124.931,1.375],[124.922,1.35],[124.973,1.299],[124.996,1.328],[125.024,1.288],[125.067,1.295],[125.07,1.352],[125.104,1.396],[125.092,1.447],[125.03,1.453],[125.083,1.512],[125.071,1.536],[125.136,1.563],[125.155,1.595]],[[124.959,1.676],[124.96,1.672],[124.958,1.676],[124.959,1.676]]],[[[124.749,1.75],[124.75,1.752],[124.749,1.751],[124.749,1.75]]],[[[124.744,1.728],[124.738,1.752],[124.734,1.743],[124.744,1.728]]],[[[124.755,1.745],[124.766,1.745],[124.758,1.753],[124.755,1.745]]],[[[125.035,1.764],[125.034,1.763],[125.037,1.76],[125.035,1.764]]],[[[124.804,1.783],[124.804,1.785],[124.803,1.784],[124.804,1.783]]],[[[125.058,1.765],[125.056,1.786],[125.051,1.759],[125.058,1.765]]],[[[124.798,1.793],[124.788,1.78],[124.796,1.775],[124.798,1.793]]],[[[125.056,1.794],[125.058,1.793],[125.058,1.797],[125.056,1.794]]],[[[125.092,1.832],[125.092,1.829],[125.093,1.831],[125.092,1.832]]],[[[125.099,1.831],[125.09,1.836],[125.092,1.832],[125.099,1.831]]],[[[125.134,1.846],[125.124,1.827],[125.135,1.822],[125.113,1.812],[125.15,1.734],[125.149,1.746],[125.161,1.747],[125.147,1.757],[125.187,1.787],[125.134,1.846]]],[[[125.097,1.884],[125.066,1.858],[125.051,1.804],[125.087,1.838],[125.097,1.884]]]]},"id":7106},{"type":"Feature","properties":{"code":3516},"geometry":{"type":"Polygon","coordinates":[[[112.368,-7.324],[112.337,-7.361],[112.349,-7.42],[112.332,-7.453],[112.404,-7.461],[112.374,-7.487],[112.363,-7.552],[112.403,-7.622],[112.455,-7.779],[112.5,-7.762],[112.533,-7.725],[112.574,-7.733],[112.623,-7.666],[112.621,-7.615],[112.66,-7.592],[112.67,-7.56],[112.57,-7.478],[112.456,-7.446],[112.493,-7.409],[112.476,-7.381],[112.477,-7.305],[112.417,-7.312],[112.391,-7.333],[112.368,-7.324]],[[112.415,-7.457],[112.467,-7.467],[112.449,-7.492],[112.439,-7.481],[112.407,-7.489],[112.415,-7.457]]]},"id":3516},{"type":"Feature","properties":{"code":7203},"geometry":{"type":"MultiPolygon","coordinates":[[[[123.157,-3.557],[123.076,-3.575],[123.043,-3.594],[123.117,-3.64],[123.123,-3.611],[123.182,-3.613],[123.157,-3.557]]],[[[123.043,-3.55],[123.042,-3.546],[123.033,-3.545],[123.043,-3.55]]],[[[123.077,-3.524],[123.108,-3.494],[123.057,-3.513],[123.077,-3.524]]],[[[122.612,-3.39],[122.614,-3.388],[122.611,-3.388],[122.612,-3.39]]],[[[122.816,-3.386],[122.819,-3.386],[122.818,-3.385],[122.816,-3.386]]],[[[122.605,-3.377],[122.602,-3.377],[122.603,-3.378],[122.605,-3.377]]],[[[122.59,-3.362],[122.593,-3.362],[122.591,-3.361],[122.59,-3.362]]],[[[122.397,-3.345],[122.389,-3.352],[122.397,-3.354],[122.397,-3.345]]],[[[122.393,-3.343],[122.392,-3.342],[122.391,-3.343],[122.393,-3.343]]],[[[122.393,-3.339],[122.391,-3.34],[122.393,-3.34],[122.393,-3.339]]],[[[122.406,-3.329],[122.396,-3.314],[122.393,-3.331],[122.406,-3.329]]],[[[122.392,-3.304],[122.389,-3.303],[122.39,-3.306],[122.392,-3.304]]],[[[122.384,-3.3],[122.383,-3.294],[122.378,-3.301],[122.384,-3.3]]],[[[122.394,-3.282],[122.382,-3.283],[122.386,-3.294],[122.394,-3.282]]],[[[122.411,-3.276],[122.41,-3.275],[122.41,-3.276],[122.411,-3.276]]],[[[122.409,-3.273],[122.408,-3.272],[122.407,-3.274],[122.409,-3.273]]],[[[122.395,-3.272],[122.396,-3.277],[122.398,-3.273],[122.395,-3.272]]],[[[122.398,-3.271],[122.397,-3.271],[122.398,-3.273],[122.398,-3.271]]],[[[122.44,-3.279],[122.436,-3.27],[122.427,-3.29],[122.44,-3.279]]],[[[122.396,-3.27],[122.393,-3.271],[122.395,-3.272],[122.396,-3.27]]],[[[122.593,-3.146],[122.591,-3.144],[122.591,-3.146],[122.593,-3.146]]],[[[122.623,-3.134],[122.623,-3.133],[122.622,-3.133],[122.623,-3.134]]],[[[122.613,-3.13],[122.612,-3.123],[122.607,-3.129],[122.613,-3.13]]],[[[122.589,-3.118],[122.59,-3.118],[122.588,-3.118],[122.589,-3.118]]],[[[122.575,-3.114],[122.57,-3.115],[122.581,-3.114],[122.575,-3.114]]],[[[122.533,-3.096],[122.534,-3.093],[122.531,-3.095],[122.533,-3.096]]],[[[122.529,-3.095],[122.52,-3.093],[122.523,-3.099],[122.529,-3.095]]],[[[122.531,-3.089],[122.531,-3.09],[122.533,-3.091],[122.531,-3.089]]],[[[122.529,-3.09],[122.53,-3.089],[122.529,-3.088],[122.529,-3.09]]],[[[122.522,-3.088],[122.524,-3.086],[122.521,-3.087],[122.522,-3.088]]],[[[122.536,-3.088],[122.53,-3.08],[122.527,-3.087],[122.536,-3.088]]],[[[122.484,-3.072],[122.461,-3.061],[122.481,-3.078],[122.484,-3.072]]],[[[122.514,-3.064],[122.486,-3.059],[122.488,-3.075],[122.482,-3.08],[122.519,-3.087],[122.514,-3.064]]],[[[122.518,-3.056],[122.514,-3.059],[122.523,-3.06],[122.518,-3.056]]],[[[122.478,-3.06],[122.482,-3.056],[122.478,-3.057],[122.478,-3.06]]],[[[122.502,-3.054],[122.5,-3.053],[122.501,-3.054],[122.502,-3.054]]],[[[122.517,-3.054],[122.516,-3.052],[122.513,-3.056],[122.517,-3.054]]],[[[122.383,-3.059],[122.388,-3.051],[122.379,-3.055],[122.383,-3.059]]],[[[122.359,-3.032],[122.361,-3.031],[122.36,-3.031],[122.359,-3.032]]],[[[122.384,-3.029],[122.367,-3.03],[122.357,-3.039],[122.384,-3.043],[122.384,-3.029]]],[[[122.357,-3.031],[122.352,-3.027],[122.352,-3.03],[122.357,-3.031]]],[[[122.365,-3.025],[122.362,-3.023],[122.361,-3.025],[122.365,-3.025]]],[[[122.328,-3.02],[122.323,-3.018],[122.328,-3.022],[122.328,-3.02]]],[[[122.426,-3.052],[122.405,-3.017],[122.388,-3.037],[122.411,-3.061],[122.426,-3.052]]],[[[122.36,-3.014],[122.315,-3.0],[122.335,-3.019],[122.36,-3.014]]],[[[122.213,-2.885],[122.213,-2.887],[122.215,-2.886],[122.213,-2.885]]],[[[122.17,-2.818],[122.164,-2.815],[122.166,-2.819],[122.17,-2.818]]],[[[122.061,-2.949],[122.1,-3.009],[122.179,-3.032],[122.171,-3.084],[122.222,-3.134],[122.284,-3.141],[122.314,-3.164],[122.295,-3.22],[122.31,-3.272],[122.324,-3.233],[122.368,-3.225],[122.359,-3.255],[122.372,-3.245],[122.383,-3.259],[122.401,-3.239],[122.427,-3.279],[122.433,-3.271],[122.428,-3.192],[122.485,-3.178],[122.464,-3.149],[122.445,-3.162],[122.426,-3.126],[122.371,-3.141],[122.335,-3.085],[122.258,-3.036],[122.244,-3.013],[122.277,-3.001],[122.318,-2.927],[122.314,-2.91],[122.278,-2.886],[122.253,-2.891],[122.25,-2.877],[122.208,-2.9],[122.185,-2.869],[122.184,-2.823],[122.164,-2.819],[122.139,-2.788],[122.085,-2.788],[122.059,-2.749],[122.01,-2.718],[122.01,-2.674],[122.032,-2.673],[122.035,-2.657],[122.001,-2.627],[121.968,-2.528],[121.874,-2.402],[121.824,-2.293],[121.795,-2.288],[121.723,-2.198],[121.679,-2.173],[121.665,-2.19],[121.613,-2.186],[121.56,-2.173],[121.544,-2.148],[121.529,-2.154],[121.485,-2.191],[121.492,-2.251],[121.459,-2.302],[121.441,-2.405],[121.559,-2.491],[121.626,-2.49],[121.653,-2.539],[121.698,-2.532],[121.789,-2.656],[121.741,-2.756],[121.722,-2.768],[121.723,-2.808],[121.669,-2.842],[121.672,-2.868],[121.691,-2.882],[121.685,-2.9],[121.833,-2.972],[121.857,-2.963],[121.92,-2.99],[122.061,-2.949]],[[122.424,-3.267],[122.424,-3.264],[122.426,-3.266],[122.424,-3.267]],[[122.428,-3.27],[122.427,-3.268],[122.428,-3.268],[122.428,-3.27]]]]},"id":7203},{"type":"Feature","properties":{"code":7212},"geometry":{"type":"MultiPolygon","coordinates":[[[[121.435,-1.957],[121.432,-1.956],[121.429,-1.96],[121.435,-1.957]]],[[[121.493,-1.946],[121.494,-1.942],[121.492,-1.944],[121.493,-1.946]]],[[[121.364,-1.947],[121.362,-1.942],[121.36,-1.948],[121.364,-1.947]]],[[[121.364,-1.945],[121.367,-1.944],[121.366,-1.942],[121.364,-1.945]]],[[[121.36,-1.945],[121.36,-1.939],[121.356,-1.944],[121.36,-1.945]]],[[[121.499,-1.941],[121.5,-1.939],[121.497,-1.94],[121.499,-1.941]]],[[[121.497,-1.932],[121.496,-1.935],[121.498,-1.933],[121.497,-1.932]]],[[[121.489,-1.933],[121.481,-1.939],[121.491,-1.941],[121.489,-1.933]]],[[[121.453,-1.933],[121.449,-1.932],[121.452,-1.937],[121.453,-1.933]]],[[[121.364,-1.937],[121.361,-1.93],[121.36,-1.937],[121.364,-1.937]]],[[[121.363,-1.924],[121.362,-1.923],[121.364,-1.925],[121.363,-1.924]]],[[[121.444,-1.926],[121.439,-1.917],[121.436,-1.948],[121.444,-1.926]]],[[[121.378,-1.902],[121.364,-1.904],[121.364,-1.922],[121.369,-1.919],[121.378,-1.902]]],[[[121.344,-1.841],[121.344,-1.839],[121.342,-1.837],[121.344,-1.841]]],[[[122.008,-1.342],[121.999,-1.355],[121.972,-1.341],[121.968,-1.291],[121.949,-1.282],[121.869,-1.315],[121.823,-1.306],[121.8,-1.325],[121.749,-1.333],[121.724,-1.358],[121.663,-1.364],[121.57,-1.424],[121.518,-1.397],[121.506,-1.375],[121.474,-1.374],[121.465,-1.404],[121.432,-1.404],[121.352,-1.473],[121.257,-1.475],[121.21,-1.512],[121.187,-1.566],[121.162,-1.558],[121.161,-1.574],[121.073,-1.58],[121.007,-1.624],[120.882,-1.624],[120.834,-1.76],[120.863,-1.841],[120.929,-1.911],[120.84,-2.038],[120.829,-2.094],[120.842,-2.218],[120.96,-2.233],[121.034,-2.275],[121.098,-2.275],[121.181,-2.375],[121.23,-2.361],[121.408,-2.41],[121.44,-2.406],[121.459,-2.302],[121.492,-2.251],[121.485,-2.191],[121.544,-2.148],[121.525,-2.133],[121.54,-2.133],[121.544,-2.109],[121.534,-2.048],[121.531,-2.069],[121.529,-2.045],[121.511,-2.057],[121.492,-2.039],[121.499,-2.026],[121.452,-1.999],[121.42,-1.956],[121.409,-1.906],[121.377,-1.915],[121.381,-1.976],[121.342,-2.005],[121.351,-1.95],[121.312,-1.929],[121.332,-1.898],[121.349,-1.897],[121.33,-1.88],[121.362,-1.874],[121.344,-1.865],[121.344,-1.841],[121.327,-1.863],[121.294,-1.857],[121.295,-1.807],[121.32,-1.783],[121.31,-1.77],[121.341,-1.772],[121.372,-1.808],[121.4,-1.804],[121.418,-1.821],[121.455,-1.81],[121.467,-1.836],[121.448,-1.867],[121.469,-1.857],[121.457,-1.876],[121.488,-1.873],[121.559,-1.955],[121.654,-1.956],[121.712,-1.924],[121.764,-1.85],[121.773,-1.798],[121.807,-1.762],[121.807,-1.73],[121.851,-1.693],[121.858,-1.709],[121.886,-1.707],[121.861,-1.702],[121.863,-1.67],[121.877,-1.687],[121.888,-1.675],[121.904,-1.701],[121.925,-1.68],[121.959,-1.679],[122.029,-1.612],[122.063,-1.616],[122.031,-1.574],[122.042,-1.492],[122.012,-1.453],[122.043,-1.44],[122.036,-1.425],[122.054,-1.411],[122.028,-1.353],[122.008,-1.342]]]]},"id":7212},{"type":"Feature","properties":{"code":1603},"geometry":{"type":"MultiPolygon","coordinates":[[[[103.468,-4.353],[103.519,-4.376],[103.553,-4.356],[103.598,-4.362],[103.624,-4.291],[103.621,-4.213],[103.705,-4.183],[103.704,-4.085],[103.772,-4.069],[103.792,-4.038],[103.887,-3.967],[103.892,-3.924],[103.94,-3.897],[103.965,-3.888],[103.994,-3.919],[104.122,-3.895],[104.208,-3.846],[104.237,-3.784],[104.288,-3.755],[104.306,-3.773],[104.382,-3.759],[104.375,-3.719],[104.453,-3.668],[104.477,-3.614],[104.467,-3.589],[104.422,-3.556],[104.407,-3.583],[104.322,-3.621],[104.303,-3.603],[104.306,-3.561],[104.243,-3.567],[104.25,-3.536],[104.146,-3.542],[104.131,-3.519],[104.143,-3.491],[104.128,-3.49],[104.151,-3.445],[104.151,-3.396],[104.131,-3.358],[104.116,-3.369],[104.093,-3.353],[104.024,-3.362],[104.018,-3.413],[103.932,-3.396],[103.886,-3.329],[103.858,-3.338],[103.849,-3.32],[103.814,-3.327],[103.804,-3.316],[103.723,-3.351],[103.681,-3.336],[103.672,-3.375],[103.617,-3.33],[103.614,-3.419],[103.59,-3.457],[103.572,-3.455],[103.54,-3.492],[103.538,-3.547],[103.574,-3.549],[103.628,-3.512],[103.729,-3.575],[103.771,-3.582],[103.756,-3.605],[103.767,-3.631],[103.74,-3.647],[103.765,-3.66],[103.767,-3.687],[103.733,-3.691],[103.762,-3.738],[103.724,-3.764],[103.703,-3.901],[103.631,-3.942],[103.644,-3.965],[103.595,-3.997],[103.591,-4.047],[103.553,-4.12],[103.512,-4.107],[103.496,-4.129],[103.466,-4.099],[103.438,-4.17],[103.305,-4.254],[103.328,-4.292],[103.457,-4.333],[103.468,-4.353]]],[[[104.264,-3.026],[104.23,-3.212],[104.206,-3.245],[104.238,-3.266],[104.21,-3.334],[104.212,-3.367],[104.305,-3.356],[104.348,-3.371],[104.292,-3.478],[104.3,-3.497],[104.405,-3.507],[104.445,-3.495],[104.447,-3.425],[104.507,-3.379],[104.513,-3.388],[104.536,-3.353],[104.528,-3.302],[104.539,-3.268],[104.571,-3.239],[104.563,-3.215],[104.51,-3.2],[104.478,-3.115],[104.512,-3.089],[104.618,-3.111],[104.69,-3.056],[104.618,-3.013],[104.599,-3.049],[104.542,-3.027],[104.499,-3.062],[104.478,-3.031],[104.404,-3.019],[104.342,-3.017],[104.355,-3.048],[104.318,-3.021],[104.284,-3.035],[104.264,-3.026]]]]},"id":1603},{"type":"Feature","properties":{"code":1505},"geometry":{"type":"Polygon","coordinates":[[[104.358,-1.642],[104.312,-1.607],[104.297,-1.571],[104.253,-1.549],[104.072,-1.302],[103.584,-1.382],[103.583,-1.337],[103.559,-1.33],[103.552,-1.306],[103.456,-1.319],[103.393,-1.266],[103.346,-1.265],[103.346,-1.228],[103.272,-1.229],[103.26,-1.231],[103.252,-1.353],[103.236,-1.363],[103.231,-1.343],[103.205,-1.355],[103.258,-1.408],[103.258,-1.355],[103.304,-1.351],[103.338,-1.371],[103.353,-1.441],[103.383,-1.481],[103.468,-1.471],[103.452,-1.489],[103.466,-1.529],[103.447,-1.568],[103.455,-1.587],[103.417,-1.608],[103.414,-1.632],[103.386,-1.64],[103.416,-1.649],[103.395,-1.757],[103.429,-1.812],[103.399,-1.826],[103.395,-1.868],[103.314,-1.868],[103.314,-1.965],[103.334,-1.965],[103.332,-2.001],[103.369,-2.001],[103.374,-2.055],[103.446,-2.062],[103.447,-2.174],[103.458,-2.181],[103.527,-2.166],[103.559,-2.141],[103.53,-2.125],[103.514,-2.083],[103.554,-2.041],[103.56,-2.0],[103.509,-1.962],[103.519,-1.908],[103.548,-1.881],[103.625,-1.843],[103.664,-1.848],[104.342,-1.675],[104.358,-1.642]],[[103.6,-1.547],[103.653,-1.552],[103.655,-1.607],[103.68,-1.616],[103.67,-1.64],[103.652,-1.656],[103.608,-1.659],[103.63,-1.676],[103.621,-1.694],[103.576,-1.663],[103.558,-1.679],[103.526,-1.676],[103.546,-1.569],[103.566,-1.573],[103.6,-1.547]]]},"id":1505},{"type":"Feature","properties":{"code":1706},"geometry":{"type":"Polygon","coordinates":[[[101.855,-2.716],[101.814,-2.691],[101.815,-2.672],[101.774,-2.65],[101.669,-2.529],[101.621,-2.547],[101.574,-2.544],[101.546,-2.57],[101.556,-2.449],[101.285,-2.276],[101.237,-2.32],[101.236,-2.342],[101.146,-2.387],[101.022,-2.478],[101.142,-2.628],[101.32,-2.737],[101.403,-2.927],[101.479,-3.012],[101.52,-3.115],[101.575,-3.184],[101.622,-3.138],[101.668,-3.125],[101.713,-3.076],[101.702,-3.053],[101.79,-2.982],[101.784,-2.937],[101.802,-2.922],[101.805,-2.879],[101.866,-2.788],[101.855,-2.716]]]},"id":1706},{"type":"Feature","properties":{"code":7402},"geometry":{"type":"MultiPolygon","coordinates":[[[[122.267,-5.147],[122.283,-5.141],[122.278,-5.133],[122.267,-5.147]]],[[[122.352,-5.097],[122.351,-5.098],[122.352,-5.099],[122.352,-5.097]]],[[[122.336,-5.092],[122.332,-5.09],[122.332,-5.094],[122.336,-5.092]]],[[[122.795,-4.975],[122.785,-4.971],[122.793,-4.978],[122.795,-4.975]]],[[[122.802,-4.933],[122.799,-4.933],[122.801,-4.936],[122.802,-4.933]]],[[[122.817,-4.913],[122.813,-4.914],[122.815,-4.915],[122.817,-4.913]]],[[[122.626,-5.203],[122.585,-5.186],[122.62,-5.109],[122.612,-5.094],[122.704,-5.006],[122.721,-4.964],[122.76,-4.971],[122.755,-4.901],[122.769,-4.902],[122.755,-4.881],[122.738,-4.883],[122.726,-4.849],[122.733,-4.803],[122.745,-4.804],[122.743,-4.753],[122.72,-4.69],[122.735,-4.683],[122.729,-4.652],[122.74,-4.648],[122.682,-4.611],[122.631,-4.631],[122.632,-4.694],[122.656,-4.723],[122.561,-4.801],[122.578,-4.827],[122.623,-4.826],[122.635,-4.869],[122.66,-4.89],[122.586,-4.997],[122.524,-4.937],[122.419,-4.896],[122.365,-4.919],[122.36,-4.944],[122.383,-4.979],[122.372,-5.039],[122.411,-5.09],[122.394,-5.071],[122.381,-5.087],[122.348,-5.103],[122.332,-5.101],[122.316,-5.141],[122.354,-5.151],[122.366,-5.185],[122.441,-5.227],[122.504,-5.224],[122.52,-5.192],[122.561,-5.216],[122.626,-5.203]]],[[[122.829,-5.097],[122.878,-5.026],[122.922,-4.872],[122.927,-4.612],[122.849,-4.609],[122.828,-4.678],[122.857,-4.779],[122.839,-4.835],[122.813,-4.828],[122.805,-4.867],[122.828,-4.889],[122.831,-4.92],[122.812,-4.981],[122.74,-5.039],[122.74,-5.055],[122.789,-5.019],[122.802,-5.026],[122.76,-5.112],[122.788,-5.083],[122.786,-5.101],[122.829,-5.097]]],[[[122.726,-4.596],[122.726,-4.594],[122.725,-4.596],[122.726,-4.596]]],[[[122.719,-4.594],[122.719,-4.602],[122.732,-4.602],[122.719,-4.594]]],[[[122.697,-4.581],[122.694,-4.582],[122.699,-4.583],[122.697,-4.581]]],[[[122.695,-4.581],[122.693,-4.579],[122.691,-4.58],[122.695,-4.581]]],[[[122.7,-4.576],[122.684,-4.566],[122.683,-4.578],[122.7,-4.576]]],[[[122.69,-4.566],[122.689,-4.564],[122.692,-4.567],[122.69,-4.566]]],[[[122.743,-4.531],[122.714,-4.514],[122.688,-4.547],[122.743,-4.575],[122.742,-4.548],[122.728,-4.543],[122.743,-4.531]]]]},"id":7402},{"type":"Feature","properties":{"code":7413},"geometry":{"type":"MultiPolygon","coordinates":[[[[122.205,-4.928],[122.211,-4.929],[122.212,-4.924],[122.205,-4.928]]],[[[122.171,-4.923],[122.171,-4.922],[122.169,-4.923],[122.171,-4.923]]],[[[122.341,-4.926],[122.327,-4.92],[122.326,-4.932],[122.341,-4.926]]],[[[122.336,-4.91],[122.339,-4.91],[122.337,-4.908],[122.336,-4.91]]],[[[122.174,-4.92],[122.182,-4.906],[122.168,-4.92],[122.174,-4.92]]],[[[122.201,-4.899],[122.203,-4.898],[122.201,-4.898],[122.201,-4.899]]],[[[122.208,-4.905],[122.216,-4.899],[122.216,-4.897],[122.208,-4.905]]],[[[122.294,-4.888],[122.296,-4.887],[122.293,-4.887],[122.294,-4.888]]],[[[122.239,-4.879],[122.24,-4.877],[122.238,-4.877],[122.239,-4.879]]],[[[122.261,-4.869],[122.272,-4.87],[122.269,-4.866],[122.261,-4.869]]],[[[122.25,-4.873],[122.251,-4.865],[122.247,-4.871],[122.25,-4.873]]],[[[122.193,-4.838],[122.185,-4.835],[122.185,-4.837],[122.193,-4.838]]],[[[122.289,-4.833],[122.291,-4.824],[122.288,-4.826],[122.289,-4.833]]],[[[122.227,-4.757],[122.22,-4.761],[122.223,-4.763],[122.227,-4.757]]],[[[122.422,-4.738],[122.422,-4.737],[122.42,-4.737],[122.422,-4.738]]],[[[122.356,-4.741],[122.348,-4.729],[122.349,-4.738],[122.356,-4.741]]],[[[122.498,-4.714],[122.496,-4.716],[122.5,-4.717],[122.498,-4.714]]],[[[122.397,-4.716],[122.402,-4.715],[122.4,-4.713],[122.397,-4.716]]],[[[122.467,-4.716],[122.466,-4.713],[122.463,-4.712],[122.467,-4.716]]],[[[122.481,-4.701],[122.476,-4.7],[122.476,-4.704],[122.481,-4.701]]],[[[122.385,-4.699],[122.381,-4.695],[122.38,-4.698],[122.385,-4.699]]],[[[122.302,-4.716],[122.317,-4.692],[122.307,-4.685],[122.292,-4.703],[122.302,-4.716]]],[[[122.334,-4.688],[122.328,-4.686],[122.326,-4.694],[122.334,-4.688]]],[[[122.426,-4.67],[122.421,-4.672],[122.425,-4.673],[122.426,-4.67]]],[[[122.324,-4.724],[122.379,-4.674],[122.378,-4.664],[122.324,-4.724]]],[[[122.404,-4.665],[122.406,-4.662],[122.401,-4.663],[122.404,-4.665]]],[[[122.303,-4.665],[122.306,-4.665],[122.306,-4.662],[122.303,-4.665]]],[[[122.296,-4.659],[122.303,-4.659],[122.303,-4.65],[122.296,-4.659]]],[[[122.587,-4.642],[122.591,-4.642],[122.59,-4.638],[122.587,-4.642]]],[[[122.381,-4.647],[122.39,-4.642],[122.394,-4.636],[122.381,-4.647]]],[[[122.351,-4.635],[122.34,-4.655],[122.343,-4.665],[122.363,-4.646],[122.351,-4.635]]],[[[122.631,-4.631],[122.596,-4.634],[122.595,-4.657],[122.555,-4.693],[122.45,-4.748],[122.373,-4.738],[122.318,-4.832],[122.353,-4.928],[122.419,-4.896],[122.524,-4.937],[122.586,-4.997],[122.66,-4.89],[122.635,-4.869],[122.623,-4.826],[122.578,-4.827],[122.561,-4.801],[122.656,-4.723],[122.632,-4.694],[122.631,-4.631]]],[[[122.335,-4.622],[122.333,-4.621],[122.334,-4.622],[122.335,-4.622]]],[[[122.313,-4.662],[122.348,-4.619],[122.314,-4.647],[122.313,-4.662]]],[[[122.331,-4.61],[122.314,-4.609],[122.311,-4.623],[122.323,-4.624],[122.331,-4.61]]],[[[122.352,-4.585],[122.347,-4.584],[122.347,-4.59],[122.352,-4.585]]],[[[122.321,-4.583],[122.321,-4.584],[122.322,-4.584],[122.321,-4.583]]],[[[122.32,-4.555],[122.329,-4.557],[122.329,-4.552],[122.32,-4.555]]],[[[122.289,-4.552],[122.297,-4.554],[122.294,-4.544],[122.289,-4.552]]]]},"id":7413},{"type":"Feature","properties":{"code":6213},"geometry":{"type":"Polygon","coordinates":[[[115.067,-0.165],[115.039,-0.191],[114.991,-0.185],[114.987,-0.172],[114.925,-0.189],[114.924,-0.099],[114.893,-0.025],[114.894,0.04],[114.793,0.086],[114.813,0.158],[114.801,0.174],[114.829,0.194],[114.837,0.234],[114.863,0.237],[114.9,0.315],[114.943,0.333],[114.955,0.319],[115.019,0.33],[115.047,0.298],[115.128,0.374],[115.132,0.432],[115.094,0.469],[115.01,0.606],[114.982,0.733],[114.958,0.762],[114.914,0.777],[114.862,0.736],[114.817,0.753],[114.717,0.701],[114.697,0.703],[114.699,0.725],[114.617,0.64],[114.544,0.63],[114.53,0.559],[114.489,0.571],[114.463,0.561],[114.435,0.542],[114.435,0.508],[114.406,0.495],[114.363,0.529],[114.321,0.54],[114.245,0.521],[114.202,0.539],[114.195,0.584],[114.157,0.591],[114.178,0.612],[114.176,0.639],[114.13,0.67],[114.122,0.694],[114.091,0.697],[114.053,0.669],[114.027,0.671],[114.007,0.646],[113.977,0.667],[113.885,0.641],[113.88,0.66],[113.843,0.665],[113.811,0.641],[113.774,0.565],[113.668,0.49],[113.657,0.438],[113.586,0.404],[113.458,0.275],[113.423,0.262],[113.348,0.277],[113.271,0.24],[113.325,0.179],[113.42,0.122],[113.41,0.049],[113.44,0.014],[113.417,-0.048],[113.441,-0.068],[113.42,-0.117],[113.397,-0.126],[113.42,-0.141],[113.414,-0.159],[113.388,-0.166],[113.352,-0.223],[113.287,-0.244],[113.206,-0.342],[113.262,-0.391],[113.265,-0.42],[113.364,-0.319],[113.442,-0.302],[113.596,-0.383],[113.713,-0.411],[113.76,-0.483],[113.775,-0.472],[113.775,-0.43],[113.92,-0.466],[113.942,-0.386],[113.991,-0.381],[114.06,-0.54],[114.133,-0.782],[114.246,-0.866],[114.424,-0.832],[114.569,-0.857],[114.723,-0.751],[114.873,-0.735],[114.946,-0.658],[115.042,-0.511],[115.03,-0.405],[115.052,-0.366],[115.067,-0.165]]]},"id":6213},{"type":"Feature","properties":{"code":1606},"geometry":{"type":"Polygon","coordinates":[[[104.152,-1.724],[103.664,-1.848],[103.625,-1.843],[103.537,-1.888],[103.509,-1.962],[103.56,-2.0],[103.551,-2.048],[103.514,-2.083],[103.53,-2.125],[103.559,-2.141],[103.527,-2.166],[103.458,-2.177],[103.451,-2.209],[103.465,-2.255],[103.446,-2.356],[103.347,-2.265],[103.253,-2.131],[103.206,-2.142],[103.181,-2.178],[103.179,-2.249],[103.206,-2.276],[103.212,-2.317],[103.142,-2.36],[103.054,-2.312],[103.032,-2.321],[103.034,-2.339],[103.003,-2.336],[103.018,-2.402],[103.053,-2.402],[103.068,-2.441],[103.115,-2.466],[103.155,-2.467],[103.162,-2.509],[103.185,-2.504],[103.215,-2.538],[103.24,-2.514],[103.249,-2.478],[103.273,-2.465],[103.275,-2.498],[103.343,-2.544],[103.366,-2.605],[103.341,-2.694],[103.271,-2.753],[103.353,-2.851],[103.431,-2.877],[103.411,-2.924],[103.438,-2.947],[103.481,-3.036],[103.499,-3.032],[103.512,-3.078],[103.577,-3.111],[103.573,-3.137],[103.593,-3.136],[103.609,-3.179],[103.637,-3.188],[103.633,-3.219],[103.66,-3.254],[103.706,-3.238],[103.731,-3.265],[103.774,-3.254],[103.796,-3.137],[103.844,-3.088],[103.885,-3.079],[103.912,-3.024],[103.948,-3.005],[104.02,-3.03],[104.066,-3.003],[104.128,-3.007],[104.141,-3.046],[104.187,-3.052],[104.181,-2.892],[104.131,-2.855],[104.246,-2.725],[104.231,-2.703],[104.282,-2.662],[104.238,-2.645],[104.243,-2.629],[104.209,-2.62],[104.222,-2.6],[104.158,-2.561],[104.134,-2.55],[104.113,-2.565],[104.073,-2.539],[104.102,-2.507],[104.066,-2.454],[104.116,-2.427],[104.222,-2.511],[104.275,-2.518],[104.359,-2.455],[104.459,-2.438],[104.577,-2.383],[104.656,-2.322],[104.624,-2.252],[104.544,-2.263],[104.428,-2.185],[104.36,-2.07],[104.212,-1.888],[104.162,-1.793],[104.152,-1.724]]]},"id":1606},{"type":"Feature","properties":{"code":1605},"geometry":{"type":"Polygon","coordinates":[[[103.176,-3.463],[103.201,-3.502],[103.317,-3.51],[103.337,-3.53],[103.418,-3.529],[103.445,-3.509],[103.492,-3.51],[103.511,-3.593],[103.538,-3.593],[103.54,-3.492],[103.572,-3.455],[103.59,-3.457],[103.614,-3.419],[103.625,-3.356],[103.606,-3.289],[103.649,-3.241],[103.633,-3.219],[103.637,-3.188],[103.609,-3.179],[103.593,-3.136],[103.573,-3.137],[103.577,-3.111],[103.512,-3.078],[103.499,-3.032],[103.481,-3.036],[103.438,-2.947],[103.411,-2.924],[103.431,-2.877],[103.353,-2.851],[103.271,-2.753],[103.174,-2.758],[103.147,-2.779],[103.128,-2.77],[103.101,-2.782],[103.098,-2.847],[103.016,-2.851],[102.903,-2.883],[102.915,-2.932],[102.875,-2.924],[102.881,-2.981],[102.859,-2.975],[102.806,-2.999],[102.769,-2.992],[102.737,-3.013],[102.69,-3.009],[102.548,-3.089],[102.486,-3.107],[102.487,-3.204],[102.505,-3.215],[102.489,-3.239],[102.498,-3.262],[102.636,-3.352],[102.675,-3.322],[102.743,-3.315],[102.764,-3.269],[102.816,-3.236],[102.81,-3.177],[102.832,-3.174],[102.86,-3.129],[102.881,-3.156],[102.923,-3.169],[102.916,-3.19],[102.956,-3.235],[102.937,-3.261],[102.97,-3.26],[102.965,-3.362],[102.989,-3.369],[102.991,-3.412],[103.047,-3.426],[103.111,-3.487],[103.176,-3.463]]]},"id":1605},{"type":"Feature","properties":{"code":1613},"geometry":{"type":"Polygon","coordinates":[[[102.486,-3.107],[102.548,-3.089],[102.69,-3.009],[102.737,-3.013],[102.769,-2.992],[102.806,-2.999],[102.859,-2.975],[102.881,-2.981],[102.875,-2.924],[102.915,-2.932],[102.903,-2.883],[103.016,-2.851],[103.098,-2.847],[103.101,-2.782],[103.128,-2.77],[103.147,-2.779],[103.174,-2.758],[103.246,-2.762],[103.308,-2.731],[103.341,-2.694],[103.366,-2.605],[103.343,-2.544],[103.275,-2.498],[103.273,-2.465],[103.249,-2.478],[103.24,-2.514],[103.215,-2.538],[103.185,-2.504],[103.162,-2.509],[103.155,-2.467],[103.115,-2.466],[103.068,-2.441],[103.053,-2.402],[103.018,-2.402],[103.003,-2.336],[102.876,-2.304],[102.84,-2.337],[102.839,-2.358],[102.849,-2.385],[102.871,-2.385],[102.875,-2.409],[102.793,-2.504],[102.796,-2.533],[102.728,-2.586],[102.715,-2.57],[102.677,-2.603],[102.64,-2.611],[102.598,-2.677],[102.518,-2.676],[102.489,-2.705],[102.468,-2.703],[102.406,-2.689],[102.387,-2.646],[102.327,-2.654],[102.276,-2.613],[102.25,-2.631],[102.234,-2.691],[102.125,-2.729],[102.091,-2.769],[102.069,-2.765],[102.072,-2.793],[102.13,-2.836],[102.133,-2.876],[102.225,-2.928],[102.256,-3.036],[102.283,-3.038],[102.32,-3.069],[102.389,-3.044],[102.435,-3.055],[102.486,-3.107]]]},"id":1613},{"type":"Feature","properties":{"code":9604},"geometry":{"type":"MultiPolygon","coordinates":[[[[135.08,-3.217],[135.082,-3.214],[135.08,-3.216],[135.08,-3.217]]],[[[134.892,-3.163],[134.896,-3.163],[134.893,-3.162],[134.892,-3.163]]],[[[135.658,-3.152],[135.654,-3.154],[135.659,-3.153],[135.658,-3.152]]],[[[135.157,-3.102],[135.158,-3.101],[135.156,-3.101],[135.157,-3.102]]],[[[135.606,-3.097],[135.606,-3.095],[135.604,-3.095],[135.606,-3.097]]],[[[135.584,-3.105],[135.587,-3.094],[135.58,-3.101],[135.584,-3.105]]],[[[135.598,-3.1],[135.599,-3.094],[135.595,-3.098],[135.598,-3.1]]],[[[134.836,-3.094],[134.829,-3.099],[134.837,-3.095],[134.836,-3.094]]],[[[135.56,-3.089],[135.562,-3.088],[135.561,-3.088],[135.56,-3.089]]],[[[135.571,-3.089],[135.593,-3.078],[135.59,-3.071],[135.571,-3.089]]],[[[135.612,-3.07],[135.612,-3.095],[135.619,-3.097],[135.625,-3.077],[135.612,-3.07]]],[[[134.838,-3.063],[134.842,-3.053],[134.835,-3.063],[134.838,-3.063]]],[[[135.798,-3.032],[135.77,-3.045],[135.773,-3.057],[135.796,-3.045],[135.798,-3.032]]],[[[134.834,-3.021],[134.831,-3.041],[134.841,-3.049],[134.843,-3.04],[134.834,-3.021]]],[[[134.856,-2.991],[134.858,-2.989],[134.857,-2.988],[134.856,-2.991]]],[[[135.876,-2.988],[135.874,-2.987],[135.878,-2.991],[135.876,-2.988]]],[[[135.891,-2.984],[135.883,-2.983],[135.892,-2.989],[135.891,-2.984]]],[[[135.893,-2.982],[135.887,-2.978],[135.892,-2.983],[135.893,-2.982]]],[[[135.904,-2.977],[135.906,-2.971],[135.9,-2.974],[135.904,-2.977]]],[[[135.806,-2.942],[135.73,-2.941],[135.709,-2.972],[135.731,-2.982],[135.756,-2.965],[135.744,-2.96],[135.806,-2.942]]],[[[135.733,-2.935],[135.726,-2.935],[135.727,-2.94],[135.733,-2.935]]],[[[135.737,-2.914],[135.689,-2.926],[135.672,-2.942],[135.717,-2.929],[135.737,-2.914]]],[[[134.824,-2.879],[134.824,-2.878],[134.822,-2.879],[134.824,-2.879]]],[[[135.908,-2.887],[135.901,-2.878],[135.906,-2.889],[135.908,-2.887]]],[[[134.85,-2.689],[134.807,-2.686],[134.805,-2.712],[134.837,-2.724],[134.862,-2.708],[134.85,-2.689]]],[[[136.056,-3.722],[136.015,-3.691],[135.962,-3.559],[136.392,-3.352],[136.379,-3.235],[136.356,-3.186],[136.32,-3.164],[136.314,-3.132],[136.335,-3.098],[136.335,-3.052],[136.297,-2.973],[136.322,-2.941],[136.288,-2.909],[136.294,-2.879],[136.28,-2.885],[136.28,-2.869],[136.266,-2.886],[136.266,-2.849],[136.24,-2.858],[136.253,-2.841],[136.229,-2.841],[136.217,-2.805],[136.189,-2.797],[136.182,-2.809],[136.182,-2.793],[136.162,-2.799],[136.145,-2.783],[136.144,-2.797],[136.135,-2.752],[136.056,-2.766],[136.043,-2.742],[136.018,-2.746],[136.012,-2.717],[135.948,-2.779],[135.961,-2.797],[135.945,-2.831],[135.905,-2.868],[135.91,-2.894],[135.925,-2.883],[135.934,-2.904],[135.921,-2.964],[135.905,-2.977],[135.892,-2.974],[135.893,-2.989],[135.826,-3.013],[135.795,-3.052],[135.774,-3.061],[135.757,-3.049],[135.733,-3.064],[135.729,-3.074],[135.767,-3.087],[135.756,-3.11],[135.596,-3.194],[135.583,-3.235],[135.554,-3.262],[135.566,-3.267],[135.558,-3.3],[135.504,-3.356],[135.45,-3.378],[135.413,-3.367],[135.335,-3.396],[135.166,-3.37],[135.114,-3.382],[135.069,-3.334],[135.01,-3.339],[134.972,-3.315],[134.945,-3.284],[134.963,-3.247],[134.96,-3.225],[134.949,-3.223],[134.955,-3.244],[134.916,-3.244],[134.934,-3.271],[134.86,-3.249],[134.875,-3.225],[134.872,-3.206],[134.861,-3.227],[134.851,-3.206],[134.862,-3.158],[134.831,-3.125],[134.8,-3.131],[134.815,-3.119],[134.813,-3.081],[134.828,-3.093],[134.81,-3.062],[134.812,-3.022],[134.852,-3.001],[134.831,-2.968],[134.849,-2.953],[134.852,-2.885],[134.841,-2.893],[134.83,-2.877],[134.831,-2.913],[134.804,-2.911],[134.818,-2.939],[134.797,-2.95],[134.777,-2.94],[134.769,-2.99],[134.689,-2.966],[134.694,-2.945],[134.676,-2.92],[134.691,-2.896],[134.661,-2.824],[134.652,-2.533],[134.633,-2.479],[134.598,-2.489],[134.703,-3.345],[134.725,-3.363],[134.726,-3.408],[134.635,-3.542],[135.257,-3.751],[135.202,-3.819],[135.377,-3.866],[135.461,-3.867],[135.559,-3.935],[135.691,-3.865],[135.866,-3.84],[135.885,-3.783],[135.992,-3.767],[136.02,-3.734],[136.056,-3.722]]]]},"id":9604},{"type":"Feature","properties":{"code":1115},"geometry":{"type":"Polygon","coordinates":[[[96.192,4.107],[96.385,3.849],[96.454,3.784],[96.53,3.731],[96.618,3.734],[96.605,3.776],[96.616,3.795],[96.581,3.845],[96.601,3.911],[96.617,3.918],[96.629,3.958],[96.719,4.012],[96.734,4.134],[96.802,4.223],[96.793,4.285],[96.821,4.285],[96.778,4.326],[96.647,4.377],[96.583,4.419],[96.604,4.477],[96.581,4.573],[96.491,4.622],[96.492,4.555],[96.463,4.545],[96.44,4.51],[96.479,4.458],[96.441,4.425],[96.371,4.417],[96.371,4.392],[96.329,4.367],[96.295,4.368],[96.286,4.269],[96.266,4.227],[96.278,4.155],[96.192,4.107]]]},"id":1115},{"type":"Feature","properties":{"code":5318},"geometry":{"type":"Polygon","coordinates":[[[121.52,-8.614],[121.505,-8.614],[121.5,-8.577],[121.465,-8.561],[121.418,-8.592],[121.404,-8.571],[121.343,-8.547],[121.307,-8.481],[121.173,-8.44],[121.179,-8.459],[121.161,-8.477],[121.184,-8.511],[121.142,-8.553],[121.127,-8.642],[121.107,-8.678],[121.149,-8.693],[121.104,-8.722],[121.095,-8.759],[121.14,-8.843],[121.115,-8.874],[121.139,-8.898],[121.183,-8.885],[121.257,-8.897],[121.269,-8.886],[121.299,-8.907],[121.342,-8.905],[121.368,-8.878],[121.377,-8.796],[121.414,-8.793],[121.416,-8.744],[121.396,-8.716],[121.432,-8.67],[121.519,-8.635],[121.52,-8.614]]]},"id":5318},{"type":"Feature","properties":{"code":2103},"geometry":{"type":"MultiPolygon","coordinates":[[[[109.13,2.459],[109.122,2.462],[109.128,2.455],[109.13,2.459]]],[[[108.99,2.474],[108.994,2.47],[108.994,2.474],[108.99,2.474]]],[[[108.987,2.48],[108.987,2.481],[108.984,2.483],[108.987,2.48]]],[[[108.958,2.497],[108.939,2.496],[108.941,2.479],[108.955,2.48],[108.958,2.497]]],[[[108.961,2.497],[108.963,2.501],[108.961,2.501],[108.961,2.497]]],[[[108.986,2.506],[108.987,2.49],[108.994,2.489],[108.997,2.493],[108.986,2.506]]],[[[109.142,2.538],[109.137,2.541],[109.135,2.534],[109.142,2.538]]],[[[109.019,2.553],[108.975,2.555],[108.979,2.521],[109.005,2.532],[109.033,2.515],[109.006,2.499],[109.016,2.482],[109.051,2.503],[109.082,2.488],[109.094,2.5],[109.089,2.488],[109.118,2.508],[109.119,2.531],[109.061,2.524],[109.019,2.553]]],[[[109.123,2.558],[109.125,2.561],[109.122,2.56],[109.123,2.558]]],[[[109.162,2.585],[109.157,2.598],[109.156,2.583],[109.162,2.585]]],[[[109.138,2.621],[109.134,2.62],[109.137,2.617],[109.138,2.621]]],[[[109.14,2.623],[109.144,2.626],[109.142,2.628],[109.14,2.623]]],[[[108.568,2.656],[108.582,2.683],[108.584,2.703],[108.568,2.684],[108.568,2.656]]],[[[108.876,2.7],[108.885,2.7],[108.878,2.706],[108.876,2.7]]],[[[108.759,2.714],[108.76,2.715],[108.758,2.715],[108.759,2.714]]],[[[108.757,2.718],[108.752,2.718],[108.755,2.716],[108.757,2.718]]],[[[108.761,2.723],[108.752,2.721],[108.757,2.719],[108.761,2.723]]],[[[108.757,2.725],[108.758,2.726],[108.756,2.727],[108.757,2.725]]],[[[108.754,2.725],[108.751,2.729],[108.752,2.724],[108.754,2.725]]],[[[108.756,2.731],[108.755,2.735],[108.753,2.732],[108.756,2.731]]],[[[108.827,2.732],[108.824,2.739],[108.823,2.735],[108.827,2.732]]],[[[108.831,2.738],[108.859,2.751],[108.835,2.742],[108.831,2.738]]],[[[108.811,2.751],[108.812,2.755],[108.809,2.752],[108.811,2.751]]],[[[108.951,2.759],[108.949,2.757],[108.951,2.756],[108.951,2.759]]],[[[108.864,2.758],[108.877,2.765],[108.876,2.767],[108.864,2.758]]],[[[108.929,2.766],[108.917,2.756],[108.886,2.726],[108.911,2.733],[108.929,2.766]]],[[[108.948,2.77],[108.946,2.765],[108.951,2.763],[108.948,2.77]]],[[[108.906,2.807],[108.907,2.809],[108.905,2.808],[108.906,2.807]]],[[[108.909,2.863],[108.905,2.862],[108.906,2.858],[108.909,2.863]]],[[[108.923,2.866],[108.924,2.871],[108.922,2.869],[108.923,2.866]]],[[[108.892,2.874],[108.888,2.88],[108.886,2.874],[108.892,2.874]]],[[[108.93,2.891],[108.93,2.892],[108.928,2.894],[108.93,2.891]]],[[[108.934,2.892],[108.937,2.896],[108.932,2.893],[108.934,2.892]]],[[[108.923,2.895],[108.923,2.897],[108.922,2.896],[108.923,2.895]]],[[[108.718,2.9],[108.729,2.908],[108.726,2.917],[108.718,2.9]]],[[[108.75,2.915],[108.75,2.919],[108.747,2.914],[108.75,2.915]]],[[[108.806,2.952],[108.804,2.956],[108.803,2.954],[108.806,2.952]]],[[[108.791,2.954],[108.788,2.959],[108.782,2.96],[108.791,2.954]]],[[[108.89,2.999],[108.842,3.001],[108.833,2.943],[108.774,2.892],[108.819,2.843],[108.847,2.85],[108.864,2.878],[108.885,2.875],[108.875,2.94],[108.89,2.999]]],[[[107.786,3.02],[107.748,3.006],[107.757,2.971],[107.813,2.98],[107.786,3.02]]],[[[108.871,3.05],[108.869,3.052],[108.867,3.046],[108.871,3.05]]],[[[108.841,3.054],[108.843,3.011],[108.862,3.012],[108.868,3.042],[108.841,3.054]]],[[[108.094,3.575],[108.081,3.573],[108.095,3.572],[108.094,3.575]]],[[[108.043,3.556],[108.042,3.593],[108.032,3.573],[108.043,3.556]]],[[[108.053,3.592],[108.056,3.591],[108.055,3.593],[108.053,3.592]]],[[[108.038,3.605],[108.041,3.605],[108.044,3.613],[108.038,3.605]]],[[[108.043,3.617],[108.042,3.617],[108.044,3.615],[108.043,3.617]]],[[[108.127,3.625],[108.128,3.623],[108.129,3.625],[108.127,3.625]]],[[[108.133,3.622],[108.139,3.624],[108.137,3.627],[108.133,3.622]]],[[[108.103,3.636],[108.075,3.61],[108.069,3.582],[108.087,3.597],[108.103,3.585],[108.103,3.601],[108.121,3.606],[108.125,3.622],[108.103,3.636]]],[[[108.074,3.664],[108.044,3.664],[108.05,3.63],[108.082,3.634],[108.074,3.664]]],[[[108.085,3.682],[108.072,3.689],[108.077,3.681],[108.085,3.682]]],[[[108.276,3.712],[108.272,3.713],[108.275,3.711],[108.276,3.712]]],[[[108.061,3.744],[108.063,3.752],[108.057,3.744],[108.061,3.744]]],[[[108.126,3.757],[108.114,3.752],[108.125,3.755],[108.126,3.757]]],[[[108.397,3.768],[108.398,3.77],[108.395,3.769],[108.397,3.768]]],[[[108.11,3.767],[108.116,3.769],[108.112,3.772],[108.11,3.767]]],[[[108.41,3.796],[108.413,3.796],[108.412,3.798],[108.41,3.796]]],[[[108.028,3.807],[107.991,3.81],[108.015,3.803],[108.012,3.779],[108.039,3.766],[108.028,3.807]]],[[[108.045,3.849],[108.043,3.851],[108.043,3.849],[108.045,3.849]]],[[[108.414,3.859],[108.416,3.863],[108.411,3.86],[108.414,3.859]]],[[[108.037,3.861],[108.035,3.864],[108.035,3.862],[108.037,3.861]]],[[[108.004,3.863],[108.0,3.864],[108.002,3.862],[108.004,3.863]]],[[[108.383,3.873],[108.383,3.874],[108.382,3.873],[108.383,3.873]]],[[[108.357,3.882],[108.361,3.883],[108.359,3.884],[108.357,3.882]]],[[[108.383,3.884],[108.377,3.885],[108.379,3.878],[108.383,3.884]]],[[[108.374,3.89],[108.372,3.893],[108.372,3.89],[108.374,3.89]]],[[[108.369,3.896],[108.367,3.899],[108.367,3.897],[108.369,3.896]]],[[[107.898,3.913],[107.894,3.892],[107.913,3.882],[107.92,3.9],[107.898,3.913]]],[[[107.962,3.93],[107.96,3.934],[107.959,3.93],[107.962,3.93]]],[[[107.948,3.945],[107.945,3.94],[107.958,3.937],[107.948,3.945]]],[[[107.981,3.962],[107.976,3.959],[107.982,3.959],[107.981,3.962]]],[[[107.978,3.966],[107.974,3.965],[107.979,3.964],[107.978,3.966]]],[[[108.42,4.006],[108.416,4.012],[108.415,4.002],[108.42,4.006]]],[[[107.957,4.011],[107.95,4.011],[107.958,4.008],[107.957,4.011]]],[[[108.358,4.012],[108.361,4.013],[108.359,4.017],[108.358,4.012]]],[[[107.903,4.029],[107.896,4.036],[107.901,4.027],[107.903,4.029]]],[[[107.916,4.036],[107.91,4.036],[107.914,4.032],[107.916,4.036]]],[[[108.02,4.075],[108.016,4.077],[108.014,4.075],[108.02,4.075]]],[[[107.993,4.101],[107.994,4.104],[107.993,4.103],[107.993,4.101]]],[[[108.117,4.154],[108.113,4.151],[108.116,4.152],[108.117,4.154]]],[[[107.861,4.158],[107.846,4.138],[107.843,4.112],[107.862,4.126],[107.861,4.158]]],[[[108.219,4.229],[108.146,4.137],[108.089,4.103],[108.073,4.067],[108.032,4.056],[108.014,4.027],[107.961,4.001],[107.993,3.982],[107.988,3.943],[108.027,3.907],[108.019,3.878],[108.045,3.864],[108.063,3.834],[108.223,3.788],[108.218,3.828],[108.233,3.817],[108.223,3.782],[108.254,3.76],[108.255,3.745],[108.266,3.736],[108.274,3.72],[108.276,3.712],[108.276,3.71],[108.265,3.717],[108.259,3.73],[108.204,3.777],[108.188,3.783],[108.15,3.761],[108.149,3.74],[108.141,3.751],[108.117,3.743],[108.121,3.723],[108.093,3.691],[108.093,3.677],[108.143,3.664],[108.156,3.629],[108.201,3.659],[108.296,3.657],[108.309,3.73],[108.386,3.793],[108.41,3.858],[108.398,3.86],[108.407,3.886],[108.377,3.854],[108.366,3.893],[108.362,3.873],[108.352,3.873],[108.362,3.903],[108.39,3.895],[108.382,3.931],[108.403,3.964],[108.347,3.998],[108.345,4.015],[108.292,4.058],[108.299,4.086],[108.265,4.091],[108.233,4.128],[108.224,4.184],[108.242,4.215],[108.219,4.229]]],[[[108.221,4.238],[108.219,4.241],[108.219,4.235],[108.221,4.238]]],[[[108.209,4.265],[108.198,4.263],[108.186,4.234],[108.199,4.247],[108.209,4.265]]],[[[107.731,4.511],[107.723,4.52],[107.723,4.513],[107.731,4.511]]],[[[108.007,4.774],[107.958,4.707],[107.927,4.693],[107.928,4.68],[107.964,4.668],[107.977,4.68],[108.007,4.774]]],[[[108.021,4.794],[108.01,4.793],[108.007,4.781],[108.009,4.779],[108.021,4.794]]]]},"id":2103},{"type":"Feature","properties":{"code":9701},"geometry":{"type":"Polygon","coordinates":[[[138.868,-4.727],[138.857,-4.599],[138.833,-4.556],[138.849,-4.499],[138.839,-4.266],[138.709,-4.328],[138.72,-4.471],[138.623,-4.485],[138.6,-4.436],[138.593,-4.378],[138.628,-4.287],[138.726,-4.173],[138.68,-4.148],[138.599,-4.14],[138.581,-4.183],[138.554,-4.191],[138.294,-4.188],[138.237,-4.154],[138.124,-4.134],[137.865,-4.155],[137.815,-4.131],[137.678,-4.172],[137.664,-4.473],[137.578,-4.584],[137.577,-4.652],[137.966,-4.598],[138.642,-4.739],[138.868,-4.727]]]},"id":9701},{"type":"Feature","properties":{"code":5312},"geometry":{"type":"Polygon","coordinates":[[[120.811,-8.825],[120.848,-8.833],[120.869,-8.883],[120.931,-8.932],[121.001,-8.956],[121.057,-8.947],[121.138,-8.902],[121.115,-8.874],[121.139,-8.84],[121.095,-8.759],[121.104,-8.722],[121.149,-8.693],[121.107,-8.678],[121.127,-8.642],[121.142,-8.553],[121.184,-8.511],[121.161,-8.477],[121.179,-8.459],[121.173,-8.44],[121.142,-8.424],[121.023,-8.414],[121.01,-8.392],[120.963,-8.37],[120.984,-8.349],[120.944,-8.344],[120.956,-8.369],[120.912,-8.443],[120.922,-8.472],[120.881,-8.478],[120.845,-8.515],[120.874,-8.563],[120.86,-8.573],[120.891,-8.65],[120.874,-8.697],[120.844,-8.709],[120.856,-8.747],[120.811,-8.825]]]},"id":5312},{"type":"Feature","properties":{"code":3518},"geometry":{"type":"Polygon","coordinates":[[[111.8,-7.461],[111.847,-7.508],[111.833,-7.548],[111.802,-7.548],[111.782,-7.65],[111.733,-7.725],[111.725,-7.773],[111.794,-7.836],[111.928,-7.722],[111.953,-7.679],[111.982,-7.684],[111.988,-7.723],[112.022,-7.761],[112.026,-7.726],[112.059,-7.723],[112.076,-7.701],[112.111,-7.565],[112.169,-7.489],[112.154,-7.463],[112.125,-7.452],[112.079,-7.473],[112.062,-7.417],[112.072,-7.399],[112.046,-7.393],[112.019,-7.409],[111.943,-7.406],[111.958,-7.427],[111.94,-7.44],[111.82,-7.439],[111.8,-7.461]]]},"id":3518},{"type":"Feature","properties":{"code":3521},"geometry":{"type":"Polygon","coordinates":[[[111.212,-7.246],[111.15,-7.26],[111.137,-7.297],[111.155,-7.313],[111.145,-7.368],[111.118,-7.414],[111.135,-7.483],[111.152,-7.499],[111.153,-7.562],[111.194,-7.62],[111.259,-7.598],[111.286,-7.606],[111.301,-7.586],[111.371,-7.569],[111.381,-7.539],[111.462,-7.509],[111.501,-7.514],[111.524,-7.544],[111.556,-7.544],[111.55,-7.527],[111.586,-7.521],[111.61,-7.468],[111.637,-7.462],[111.668,-7.423],[111.671,-7.409],[111.574,-7.348],[111.527,-7.372],[111.472,-7.357],[111.452,-7.374],[111.416,-7.348],[111.344,-7.335],[111.344,-7.319],[111.286,-7.289],[111.244,-7.285],[111.212,-7.246]]]},"id":3521},{"type":"Feature","properties":{"code":1201},"geometry":{"type":"MultiPolygon","coordinates":[[[[97.964,1.022],[97.966,1.023],[97.964,1.023],[97.964,1.022]]],[[[97.953,1.023],[97.956,1.025],[97.952,1.025],[97.953,1.023]]],[[[97.902,1.073],[97.905,1.077],[97.9,1.076],[97.902,1.073]]],[[[97.929,1.079],[97.93,1.08],[97.928,1.08],[97.929,1.079]]],[[[97.51,1.274],[97.483,1.214],[97.489,1.153],[97.571,1.13],[97.57,1.095],[97.61,1.079],[97.612,1.054],[97.65,1.061],[97.612,1.03],[97.648,1.0],[97.684,1.006],[97.694,0.932],[97.751,0.95],[97.809,0.919],[97.848,0.931],[97.857,0.884],[97.901,0.884],[97.945,0.965],[97.917,1.027],[97.896,1.054],[97.872,1.052],[97.849,1.072],[97.8,1.15],[97.69,1.178],[97.643,1.12],[97.68,1.121],[97.677,1.111],[97.645,1.1],[97.63,1.116],[97.593,1.11],[97.586,1.12],[97.605,1.13],[97.626,1.173],[97.62,1.195],[97.581,1.194],[97.578,1.215],[97.56,1.221],[97.579,1.268],[97.547,1.284],[97.51,1.274]],[[97.632,1.081],[97.648,1.093],[97.655,1.082],[97.632,1.081]]]]},"id":1201},{"type":"Feature","properties":{"code":1225},"geometry":{"type":"MultiPolygon","coordinates":[[[[97.346,0.843],[97.332,0.828],[97.359,0.811],[97.361,0.821],[97.346,0.843]]],[[[97.383,0.84],[97.375,0.839],[97.382,0.834],[97.383,0.84]]],[[[97.33,0.845],[97.31,0.858],[97.309,0.85],[97.33,0.845]]],[[[97.381,0.847],[97.371,0.862],[97.363,0.852],[97.381,0.847]]],[[[97.291,0.867],[97.281,0.869],[97.29,0.863],[97.291,0.867]]],[[[97.354,0.867],[97.335,0.87],[97.33,0.858],[97.354,0.867]]],[[[97.355,0.869],[97.355,0.874],[97.349,0.874],[97.355,0.869]]],[[[97.371,0.878],[97.371,0.881],[97.369,0.88],[97.371,0.878]]],[[[97.284,0.9],[97.265,0.907],[97.283,0.896],[97.284,0.9]]],[[[97.428,0.918],[97.432,0.918],[97.43,0.921],[97.428,0.918]]],[[[97.429,0.93],[97.427,0.937],[97.425,0.93],[97.429,0.93]]],[[[97.489,1.153],[97.468,1.125],[97.488,1.092],[97.477,1.087],[97.446,1.119],[97.449,1.096],[97.369,1.078],[97.397,1.014],[97.406,0.939],[97.418,0.949],[97.483,0.939],[97.544,0.887],[97.567,0.924],[97.54,0.938],[97.536,1.008],[97.58,1.006],[97.596,1.02],[97.59,1.034],[97.612,1.03],[97.65,1.061],[97.612,1.054],[97.61,1.079],[97.57,1.095],[97.571,1.13],[97.489,1.153]]]]},"id":1225},{"type":"Feature","properties":{"code":1214},"geometry":{"type":"MultiPolygon","coordinates":[[[[98.501,-0.594],[98.489,-0.619],[98.517,-0.638],[98.52,-0.62],[98.501,-0.594]]],[[[98.505,-0.531],[98.501,-0.534],[98.505,-0.532],[98.505,-0.531]]],[[[98.516,-0.499],[98.524,-0.496],[98.522,-0.492],[98.516,-0.499]]],[[[98.519,-0.477],[98.518,-0.475],[98.517,-0.479],[98.519,-0.477]]],[[[98.515,-0.457],[98.516,-0.454],[98.514,-0.455],[98.515,-0.457]]],[[[98.532,-0.394],[98.536,-0.394],[98.533,-0.391],[98.532,-0.394]]],[[[98.509,-0.339],[98.514,-0.336],[98.509,-0.334],[98.509,-0.339]]],[[[98.577,-0.335],[98.576,-0.325],[98.57,-0.333],[98.577,-0.335]]],[[[98.496,-0.314],[98.495,-0.31],[98.493,-0.313],[98.496,-0.314]]],[[[98.407,-0.309],[98.411,-0.308],[98.407,-0.306],[98.407,-0.309]]],[[[98.493,-0.291],[98.491,-0.285],[98.486,-0.283],[98.493,-0.291]]],[[[98.469,-0.277],[98.467,-0.275],[98.467,-0.277],[98.469,-0.277]]],[[[98.389,-0.275],[98.389,-0.263],[98.382,-0.26],[98.381,-0.269],[98.389,-0.275]]],[[[98.446,-0.246],[98.413,-0.242],[98.44,-0.3],[98.383,-0.342],[98.376,-0.457],[98.354,-0.47],[98.349,-0.513],[98.328,-0.522],[98.32,-0.507],[98.286,-0.522],[98.394,-0.563],[98.417,-0.597],[98.425,-0.542],[98.474,-0.532],[98.466,-0.574],[98.486,-0.551],[98.491,-0.572],[98.505,-0.555],[98.481,-0.515],[98.505,-0.493],[98.514,-0.414],[98.5,-0.397],[98.522,-0.38],[98.51,-0.371],[98.524,-0.371],[98.446,-0.246]]],[[[98.403,-0.235],[98.408,-0.232],[98.398,-0.231],[98.403,-0.235]]],[[[98.532,-0.23],[98.532,-0.223],[98.529,-0.223],[98.532,-0.23]]],[[[98.384,-0.216],[98.387,-0.211],[98.383,-0.214],[98.384,-0.216]]],[[[98.371,-0.195],[98.373,-0.198],[98.374,-0.196],[98.371,-0.195]]],[[[98.41,-0.172],[98.412,-0.169],[98.408,-0.17],[98.41,-0.172]]],[[[98.517,-0.142],[98.527,-0.142],[98.514,-0.136],[98.517,-0.142]]],[[[98.514,-0.115],[98.514,-0.108],[98.51,-0.109],[98.514,-0.115]]],[[[98.189,-0.142],[98.206,-0.125],[98.199,-0.106],[98.182,-0.117],[98.189,-0.142]]],[[[98.222,-0.11],[98.228,-0.104],[98.221,-0.1],[98.222,-0.11]]],[[[98.484,-0.122],[98.486,-0.111],[98.472,-0.099],[98.47,-0.108],[98.484,-0.122]]],[[[98.498,-0.114],[98.49,-0.1],[98.487,-0.098],[98.488,-0.109],[98.498,-0.114]]],[[[98.289,-0.101],[98.28,-0.101],[98.285,-0.109],[98.289,-0.101]]],[[[98.316,-0.097],[98.301,-0.099],[98.304,-0.111],[98.32,-0.115],[98.316,-0.097]]],[[[98.361,-0.094],[98.359,-0.093],[98.359,-0.094],[98.361,-0.094]]],[[[98.258,-0.094],[98.264,-0.098],[98.263,-0.091],[98.258,-0.094]]],[[[98.334,-0.094],[98.318,-0.103],[98.322,-0.113],[98.32,-0.125],[98.347,-0.142],[98.334,-0.094]]],[[[98.31,-0.089],[98.303,-0.094],[98.312,-0.093],[98.31,-0.089]]],[[[98.347,-0.081],[98.348,-0.079],[98.347,-0.08],[98.347,-0.081]]],[[[98.361,-0.077],[98.357,-0.073],[98.357,-0.076],[98.361,-0.077]]],[[[97.889,-0.062],[97.84,-0.062],[97.836,-0.067],[97.888,-0.106],[97.899,-0.094],[97.889,-0.062]]],[[[98.312,-0.046],[98.321,-0.063],[98.296,-0.058],[98.295,-0.07],[98.348,-0.097],[98.357,-0.089],[98.345,-0.081],[98.346,-0.072],[98.341,-0.074],[98.343,-0.067],[98.331,-0.073],[98.312,-0.046]]],[[[98.254,-0.039],[98.26,-0.037],[98.257,-0.035],[98.254,-0.039]]],[[[98.29,-0.079],[98.269,-0.033],[98.263,-0.058],[98.282,-0.093],[98.29,-0.079]]],[[[98.527,-0.031],[98.525,-0.055],[98.545,-0.071],[98.546,-0.062],[98.527,-0.031]]],[[[98.499,-0.07],[98.499,-0.033],[98.491,-0.028],[98.499,-0.07]]],[[[98.254,-0.027],[98.258,-0.025],[98.255,-0.024],[98.254,-0.027]]],[[[98.45,-0.022],[98.452,-0.019],[98.449,-0.018],[98.45,-0.022]]],[[[98.386,0.006],[98.294,-0.02],[98.342,-0.032],[98.362,-0.058],[98.381,-0.104],[98.368,-0.107],[98.496,-0.278],[98.553,-0.392],[98.541,-0.348],[98.568,-0.329],[98.573,-0.279],[98.493,-0.209],[98.475,-0.147],[98.487,-0.135],[98.468,-0.107],[98.47,-0.092],[98.418,-0.037],[98.415,0.002],[98.395,-0.014],[98.386,0.006]]],[[[98.234,0.007],[98.221,0.006],[98.217,-0.007],[98.224,-0.006],[98.234,0.007]]],[[[98.249,-0.0],[98.263,0.008],[98.263,0.014],[98.254,0.012],[98.249,-0.0]]],[[[98.211,0.021],[98.218,0.022],[98.211,0.023],[98.211,0.021]]],[[[98.456,0.03],[98.46,0.034],[98.456,0.039],[98.456,0.03]]],[[[98.295,0.048],[98.299,0.053],[98.292,0.05],[98.295,0.048]]],[[[98.928,0.048],[98.928,0.054],[98.927,0.054],[98.928,0.048]]],[[[98.211,0.05],[98.216,0.053],[98.213,0.055],[98.211,0.05]]],[[[98.229,0.055],[98.239,0.058],[98.227,0.063],[98.229,0.055]]],[[[98.629,0.068],[98.639,0.068],[98.639,0.073],[98.629,0.068]]],[[[98.893,0.09],[98.898,0.088],[98.896,0.091],[98.893,0.09]]],[[[98.859,0.115],[98.856,0.117],[98.858,0.114],[98.859,0.115]]],[[[98.789,0.171],[98.787,0.175],[98.786,0.172],[98.789,0.171]]],[[[98.68,0.168],[98.566,0.173],[98.526,0.143],[98.536,0.101],[98.655,0.072],[98.748,0.071],[98.783,0.096],[98.854,0.08],[98.853,0.118],[98.797,0.171],[98.722,0.157],[98.708,0.178],[98.68,0.168]]],[[[97.648,1.0],[97.59,1.034],[97.596,1.02],[97.575,1.004],[97.536,1.008],[97.54,0.938],[97.567,0.924],[97.544,0.887],[97.631,0.8],[97.666,0.7],[97.661,0.677],[97.695,0.617],[97.683,0.584],[97.71,0.561],[97.742,0.58],[97.744,0.553],[97.766,0.557],[97.78,0.58],[97.78,0.553],[97.792,0.561],[97.827,0.544],[97.819,0.567],[97.836,0.558],[97.9,0.626],[97.886,0.742],[97.911,0.798],[97.894,0.826],[97.901,0.884],[97.857,0.884],[97.848,0.931],[97.809,0.919],[97.751,0.95],[97.694,0.932],[97.684,1.006],[97.648,1.0]]]]},"id":1214},{"type":"Feature","properties":{"code":1224},"geometry":{"type":"MultiPolygon","coordinates":[[[[97.096,1.215],[97.093,1.199],[97.099,1.191],[97.104,1.196],[97.096,1.215]]],[[[97.086,1.209],[97.082,1.231],[97.082,1.208],[97.086,1.209]]],[[[97.106,1.352],[97.101,1.359],[97.101,1.353],[97.106,1.352]]],[[[97.222,1.414],[97.222,1.413],[97.223,1.413],[97.222,1.414]]],[[[97.224,1.417],[97.228,1.417],[97.227,1.419],[97.224,1.417]]],[[[97.222,1.423],[97.215,1.42],[97.222,1.42],[97.222,1.423]]],[[[97.242,1.427],[97.244,1.429],[97.242,1.429],[97.242,1.427]]],[[[97.229,1.439],[97.231,1.441],[97.228,1.441],[97.229,1.439]]],[[[97.258,1.465],[97.236,1.462],[97.231,1.452],[97.234,1.45],[97.258,1.465]]],[[[97.521,1.423],[97.483,1.478],[97.441,1.472],[97.422,1.517],[97.395,1.499],[97.35,1.541],[97.334,1.524],[97.351,1.503],[97.345,1.481],[97.29,1.448],[97.275,1.418],[97.207,1.401],[97.188,1.417],[97.171,1.395],[97.136,1.431],[97.059,1.412],[97.073,1.389],[97.082,1.407],[97.1,1.406],[97.154,1.362],[97.206,1.267],[97.249,1.258],[97.257,1.216],[97.285,1.204],[97.295,1.168],[97.32,1.158],[97.369,1.078],[97.449,1.096],[97.446,1.119],[97.477,1.087],[97.488,1.092],[97.47,1.138],[97.489,1.153],[97.483,1.214],[97.51,1.274],[97.47,1.346],[97.521,1.423]]]]},"id":1224},{"type":"Feature","properties":{"code":6504},"geometry":{"type":"MultiPolygon","coordinates":[[[[117.49,3.677],[117.481,3.708],[117.427,3.676],[117.467,3.671],[117.49,3.677]]],[[[117.814,3.778],[117.78,3.785],[117.779,3.771],[117.815,3.757],[117.814,3.778]]],[[[117.765,3.785],[117.703,3.773],[117.792,3.759],[117.784,3.769],[117.777,3.766],[117.761,3.765],[117.759,3.767],[117.758,3.771],[117.756,3.766],[117.753,3.766],[117.735,3.773],[117.754,3.767],[117.757,3.773],[117.778,3.768],[117.762,3.777],[117.765,3.785]]],[[[117.703,3.781],[117.699,3.79],[117.696,3.788],[117.688,3.79],[117.683,3.797],[117.68,3.793],[117.678,3.781],[117.703,3.781]]],[[[117.71,3.786],[117.765,3.786],[117.778,3.771],[117.778,3.785],[117.732,3.81],[117.729,3.796],[117.71,3.786]]],[[[117.703,3.781],[117.696,3.778],[117.713,3.781],[117.71,3.786],[117.716,3.797],[117.729,3.797],[117.725,3.816],[117.685,3.804],[117.694,3.799],[117.692,3.793],[117.699,3.795],[117.703,3.781]]],[[[117.743,3.872],[117.742,3.872],[117.747,3.871],[117.743,3.872]]],[[[117.755,3.868],[117.719,3.873],[117.71,3.861],[117.738,3.84],[117.741,3.807],[117.809,3.788],[117.783,3.814],[117.833,3.785],[117.826,3.81],[117.755,3.868]]],[[[117.656,3.941],[117.652,3.95],[117.639,3.949],[117.656,3.941]]],[[[117.652,3.951],[117.647,3.957],[117.644,3.953],[117.652,3.951]]],[[[117.522,4.027],[117.496,4.052],[117.443,4.005],[117.465,3.96],[117.46,3.931],[117.496,3.916],[117.525,3.929],[117.546,3.926],[117.601,3.882],[117.682,3.887],[117.682,3.914],[117.629,3.916],[117.597,3.933],[117.577,3.969],[117.57,3.957],[117.556,3.954],[117.571,3.926],[117.554,3.953],[117.571,3.971],[117.532,4.03],[117.52,4.021],[117.481,4.017],[117.466,4.023],[117.462,3.996],[117.465,4.024],[117.522,4.027]]],[[[117.496,4.06],[117.482,4.062],[117.478,4.047],[117.496,4.06]]],[[[117.554,4.099],[117.575,4.118],[117.587,4.142],[117.546,4.133],[117.536,4.108],[117.554,4.099]]],[[[117.66,4.146],[117.629,4.135],[117.589,4.079],[117.602,4.011],[117.671,3.966],[117.725,3.985],[117.753,4.061],[117.66,4.146]]],[[[117.902,4.166],[117.683,4.166],[117.861,4.028],[117.926,4.06],[117.925,4.127],[117.902,4.166]]],[[[116.761,3.641],[116.742,3.681],[116.77,3.695],[116.838,3.686],[116.938,3.714],[117.196,3.669],[117.296,3.636],[117.46,3.654],[117.489,3.67],[117.428,3.671],[117.424,3.677],[117.427,3.689],[117.4,3.694],[117.39,3.708],[117.291,3.716],[117.248,3.729],[117.232,3.764],[117.171,3.743],[117.162,3.751],[117.148,3.735],[117.15,3.745],[117.157,3.746],[117.161,3.752],[117.165,3.753],[117.182,3.75],[117.214,3.769],[117.23,3.768],[117.249,3.731],[117.392,3.712],[117.436,3.69],[117.487,3.722],[117.476,3.755],[117.494,3.775],[117.531,3.767],[117.596,3.797],[117.599,3.775],[117.65,3.771],[117.683,3.798],[117.689,3.79],[117.698,3.792],[117.691,3.793],[117.685,3.802],[117.685,3.805],[117.692,3.807],[117.694,3.814],[117.709,3.82],[117.725,3.818],[117.731,3.815],[117.733,3.836],[117.666,3.879],[117.59,3.879],[117.544,3.921],[117.495,3.912],[117.46,3.927],[117.455,3.938],[117.463,3.96],[117.439,4.004],[117.385,4.027],[117.365,4.014],[117.382,4.036],[117.438,4.013],[117.473,4.07],[117.418,4.094],[117.394,4.145],[117.418,4.146],[117.484,4.109],[117.495,4.139],[117.495,4.109],[117.521,4.101],[117.548,4.142],[117.595,4.17],[117.572,4.18],[117.53,4.16],[117.458,4.177],[117.409,4.253],[117.387,4.257],[117.372,4.286],[117.297,4.309],[117.248,4.373],[117.201,4.335],[117.155,4.353],[117.108,4.332],[117.044,4.347],[117.022,4.318],[117.007,4.32],[117.009,4.346],[116.969,4.336],[116.956,4.355],[116.912,4.368],[116.836,4.326],[116.817,4.35],[116.785,4.342],[116.753,4.39],[116.706,4.331],[116.668,4.352],[116.654,4.336],[116.621,4.337],[116.615,4.377],[116.589,4.374],[116.567,4.408],[116.565,4.39],[116.537,4.376],[116.538,4.32],[116.489,4.334],[116.48,4.302],[116.442,4.288],[116.438,4.323],[116.355,4.389],[116.28,4.36],[116.168,4.39],[116.156,4.338],[116.112,4.331],[116.073,4.276],[116.035,4.295],[116.032,4.328],[116.004,4.347],[115.929,4.353],[115.909,4.39],[115.878,4.391],[115.864,4.343],[115.876,4.291],[115.826,4.262],[115.819,4.224],[115.802,4.22],[115.796,4.238],[115.767,4.244],[115.728,4.188],[115.704,4.195],[115.683,4.16],[115.641,3.961],[115.618,3.936],[115.59,3.943],[115.559,3.917],[115.619,3.868],[115.578,3.746],[115.58,3.596],[115.604,3.576],[115.61,3.51],[115.638,3.455],[115.699,3.402],[115.714,3.437],[115.8,3.463],[115.805,3.489],[115.838,3.491],[115.856,3.471],[115.883,3.469],[115.968,3.522],[115.977,3.552],[115.952,3.596],[115.956,3.62],[115.912,3.689],[115.947,3.784],[115.909,3.84],[115.926,3.882],[115.922,3.931],[115.951,3.96],[115.965,4.118],[116.031,4.079],[116.085,4.117],[116.125,4.12],[116.167,4.111],[116.161,4.091],[116.185,4.079],[116.222,4.079],[116.237,4.046],[116.268,4.04],[116.283,4.057],[116.331,4.057],[116.354,4.033],[116.354,4.008],[116.392,3.991],[116.389,3.931],[116.488,3.745],[116.569,3.722],[116.588,3.691],[116.716,3.699],[116.761,3.641]]]]},"id":6504},{"type":"Feature","properties":{"code":1610},"geometry":{"type":"Polygon","coordinates":[[[104.78,-3.052],[104.779,-3.034],[104.75,-3.039],[104.719,-3.094],[104.717,-3.069],[104.69,-3.056],[104.618,-3.111],[104.512,-3.089],[104.478,-3.115],[104.51,-3.2],[104.563,-3.215],[104.571,-3.239],[104.53,-3.291],[104.536,-3.353],[104.513,-3.388],[104.507,-3.379],[104.447,-3.425],[104.445,-3.495],[104.405,-3.507],[104.3,-3.497],[104.315,-3.619],[104.366,-3.608],[104.422,-3.556],[104.437,-3.556],[104.476,-3.61],[104.442,-3.683],[104.375,-3.719],[104.374,-3.763],[104.406,-3.783],[104.464,-3.775],[104.464,-3.761],[104.559,-3.806],[104.643,-3.653],[104.65,-3.567],[104.678,-3.493],[104.708,-3.465],[104.739,-3.486],[104.774,-3.46],[104.814,-3.457],[104.815,-3.312],[104.798,-3.298],[104.816,-3.217],[104.796,-3.18],[104.818,-3.144],[104.793,-3.131],[104.809,-3.082],[104.789,-3.076],[104.799,-3.054],[104.78,-3.052]]]},"id":1610},{"type":"Feature","properties":{"code":1602},"geometry":{"type":"MultiPolygon","coordinates":[[[[106.164,-3.296],[106.171,-3.308],[106.188,-3.316],[106.178,-3.301],[106.164,-3.296]]],[[[104.794,-3.062],[104.789,-3.076],[104.809,-3.082],[104.793,-3.131],[104.818,-3.144],[104.796,-3.18],[104.816,-3.217],[104.798,-3.298],[104.815,-3.312],[104.814,-3.457],[104.774,-3.46],[104.739,-3.486],[104.708,-3.465],[104.678,-3.493],[104.65,-3.567],[104.642,-3.655],[104.704,-3.649],[104.774,-3.686],[104.772,-3.725],[104.857,-3.776],[104.878,-3.81],[104.873,-3.861],[104.854,-3.888],[104.873,-3.907],[104.852,-3.936],[104.861,-3.958],[104.9,-3.942],[104.93,-3.95],[104.913,-4.005],[104.855,-4.036],[104.827,-4.07],[104.834,-4.099],[104.791,-4.128],[104.787,-4.17],[104.747,-4.223],[104.755,-4.245],[104.792,-4.264],[104.818,-4.241],[104.874,-4.233],[104.876,-4.217],[104.967,-4.171],[105.013,-4.173],[105.028,-4.144],[105.049,-4.141],[105.095,-4.046],[105.119,-4.048],[105.105,-4.018],[105.142,-3.972],[105.139,-3.934],[105.164,-3.937],[105.179,-3.904],[105.205,-3.89],[105.229,-3.889],[105.243,-3.906],[105.275,-3.878],[105.292,-3.845],[105.283,-3.798],[105.304,-3.791],[105.318,-3.731],[105.333,-3.723],[105.358,-3.797],[105.39,-3.779],[105.432,-3.783],[105.432,-3.826],[105.48,-3.821],[105.492,-3.84],[105.524,-3.84],[105.512,-3.872],[105.523,-3.892],[105.548,-3.881],[105.573,-3.901],[105.562,-3.928],[105.586,-3.939],[105.599,-3.926],[105.611,-3.94],[105.59,-3.953],[105.63,-4.005],[105.606,-4.058],[105.625,-4.043],[105.66,-4.048],[105.65,-4.086],[105.663,-4.095],[105.684,-4.079],[105.687,-4.101],[105.711,-4.108],[105.697,-4.129],[105.708,-4.143],[105.729,-4.134],[105.752,-4.147],[105.776,-4.112],[105.808,-4.123],[105.836,-4.17],[105.847,-4.165],[105.872,-4.012],[105.937,-3.897],[105.96,-3.823],[105.906,-3.761],[105.865,-3.737],[105.85,-3.749],[105.829,-3.711],[105.819,-3.639],[105.833,-3.567],[105.89,-3.424],[105.933,-3.36],[105.987,-3.311],[106.087,-3.256],[106.098,-3.228],[106.06,-3.118],[106.07,-3.065],[106.051,-2.987],[105.988,-2.97],[105.978,-2.953],[105.901,-2.973],[105.831,-2.929],[105.798,-2.876],[105.796,-2.692],[105.688,-2.682],[105.632,-2.64],[105.608,-2.594],[105.603,-2.538],[105.633,-2.434],[105.626,-2.395],[105.532,-2.417],[105.47,-2.462],[105.428,-2.447],[105.336,-2.447],[105.313,-2.498],[105.285,-2.51],[105.228,-2.587],[105.203,-2.583],[105.204,-2.634],[105.175,-2.641],[105.215,-2.685],[105.207,-2.729],[105.089,-2.717],[105.074,-2.771],[105.09,-2.841],[105.067,-2.903],[105.093,-2.915],[105.095,-2.931],[105.009,-2.971],[105.035,-2.982],[105.019,-3.007],[105.041,-3.012],[105.031,-3.104],[105.001,-3.145],[104.93,-3.169],[104.898,-3.155],[104.907,-3.13],[104.879,-3.099],[104.854,-3.101],[104.828,-3.068],[104.794,-3.062]]]]},"id":1602},{"type":"Feature","properties":{"code":1601},"geometry":{"type":"Polygon","coordinates":[[[103.621,-4.305],[103.636,-4.287],[103.698,-4.285],[103.799,-4.21],[103.841,-4.277],[103.851,-4.376],[103.903,-4.383],[103.971,-4.465],[104.001,-4.447],[104.045,-4.458],[104.098,-4.437],[104.219,-4.352],[104.225,-4.235],[104.28,-4.24],[104.286,-4.212],[104.325,-4.197],[104.335,-4.178],[104.308,-4.076],[104.339,-4.054],[104.356,-4.009],[104.398,-4.005],[104.404,-3.982],[104.505,-3.935],[104.508,-3.871],[104.557,-3.824],[104.555,-3.805],[104.464,-3.761],[104.464,-3.775],[104.41,-3.784],[104.38,-3.763],[104.306,-3.773],[104.288,-3.755],[104.237,-3.784],[104.208,-3.846],[104.122,-3.895],[103.994,-3.919],[103.965,-3.888],[103.94,-3.897],[103.892,-3.924],[103.887,-3.967],[103.792,-4.038],[103.772,-4.069],[103.704,-4.085],[103.705,-4.183],[103.621,-4.213],[103.621,-4.305]]]},"id":1601},{"type":"Feature","properties":{"code":1608},"geometry":{"type":"Polygon","coordinates":[[[103.934,-4.885],[103.959,-4.91],[104.057,-4.89],[104.088,-4.916],[104.152,-4.925],[104.194,-4.862],[104.217,-4.858],[104.244,-4.881],[104.286,-4.855],[104.313,-4.883],[104.333,-4.872],[104.371,-4.817],[104.328,-4.812],[104.294,-4.712],[104.315,-4.691],[104.295,-4.704],[104.287,-4.683],[104.295,-4.646],[104.334,-4.605],[104.325,-4.557],[104.279,-4.551],[104.262,-4.513],[104.229,-4.498],[104.205,-4.441],[104.158,-4.402],[104.045,-4.458],[104.013,-4.445],[103.971,-4.465],[103.903,-4.383],[103.851,-4.376],[103.841,-4.277],[103.799,-4.21],[103.698,-4.285],[103.636,-4.287],[103.598,-4.362],[103.553,-4.356],[103.519,-4.376],[103.468,-4.353],[103.428,-4.405],[103.398,-4.517],[103.436,-4.531],[103.484,-4.579],[103.53,-4.568],[103.57,-4.524],[103.618,-4.532],[103.63,-4.556],[103.596,-4.595],[103.661,-4.609],[103.699,-4.672],[103.704,-4.698],[103.672,-4.731],[103.702,-4.725],[103.745,-4.741],[103.78,-4.795],[103.825,-4.8],[103.823,-4.82],[103.863,-4.844],[103.874,-4.884],[103.912,-4.816],[103.94,-4.812],[103.976,-4.824],[104.015,-4.864],[103.994,-4.882],[103.978,-4.867],[103.934,-4.885]]]},"id":1608},{"type":"Feature","properties":{"code":1609},"geometry":{"type":"Polygon","coordinates":[[[104.555,-3.805],[104.557,-3.824],[104.508,-3.871],[104.505,-3.935],[104.404,-3.982],[104.398,-4.005],[104.356,-4.009],[104.339,-4.054],[104.308,-4.076],[104.335,-4.178],[104.325,-4.197],[104.286,-4.212],[104.28,-4.24],[104.225,-4.235],[104.219,-4.352],[104.152,-4.408],[104.205,-4.441],[104.229,-4.498],[104.262,-4.513],[104.267,-4.541],[104.301,-4.561],[104.325,-4.56],[104.313,-4.522],[104.333,-4.5],[104.335,-4.423],[104.384,-4.347],[104.437,-4.304],[104.471,-4.311],[104.483,-4.291],[104.591,-4.243],[104.621,-4.212],[104.623,-4.242],[104.662,-4.261],[104.755,-4.249],[104.747,-4.223],[104.787,-4.17],[104.794,-4.125],[104.834,-4.099],[104.832,-4.061],[104.907,-4.011],[104.926,-3.975],[104.927,-3.946],[104.892,-3.943],[104.869,-3.962],[104.851,-3.94],[104.873,-3.907],[104.854,-3.888],[104.875,-3.856],[104.869,-3.791],[104.772,-3.725],[104.774,-3.686],[104.721,-3.653],[104.64,-3.656],[104.588,-3.767],[104.555,-3.805]]]},"id":1609},{"type":"Feature","properties":{"code":3501},"geometry":{"type":"MultiPolygon","coordinates":[[[[111.124,-8.26],[111.122,-8.259],[111.121,-8.26],[111.124,-8.26]]],[[[111.314,-7.935],[111.246,-7.948],[111.216,-7.925],[111.197,-7.939],[111.183,-7.918],[111.152,-7.924],[111.147,-7.966],[111.123,-7.972],[111.136,-8.018],[111.126,-8.064],[111.092,-8.065],[111.093,-8.03],[111.077,-8.024],[111.071,-8.064],[111.035,-8.08],[110.993,-8.082],[110.952,-8.062],[110.908,-8.125],[110.908,-8.21],[111.027,-8.256],[111.076,-8.245],[111.074,-8.223],[111.09,-8.22],[111.105,-8.233],[111.093,-8.247],[111.136,-8.262],[111.132,-8.273],[111.153,-8.284],[111.261,-8.247],[111.284,-8.273],[111.301,-8.257],[111.325,-8.273],[111.367,-8.26],[111.398,-8.277],[111.406,-8.258],[111.39,-8.233],[111.408,-8.212],[111.402,-8.19],[111.422,-8.188],[111.424,-8.17],[111.38,-8.163],[111.379,-8.136],[111.347,-8.114],[111.36,-8.106],[111.346,-8.066],[111.367,-8.033],[111.349,-8.021],[111.353,-7.98],[111.327,-7.967],[111.314,-7.935]]]]},"id":3501},{"type":"Feature","properties":{"code":1221},"geometry":{"type":"Polygon","coordinates":[[[99.84,0.817],[99.83,0.88],[99.871,0.907],[99.951,0.879],[99.967,0.85],[100.178,0.764],[100.12,0.826],[100.142,0.883],[100.128,0.936],[100.147,0.965],[100.139,0.984],[100.166,0.998],[100.12,1.073],[100.134,1.112],[100.183,1.124],[100.135,1.168],[100.119,1.255],[100.074,1.276],[100.029,1.326],[100.025,1.356],[99.992,1.381],[99.954,1.367],[99.919,1.525],[99.897,1.548],[99.849,1.524],[99.837,1.497],[99.743,1.419],[99.716,1.414],[99.702,1.378],[99.626,1.315],[99.578,1.304],[99.562,1.279],[99.475,1.261],[99.461,1.239],[99.418,1.226],[99.432,1.184],[99.509,1.133],[99.546,1.07],[99.568,1.065],[99.597,1.006],[99.586,0.97],[99.6,0.951],[99.643,0.919],[99.692,0.931],[99.744,0.865],[99.8,0.857],[99.84,0.817]]]},"id":1221},{"type":"Feature","properties":{"code":1220},"geometry":{"type":"Polygon","coordinates":[[[99.683,2.036],[99.616,2.041],[99.618,1.995],[99.573,2.029],[99.557,2.017],[99.544,1.953],[99.555,1.921],[99.576,1.91],[99.548,1.862],[99.57,1.814],[99.565,1.756],[99.55,1.717],[99.511,1.726],[99.464,1.672],[99.439,1.663],[99.449,1.586],[99.39,1.572],[99.438,1.518],[99.403,1.483],[99.399,1.413],[99.345,1.428],[99.419,1.278],[99.421,1.23],[99.626,1.315],[99.702,1.378],[99.716,1.414],[99.743,1.419],[99.837,1.497],[99.849,1.524],[99.897,1.548],[99.919,1.525],[99.954,1.367],[99.992,1.381],[100.025,1.356],[100.051,1.394],[100.2,1.398],[100.345,1.436],[100.279,1.466],[100.285,1.478],[100.316,1.476],[100.31,1.51],[100.172,1.595],[100.076,1.721],[100.049,1.72],[100.002,1.64],[99.954,1.624],[99.913,1.714],[99.9,1.717],[99.846,1.636],[99.816,1.672],[99.733,1.724],[99.702,1.762],[99.695,1.805],[99.707,1.819],[99.745,1.829],[99.839,1.799],[99.808,1.903],[99.834,1.914],[99.841,1.979],[99.828,1.993],[99.846,2.016],[99.791,2.024],[99.746,2.003],[99.704,1.929],[99.677,1.937],[99.69,2.001],[99.683,2.036]],[[99.419,1.446],[99.436,1.475],[99.441,1.433],[99.419,1.446]]]},"id":1220},{"type":"Feature","properties":{"code":1306},"geometry":{"type":"Polygon","coordinates":[[[99.962,-0.432],[100.09,-0.567],[100.134,-0.552],[100.131,-0.571],[100.149,-0.57],[100.146,-0.588],[100.182,-0.615],[100.154,-0.668],[100.29,-0.817],[100.456,-0.729],[100.43,-0.637],[100.375,-0.621],[100.417,-0.599],[100.382,-0.525],[100.392,-0.491],[100.331,-0.488],[100.315,-0.429],[100.285,-0.461],[100.246,-0.467],[100.216,-0.414],[100.188,-0.414],[100.157,-0.39],[100.158,-0.36],[100.131,-0.316],[100.115,-0.33],[100.066,-0.329],[100.045,-0.364],[99.993,-0.359],[99.999,-0.398],[99.985,-0.395],[99.962,-0.432]]]},"id":1306},{"type":"Feature","properties":{"code":1216},"geometry":{"type":"Polygon","coordinates":[[[98.197,2.311],[98.252,2.275],[98.241,2.359],[98.295,2.34],[98.288,2.421],[98.338,2.425],[98.362,2.465],[98.403,2.466],[98.415,2.48],[98.399,2.52],[98.449,2.525],[98.467,2.549],[98.419,2.637],[98.356,2.66],[98.328,2.696],[98.271,2.72],[98.245,2.71],[98.116,2.785],[98.069,2.763],[98.103,2.682],[98.112,2.613],[98.084,2.602],[98.081,2.519],[98.147,2.423],[98.197,2.311]]]},"id":1216},{"type":"Feature","properties":{"code":3528},"geometry":{"type":"Polygon","coordinates":[[[113.639,-6.887],[113.483,-6.896],[113.477,-6.924],[113.422,-6.984],[113.421,-7.011],[113.392,-7.034],[113.393,-7.073],[113.363,-7.101],[113.356,-7.153],[113.379,-7.149],[113.379,-7.209],[113.383,-7.189],[113.393,-7.217],[113.496,-7.226],[113.516,-7.24],[113.499,-7.242],[113.509,-7.254],[113.552,-7.233],[113.573,-7.161],[113.62,-7.103],[113.593,-7.061],[113.604,-7.042],[113.577,-7.033],[113.581,-7.018],[113.612,-7.011],[113.608,-6.974],[113.649,-6.919],[113.635,-6.914],[113.639,-6.887]]]},"id":3528},{"type":"Feature","properties":{"code":3601},"geometry":{"type":"MultiPolygon","coordinates":[[[[105.549,-6.995],[105.521,-7.001],[105.52,-7.008],[105.568,-7.014],[105.549,-6.995]]],[[[105.815,-6.957],[105.771,-6.963],[105.766,-6.971],[105.815,-6.957]]],[[[105.239,-6.822],[105.239,-6.82],[105.237,-6.821],[105.239,-6.822]]],[[[105.443,-6.81],[105.444,-6.808],[105.442,-6.808],[105.443,-6.81]]],[[[105.436,-6.771],[105.436,-6.769],[105.434,-6.771],[105.436,-6.771]]],[[[105.421,-6.766],[105.423,-6.766],[105.422,-6.765],[105.421,-6.766]]],[[[105.425,-6.76],[105.42,-6.761],[105.421,-6.763],[105.425,-6.76]]],[[[105.418,-6.756],[105.421,-6.755],[105.419,-6.754],[105.418,-6.756]]],[[[105.418,-6.758],[105.416,-6.755],[105.417,-6.759],[105.418,-6.758]]],[[[105.429,-6.755],[105.435,-6.755],[105.428,-6.749],[105.429,-6.755]]],[[[105.418,-6.753],[105.423,-6.748],[105.418,-6.748],[105.418,-6.753]]],[[[105.248,-6.725],[105.247,-6.748],[105.257,-6.751],[105.267,-6.736],[105.248,-6.725]]],[[[105.556,-6.675],[105.555,-6.676],[105.557,-6.678],[105.556,-6.675]]],[[[105.579,-6.653],[105.579,-6.651],[105.578,-6.651],[105.579,-6.653]]],[[[105.571,-6.647],[105.57,-6.645],[105.568,-6.646],[105.571,-6.647]]],[[[105.583,-6.643],[105.581,-6.642],[105.58,-6.643],[105.583,-6.643]]],[[[105.107,-6.621],[105.106,-6.616],[105.105,-6.618],[105.107,-6.621]]],[[[105.265,-6.522],[105.22,-6.529],[105.211,-6.547],[105.185,-6.537],[105.101,-6.62],[105.112,-6.61],[105.128,-6.623],[105.158,-6.576],[105.176,-6.578],[105.174,-6.599],[105.194,-6.62],[105.17,-6.661],[105.183,-6.679],[105.217,-6.633],[105.243,-6.635],[105.26,-6.601],[105.249,-6.559],[105.265,-6.522]]],[[[105.719,-6.49],[105.725,-6.491],[105.718,-6.487],[105.719,-6.49]]],[[[105.806,-6.398],[105.809,-6.393],[105.804,-6.394],[105.806,-6.398]]],[[[106.151,-6.325],[106.174,-6.251],[106.132,-6.258],[106.1,-6.231],[106.083,-6.231],[106.041,-6.275],[106.001,-6.275],[105.981,-6.243],[105.95,-6.248],[105.946,-6.237],[105.929,-6.279],[105.884,-6.221],[105.876,-6.241],[105.825,-6.242],[105.826,-6.289],[105.841,-6.305],[105.819,-6.36],[105.825,-6.422],[105.808,-6.472],[105.771,-6.516],[105.732,-6.516],[105.715,-6.532],[105.674,-6.509],[105.677,-6.475],[105.65,-6.481],[105.616,-6.559],[105.618,-6.616],[105.596,-6.648],[105.568,-6.658],[105.57,-6.681],[105.507,-6.729],[105.512,-6.757],[105.478,-6.82],[105.444,-6.823],[105.43,-6.767],[105.423,-6.774],[105.389,-6.741],[105.4,-6.717],[105.37,-6.646],[105.326,-6.668],[105.33,-6.696],[105.263,-6.76],[105.211,-6.745],[105.239,-6.799],[105.244,-6.824],[105.237,-6.835],[105.272,-6.843],[105.294,-6.805],[105.326,-6.802],[105.406,-6.829],[105.414,-6.853],[105.436,-6.835],[105.476,-6.864],[105.538,-6.874],[105.671,-6.836],[105.774,-6.85],[105.881,-6.84],[105.888,-6.82],[105.869,-6.81],[105.877,-6.794],[105.862,-6.781],[105.884,-6.764],[105.891,-6.706],[105.917,-6.719],[105.938,-6.687],[105.945,-6.645],[105.928,-6.616],[105.985,-6.54],[105.983,-6.504],[106.045,-6.412],[106.078,-6.411],[106.094,-6.427],[106.112,-6.419],[106.13,-6.327],[106.151,-6.325]]]]},"id":3601},{"type":"Feature","properties":{"code":3218},"geometry":{"type":"Polygon","coordinates":[[[108.485,-7.536],[108.417,-7.488],[108.41,-7.498],[108.4,-7.478],[108.373,-7.478],[108.333,-7.513],[108.327,-7.55],[108.353,-7.562],[108.353,-7.638],[108.366,-7.658],[108.354,-7.683],[108.314,-7.69],[108.331,-7.712],[108.312,-7.718],[108.317,-7.786],[108.343,-7.819],[108.44,-7.82],[108.495,-7.794],[108.507,-7.762],[108.497,-7.719],[108.54,-7.69],[108.641,-7.687],[108.669,-7.73],[108.678,-7.721],[108.659,-7.699],[108.687,-7.677],[108.776,-7.699],[108.796,-7.687],[108.799,-7.667],[108.732,-7.613],[108.754,-7.559],[108.716,-7.466],[108.647,-7.468],[108.657,-7.498],[108.648,-7.537],[108.577,-7.566],[108.549,-7.556],[108.528,-7.571],[108.52,-7.544],[108.542,-7.537],[108.527,-7.526],[108.485,-7.536]]]},"id":3218},{"type":"Feature","properties":{"code":7309},"geometry":{"type":"MultiPolygon","coordinates":[[[[117.256,-7.59],[117.253,-7.589],[117.254,-7.591],[117.256,-7.59]]],[[[117.449,-7.578],[117.442,-7.585],[117.455,-7.588],[117.449,-7.578]]],[[[117.884,-7.532],[117.881,-7.532],[117.886,-7.533],[117.884,-7.532]]],[[[117.288,-7.525],[117.29,-7.539],[117.335,-7.528],[117.288,-7.525]]],[[[117.274,-7.531],[117.276,-7.524],[117.274,-7.52],[117.274,-7.531]]],[[[117.443,-7.512],[117.423,-7.518],[117.431,-7.539],[117.439,-7.53],[117.443,-7.512]]],[[[117.197,-7.501],[117.176,-7.499],[117.177,-7.508],[117.197,-7.501]]],[[[117.485,-7.485],[117.474,-7.489],[117.483,-7.502],[117.485,-7.485]]],[[[117.878,-7.455],[117.866,-7.44],[117.877,-7.46],[117.878,-7.455]]],[[[117.796,-7.435],[117.788,-7.433],[117.788,-7.437],[117.796,-7.435]]],[[[117.586,-7.403],[117.592,-7.401],[117.585,-7.398],[117.586,-7.403]]],[[[117.75,-7.398],[117.743,-7.398],[117.751,-7.4],[117.75,-7.398]]],[[[117.712,-7.396],[117.712,-7.394],[117.71,-7.392],[117.712,-7.396]]],[[[117.816,-7.405],[117.808,-7.391],[117.801,-7.392],[117.802,-7.401],[117.816,-7.405]]],[[[117.75,-7.371],[117.742,-7.365],[117.743,-7.374],[117.75,-7.371]]],[[[117.534,-7.342],[117.531,-7.339],[117.534,-7.351],[117.534,-7.342]]],[[[118.113,-7.305],[118.103,-7.302],[118.105,-7.308],[118.113,-7.305]]],[[[118.009,-7.22],[118.011,-7.219],[118.009,-7.216],[118.009,-7.22]]],[[[118.193,-7.198],[118.19,-7.196],[118.19,-7.199],[118.193,-7.198]]],[[[118.405,-7.177],[118.367,-7.193],[118.367,-7.199],[118.397,-7.191],[118.405,-7.177]]],[[[118.413,-7.179],[118.412,-7.179],[118.409,-7.188],[118.413,-7.179]]],[[[118.276,-7.145],[118.28,-7.144],[118.277,-7.142],[118.276,-7.145]]],[[[118.238,-7.09],[118.234,-7.084],[118.236,-7.094],[118.238,-7.09]]],[[[118.177,-7.073],[118.161,-7.088],[118.152,-7.091],[118.169,-7.089],[118.177,-7.073]]],[[[118.649,-7.071],[118.654,-7.065],[118.65,-7.061],[118.649,-7.071]]],[[[117.989,-7.067],[117.998,-7.064],[117.996,-7.06],[117.989,-7.067]]],[[[118.042,-7.037],[118.036,-7.035],[118.034,-7.037],[118.042,-7.037]]],[[[118.804,-6.974],[118.808,-6.97],[118.807,-6.97],[118.804,-6.974]]],[[[118.86,-6.93],[118.856,-6.927],[118.854,-6.933],[118.86,-6.93]]],[[[119.022,-6.906],[119.021,-6.903],[119.019,-6.908],[119.022,-6.906]]],[[[119.069,-6.895],[119.069,-6.891],[119.067,-6.897],[119.069,-6.895]]],[[[118.901,-6.89],[118.909,-6.881],[118.897,-6.891],[118.901,-6.89]]],[[[119.137,-6.881],[119.136,-6.879],[119.138,-6.881],[119.137,-6.881]]],[[[119.138,-6.862],[119.129,-6.866],[119.134,-6.874],[119.138,-6.862]]],[[[119.149,-6.863],[119.146,-6.859],[119.149,-6.867],[119.149,-6.863]]],[[[118.961,-6.858],[118.968,-6.858],[118.964,-6.852],[118.961,-6.858]]],[[[119.114,-6.836],[119.098,-6.847],[119.095,-6.868],[119.122,-6.858],[119.114,-6.836]]],[[[119.018,-6.841],[119.022,-6.836],[119.019,-6.832],[119.018,-6.841]]],[[[119.194,-6.818],[119.173,-6.826],[119.169,-6.847],[119.178,-6.834],[119.194,-6.818]]],[[[119.005,-6.814],[119.001,-6.813],[119.003,-6.819],[119.005,-6.814]]],[[[119.169,-6.796],[119.167,-6.793],[119.163,-6.803],[119.169,-6.796]]],[[[118.968,-6.755],[118.974,-6.761],[118.969,-6.755],[118.968,-6.755]]],[[[118.955,-6.716],[118.95,-6.714],[118.954,-6.72],[118.955,-6.716]]],[[[118.278,-6.692],[118.273,-6.691],[118.274,-6.698],[118.278,-6.692]]],[[[118.932,-6.65],[118.926,-6.647],[118.929,-6.657],[118.932,-6.65]]],[[[118.327,-6.639],[118.324,-6.635],[118.323,-6.646],[118.327,-6.639]]],[[[118.889,-6.61],[118.883,-6.605],[118.885,-6.611],[118.889,-6.61]]],[[[118.856,-6.593],[118.868,-6.594],[118.857,-6.587],[118.856,-6.593]]],[[[118.834,-6.57],[118.825,-6.576],[118.841,-6.583],[118.834,-6.57]]],[[[118.792,-6.555],[118.797,-6.556],[118.794,-6.552],[118.792,-6.555]]],[[[118.457,-5.502],[118.449,-5.506],[118.456,-5.511],[118.457,-5.502]]],[[[118.634,-5.49],[118.627,-5.494],[118.632,-5.503],[118.634,-5.49]]],[[[118.426,-5.418],[118.436,-5.407],[118.428,-5.394],[118.426,-5.418]]],[[[117.927,-5.352],[117.927,-5.389],[117.948,-5.407],[117.952,-5.386],[117.927,-5.352]]],[[[117.89,-5.295],[117.898,-5.261],[117.889,-5.233],[117.885,-5.252],[117.89,-5.295]]],[[[117.655,-5.228],[117.658,-5.221],[117.649,-5.228],[117.655,-5.228]]],[[[117.655,-5.222],[117.681,-5.197],[117.661,-5.175],[117.652,-5.192],[117.655,-5.222]]],[[[117.89,-5.172],[117.877,-5.173],[117.883,-5.179],[117.89,-5.172]]],[[[118.151,-5.119],[118.138,-5.126],[118.156,-5.134],[118.151,-5.119]]],[[[117.052,-5.09],[117.047,-5.097],[117.062,-5.098],[117.052,-5.09]]],[[[117.913,-5.055],[117.921,-5.051],[117.917,-5.047],[117.913,-5.055]]],[[[117.075,-5.046],[117.071,-5.046],[117.075,-5.05],[117.075,-5.046]]],[[[117.038,-5.049],[117.042,-5.046],[117.039,-5.04],[117.038,-5.049]]],[[[117.055,-5.037],[117.059,-5.036],[117.057,-5.032],[117.055,-5.037]]],[[[117.062,-5.023],[117.062,-5.021],[117.061,-5.022],[117.062,-5.023]]],[[[117.075,-5.02],[117.068,-5.023],[117.072,-5.025],[117.075,-5.02]]],[[[119.327,-4.97],[119.328,-4.968],[119.327,-4.967],[119.327,-4.97]]],[[[119.289,-4.967],[119.285,-4.967],[119.286,-4.969],[119.289,-4.967]]],[[[119.366,-4.956],[119.365,-4.954],[119.364,-4.956],[119.366,-4.956]]],[[[119.34,-4.947],[119.342,-4.945],[119.341,-4.944],[119.34,-4.947]]],[[[119.401,-4.945],[119.396,-4.944],[119.397,-4.948],[119.401,-4.945]]],[[[119.42,-4.943],[119.417,-4.941],[119.418,-4.944],[119.42,-4.943]]],[[[119.32,-4.93],[119.321,-4.928],[119.319,-4.925],[119.32,-4.93]]],[[[119.358,-4.897],[119.361,-4.897],[119.36,-4.896],[119.358,-4.897]]],[[[119.34,-4.885],[119.339,-4.888],[119.341,-4.886],[119.34,-4.885]]],[[[119.267,-4.882],[119.265,-4.879],[119.265,-4.882],[119.267,-4.882]]],[[[119.387,-4.855],[119.382,-4.855],[119.386,-4.858],[119.387,-4.855]]],[[[119.343,-4.846],[119.342,-4.844],[119.342,-4.846],[119.343,-4.846]]],[[[119.404,-4.844],[119.402,-4.844],[119.404,-4.845],[119.404,-4.844]]],[[[119.418,-4.824],[119.421,-4.82],[119.419,-4.817],[119.418,-4.824]]],[[[119.332,-4.803],[119.331,-4.801],[119.33,-4.802],[119.332,-4.803]]],[[[119.432,-4.79],[119.432,-4.784],[119.429,-4.784],[119.432,-4.79]]],[[[119.435,-4.778],[119.437,-4.77],[119.434,-4.773],[119.435,-4.778]]],[[[119.447,-4.773],[119.448,-4.769],[119.446,-4.772],[119.447,-4.773]]],[[[119.463,-4.767],[119.464,-4.766],[119.461,-4.766],[119.463,-4.767]]],[[[119.434,-4.752],[119.431,-4.748],[119.432,-4.753],[119.434,-4.752]]],[[[119.45,-4.739],[119.45,-4.74],[119.451,-4.74],[119.45,-4.739]]],[[[119.063,-4.741],[119.062,-4.735],[119.062,-4.74],[119.063,-4.741]]],[[[118.982,-4.72],[118.979,-4.722],[118.982,-4.723],[118.982,-4.72]]],[[[119.353,-4.718],[119.354,-4.717],[119.353,-4.715],[119.353,-4.718]]],[[[119.062,-4.719],[119.066,-4.713],[119.06,-4.718],[119.062,-4.719]]],[[[119.363,-4.71],[119.365,-4.71],[119.364,-4.709],[119.363,-4.71]]],[[[119.327,-4.705],[119.33,-4.705],[119.328,-4.703],[119.327,-4.705]]],[[[119.477,-4.704],[119.468,-4.705],[119.472,-4.711],[119.477,-4.704]]],[[[119.462,-4.697],[119.448,-4.702],[119.449,-4.708],[119.462,-4.697]]],[[[118.964,-4.7],[118.95,-4.697],[118.965,-4.705],[118.964,-4.7]]],[[[119.467,-4.689],[119.47,-4.688],[119.469,-4.686],[119.467,-4.689]]],[[[119.503,-4.654],[119.501,-4.655],[119.503,-4.656],[119.503,-4.654]]],[[[119.223,-4.559],[119.223,-4.556],[119.222,-4.558],[119.223,-4.559]]],[[[119.594,-4.556],[119.525,-4.674],[119.517,-4.715],[119.482,-4.751],[119.498,-4.812],[119.481,-4.818],[119.499,-4.819],[119.507,-4.868],[119.53,-4.892],[119.598,-4.905],[119.612,-4.887],[119.668,-4.929],[119.673,-4.952],[119.746,-4.929],[119.778,-4.94],[119.805,-4.924],[119.793,-4.867],[119.806,-4.808],[119.784,-4.806],[119.767,-4.824],[119.751,-4.803],[119.726,-4.823],[119.7,-4.802],[119.681,-4.769],[119.695,-4.756],[119.692,-4.721],[119.659,-4.723],[119.663,-4.656],[119.644,-4.641],[119.619,-4.566],[119.594,-4.556]]],[[[119.157,-4.49],[119.157,-4.489],[119.155,-4.489],[119.157,-4.49]]]]},"id":7309},{"type":"Feature","properties":{"code":9605},"geometry":{"type":"Polygon","coordinates":[[[136.693,-4.107],[136.824,-4.138],[136.971,-4.125],[137.124,-4.02],[137.203,-4.023],[137.188,-3.909],[136.726,-3.905],[136.726,-3.843],[136.513,-3.631],[136.344,-3.377],[135.962,-3.559],[136.015,-3.691],[136.081,-3.735],[136.19,-3.929],[136.227,-3.951],[136.227,-3.992],[136.647,-4.025],[136.678,-4.041],[136.693,-4.107]]]},"id":9605},{"type":"Feature","properties":{"code":7208},"geometry":{"type":"MultiPolygon","coordinates":[[[[120.566,-1.084],[120.563,-1.078],[120.56,-1.082],[120.566,-1.084]]],[[[120.457,-0.985],[120.461,-0.984],[120.458,-0.983],[120.457,-0.985]]],[[[120.04,-0.375],[120.042,-0.372],[120.039,-0.372],[120.04,-0.375]]],[[[120.04,-0.352],[120.039,-0.35],[120.038,-0.352],[120.04,-0.352]]],[[[121.219,0.429],[121.223,0.437],[121.218,0.431],[121.219,0.429]]],[[[121.17,0.437],[121.173,0.437],[121.173,0.438],[121.17,0.437]]],[[[121.258,0.442],[121.263,0.448],[121.255,0.445],[121.258,0.442]]],[[[121.199,0.452],[121.201,0.454],[121.199,0.453],[121.199,0.452]]],[[[120.703,0.464],[120.706,0.465],[120.703,0.466],[120.703,0.464]]],[[[120.86,0.708],[120.814,0.675],[120.706,0.668],[120.626,0.587],[120.574,0.609],[120.547,0.595],[120.538,0.635],[120.448,0.642],[120.439,0.664],[120.355,0.678],[120.229,0.607],[120.192,0.615],[120.203,0.574],[120.158,0.531],[120.156,0.468],[120.129,0.458],[120.113,0.429],[120.126,0.408],[120.082,0.385],[120.075,0.346],[120.056,0.334],[120.054,0.286],[120.096,0.244],[120.095,0.206],[120.045,0.172],[120.037,0.128],[120.001,0.123],[119.961,0.084],[119.94,-0.011],[119.947,-0.071],[119.899,-0.139],[119.937,-0.209],[119.904,-0.27],[119.928,-0.303],[119.913,-0.37],[119.922,-0.443],[119.941,-0.46],[119.931,-0.504],[120.001,-0.591],[120.002,-0.633],[120.019,-0.641],[120.032,-0.684],[120.017,-0.75],[120.044,-0.829],[120.038,-0.868],[120.022,-0.879],[120.072,-0.913],[120.057,-0.967],[120.078,-0.987],[120.076,-1.017],[120.098,-1.027],[120.112,-1.016],[120.128,-1.044],[120.218,-1.065],[120.228,-1.125],[120.267,-1.151],[120.293,-1.132],[120.326,-1.137],[120.34,-1.155],[120.356,-1.145],[120.342,-1.186],[120.582,-1.108],[120.529,-1.047],[120.507,-0.997],[120.46,-0.993],[120.411,-0.924],[120.371,-0.927],[120.348,-0.955],[120.311,-0.966],[120.221,-0.845],[120.188,-0.839],[120.174,-0.797],[120.133,-0.774],[120.11,-0.737],[120.059,-0.631],[120.049,-0.492],[120.07,-0.432],[120.04,-0.39],[120.03,-0.304],[120.007,-0.273],[120.009,-0.176],[120.042,-0.129],[120.035,-0.065],[120.066,-0.06],[120.095,-0.031],[120.105,0.095],[120.132,0.126],[120.124,0.166],[120.159,0.228],[120.201,0.264],[120.239,0.344],[120.276,0.367],[120.31,0.424],[120.41,0.476],[120.435,0.465],[120.507,0.513],[120.646,0.521],[120.697,0.508],[120.766,0.456],[120.81,0.474],[120.808,0.453],[120.854,0.442],[120.897,0.395],[121.027,0.44],[121.08,0.397],[121.161,0.415],[121.16,0.436],[121.185,0.461],[121.231,0.457],[121.258,0.489],[121.29,0.495],[121.337,0.473],[121.35,0.488],[121.331,0.522],[121.347,0.535],[121.345,0.565],[121.316,0.578],[121.303,0.567],[121.239,0.602],[121.23,0.643],[121.196,0.641],[121.162,0.676],[121.01,0.707],[120.934,0.686],[120.86,0.708]]]]},"id":7208},{"type":"Feature","properties":{"code":1309},"geometry":{"type":"Polygon","coordinates":[[[100.26,-0.057],[100.261,-0.019],[100.308,-0.002],[100.337,0.042],[100.315,0.087],[100.328,0.149],[100.351,0.177],[100.308,0.3],[100.333,0.351],[100.259,0.432],[100.242,0.49],[100.216,0.511],[100.237,0.542],[100.176,0.572],[100.186,0.626],[100.24,0.679],[100.239,0.733],[99.967,0.85],[99.951,0.879],[99.865,0.906],[99.83,0.88],[99.846,0.791],[99.825,0.735],[99.83,0.696],[99.911,0.679],[99.925,0.632],[99.909,0.625],[99.959,0.569],[99.95,0.524],[99.961,0.513],[99.906,0.471],[99.82,0.46],[99.825,0.416],[99.778,0.418],[99.774,0.401],[99.75,0.397],[99.743,0.382],[99.776,0.358],[99.753,0.335],[99.756,0.317],[99.787,0.32],[99.795,0.298],[99.833,0.306],[99.863,0.291],[99.913,0.304],[99.968,0.277],[100.012,0.274],[100.027,0.256],[100.01,0.126],[99.994,0.089],[99.958,0.059],[100.047,-0.032],[100.03,-0.058],[100.037,-0.081],[100.106,-0.075],[100.16,-0.107],[100.26,-0.057]]]},"id":1309},{"type":"Feature","properties":{"code":1312},"geometry":{"type":"MultiPolygon","coordinates":[[[[99.359,0.125],[99.362,0.125],[99.361,0.126],[99.359,0.125]]],[[[99.292,0.139],[99.294,0.143],[99.293,0.144],[99.292,0.139]]],[[[99.281,0.178],[99.278,0.175],[99.283,0.171],[99.281,0.178]]],[[[99.298,0.184],[99.296,0.186],[99.296,0.184],[99.298,0.184]]],[[[99.312,0.184],[99.302,0.186],[99.304,0.181],[99.312,0.184]]],[[[99.296,0.216],[99.279,0.219],[99.291,0.209],[99.296,0.216]]],[[[100.037,-0.081],[100.03,-0.058],[100.047,-0.032],[99.958,0.059],[99.994,0.089],[100.01,0.126],[100.027,0.256],[100.012,0.274],[99.968,0.277],[99.913,0.304],[99.863,0.291],[99.833,0.306],[99.795,0.298],[99.787,0.32],[99.756,0.317],[99.753,0.335],[99.776,0.358],[99.743,0.382],[99.75,0.397],[99.774,0.401],[99.778,0.418],[99.821,0.414],[99.83,0.44],[99.787,0.481],[99.742,0.477],[99.72,0.452],[99.682,0.469],[99.641,0.545],[99.573,0.509],[99.53,0.521],[99.513,0.537],[99.519,0.551],[99.405,0.489],[99.317,0.334],[99.248,0.332],[99.199,0.289],[99.167,0.228],[99.188,0.254],[99.209,0.215],[99.262,0.202],[99.267,0.222],[99.303,0.235],[99.353,0.231],[99.377,0.207],[99.373,0.19],[99.392,0.186],[99.398,0.151],[99.477,0.132],[99.653,0.041],[99.755,-0.049],[99.759,-0.111],[99.745,-0.144],[99.767,-0.17],[100.001,-0.143],[100.015,-0.097],[100.037,-0.081]]]]},"id":1312},{"type":"Feature","properties":{"code":6401},"geometry":{"type":"MultiPolygon","coordinates":[[[[116.461,-2.191],[116.506,-2.162],[116.429,-2.203],[116.461,-2.191]]],[[[115.849,-2.388],[115.886,-2.374],[115.895,-2.332],[115.954,-2.342],[115.983,-2.313],[116.034,-2.324],[116.148,-2.319],[116.171,-2.305],[116.226,-2.308],[116.254,-2.334],[116.454,-2.37],[116.558,-2.405],[116.597,-2.202],[116.586,-2.17],[116.567,-2.198],[116.504,-2.232],[116.497,-2.223],[116.537,-2.2],[116.548,-2.17],[116.504,-2.166],[116.448,-2.2],[116.409,-2.212],[116.406,-2.204],[116.45,-2.19],[116.494,-2.164],[116.523,-2.155],[116.514,-2.126],[116.501,-2.109],[116.431,-2.134],[116.364,-2.108],[116.459,-2.056],[116.457,-1.919],[116.442,-1.874],[116.42,-1.864],[116.45,-1.819],[116.449,-1.77],[116.373,-1.762],[116.364,-1.78],[116.341,-1.775],[116.263,-1.81],[116.25,-1.789],[116.317,-1.696],[116.492,-1.642],[116.551,-1.605],[116.386,-1.544],[116.335,-1.333],[116.344,-1.245],[116.377,-1.199],[116.37,-1.144],[116.454,-1.043],[116.441,-0.97],[116.361,-0.993],[116.312,-1.048],[116.255,-1.051],[116.219,-1.117],[116.181,-1.117],[116.139,-1.153],[116.108,-1.14],[116.093,-1.085],[116.051,-1.114],[115.962,-1.097],[115.899,-1.113],[115.847,-1.09],[115.813,-1.105],[115.803,-1.118],[115.845,-1.164],[115.771,-1.229],[115.741,-1.364],[115.723,-1.372],[115.687,-1.445],[115.621,-1.477],[115.62,-1.514],[115.654,-1.512],[115.631,-1.53],[115.645,-1.559],[115.63,-1.575],[115.639,-1.609],[115.669,-1.631],[115.665,-1.709],[115.708,-1.727],[115.68,-1.794],[115.708,-1.788],[115.726,-1.803],[115.727,-1.924],[115.697,-1.977],[115.747,-1.995],[115.724,-2.026],[115.733,-2.04],[115.773,-2.051],[115.803,-2.037],[115.836,-2.059],[115.81,-2.097],[115.799,-2.187],[115.836,-2.286],[115.854,-2.294],[115.831,-2.325],[115.857,-2.356],[115.849,-2.388]]]]},"id":6401},{"type":"Feature","properties":{"code":3514},"geometry":{"type":"Polygon","coordinates":[[[112.588,-7.766],[112.71,-7.824],[112.733,-7.818],[112.805,-7.925],[112.935,-7.956],[112.953,-7.942],[112.948,-7.906],[113.047,-7.819],[113.054,-7.748],[113.1,-7.701],[113.028,-7.644],[112.976,-7.653],[112.954,-7.621],[112.931,-7.668],[112.895,-7.685],[112.887,-7.66],[112.872,-7.66],[112.872,-7.634],[112.902,-7.625],[112.834,-7.553],[112.752,-7.575],[112.694,-7.545],[112.664,-7.56],[112.66,-7.592],[112.621,-7.615],[112.623,-7.666],[112.574,-7.733],[112.588,-7.766]]]},"id":3514},{"type":"Feature","properties":{"code":3318},"geometry":{"type":"Polygon","coordinates":[[[111.263,-6.855],[111.255,-6.836],[111.27,-6.828],[111.244,-6.796],[111.234,-6.686],[111.128,-6.64],[111.063,-6.519],[111.046,-6.426],[110.975,-6.41],[110.968,-6.464],[110.912,-6.499],[110.912,-6.6],[110.893,-6.64],[110.934,-6.697],[110.925,-6.738],[110.965,-6.756],[110.976,-6.833],[110.92,-6.867],[110.878,-6.867],[110.882,-6.892],[110.852,-6.897],[110.839,-6.942],[110.804,-6.949],[110.804,-6.989],[110.815,-7.003],[110.851,-6.998],[110.885,-6.969],[110.9,-6.988],[110.915,-6.961],[110.945,-6.974],[111.069,-6.969],[111.11,-6.912],[111.138,-6.92],[111.141,-6.901],[111.198,-6.898],[111.224,-6.846],[111.244,-6.862],[111.263,-6.855]]]},"id":3318},{"type":"Feature","properties":{"code":9112},"geometry":{"type":"MultiPolygon","coordinates":[[[[134.003,-0.989],[134.005,-0.998],[134.009,-0.99],[134.003,-0.989]]],[[[133.963,-0.957],[133.972,-0.959],[133.966,-0.952],[133.963,-0.957]]],[[[133.488,-0.887],[133.516,-0.998],[133.469,-1.018],[133.455,-1.069],[133.367,-1.194],[133.334,-1.275],[133.72,-1.378],[133.879,-1.516],[133.989,-1.421],[134.04,-1.441],[134.061,-1.385],[134.107,-1.332],[134.05,-1.208],[134.071,-1.181],[134.018,-1.134],[134.009,-1.077],[133.93,-1.135],[133.925,-1.165],[133.893,-1.146],[133.893,-1.118],[133.869,-1.101],[133.937,-1.045],[133.957,-1.067],[133.99,-1.038],[133.95,-1.034],[133.936,-1.01],[133.925,-1.032],[133.885,-1.004],[133.869,-1.008],[133.891,-1.022],[133.89,-1.061],[133.825,-1.063],[133.824,-0.947],[133.488,-0.887]],[[133.926,-1.184],[133.898,-1.173],[133.899,-1.166],[133.926,-1.184]],[[133.878,-1.164],[133.872,-1.173],[133.87,-1.164],[133.878,-1.164]]]]},"id":9112},{"type":"Feature","properties":{"code":9708},"geometry":{"type":"Polygon","coordinates":[[[140.999,-5.294],[140.997,-3.924],[140.943,-3.913],[140.917,-3.922],[140.916,-3.946],[140.886,-3.93],[140.788,-3.94],[140.768,-3.925],[140.755,-3.935],[140.73,-3.911],[140.678,-3.906],[140.61,-3.947],[140.587,-3.937],[140.593,-3.925],[140.525,-3.917],[140.517,-3.904],[140.497,-3.904],[140.508,-3.928],[140.488,-3.929],[140.455,-3.892],[140.446,-3.91],[140.41,-3.917],[140.404,-3.896],[140.418,-3.898],[140.43,-3.85],[140.416,-3.846],[140.42,-3.818],[140.399,-3.814],[140.417,-3.802],[140.397,-3.77],[140.408,-3.756],[140.399,-3.734],[140.32,-3.753],[140.315,-3.739],[140.134,-3.695],[140.122,-3.714],[140.141,-3.735],[140.132,-3.75],[140.161,-3.764],[140.134,-3.765],[140.161,-3.814],[140.152,-3.841],[140.132,-3.848],[140.146,-3.89],[140.103,-3.909],[140.097,-3.949],[140.061,-3.939],[140.042,-3.967],[140.034,-3.987],[140.093,-4.015],[140.037,-4.022],[139.979,-4.084],[139.993,-4.276],[139.956,-4.455],[139.984,-4.508],[140.104,-4.629],[140.21,-4.686],[140.252,-4.935],[140.251,-4.952],[140.165,-4.979],[140.075,-5.054],[140.132,-5.05],[140.152,-5.066],[140.147,-5.169],[140.999,-5.294]]]},"id":9708},{"type":"Feature","properties":{"code":3326},"geometry":{"type":"Polygon","coordinates":[[[109.798,-7.171],[109.771,-7.142],[109.771,-7.116],[109.739,-7.101],[109.758,-7.069],[109.748,-6.999],[109.707,-6.986],[109.668,-6.922],[109.642,-6.917],[109.665,-6.851],[109.595,-6.84],[109.565,-6.885],[109.561,-6.922],[109.498,-6.964],[109.483,-7.029],[109.504,-7.099],[109.49,-7.128],[109.537,-7.243],[109.59,-7.207],[109.611,-7.21],[109.643,-7.173],[109.682,-7.173],[109.69,-7.195],[109.726,-7.201],[109.751,-7.179],[109.798,-7.171]]]},"id":3326},{"type":"Feature","properties":{"code":1404},"geometry":{"type":"MultiPolygon","coordinates":[[[[102.832,0.258],[102.945,0.306],[102.943,0.322],[102.829,0.277],[102.832,0.258]]],[[[102.949,0.316],[102.994,0.336],[102.986,0.356],[102.944,0.327],[102.949,0.316]]],[[[102.944,0.328],[102.95,0.336],[102.977,0.356],[102.942,0.347],[102.944,0.328]]],[[[103.173,0.421],[103.18,0.424],[103.183,0.43],[103.173,0.421]]],[[[103.076,0.538],[103.047,0.575],[103.044,0.582],[103.055,0.557],[103.076,0.538]]],[[[102.979,0.649],[102.97,0.659],[102.964,0.661],[102.969,0.654],[102.979,0.649]]],[[[103.07,0.565],[103.079,0.605],[103.051,0.659],[103.034,0.66],[103.027,0.642],[103.07,0.565]]],[[[103.104,0.63],[103.114,0.649],[103.109,0.668],[103.093,0.65],[103.104,0.63]]],[[[102.971,0.668],[102.97,0.674],[102.965,0.675],[102.971,0.668]]],[[[102.966,0.68],[102.962,0.681],[102.966,0.678],[102.966,0.68]]],[[[103.165,0.499],[103.284,0.528],[103.302,0.601],[103.25,0.685],[103.191,0.7],[103.149,0.666],[103.138,0.553],[103.165,0.499]]],[[[103.357,0.537],[103.331,0.547],[103.302,0.511],[103.211,0.483],[103.188,0.431],[103.167,0.407],[103.056,0.369],[102.986,0.315],[102.842,0.244],[102.807,0.261],[102.794,0.293],[102.899,0.336],[102.954,0.38],[103.121,0.463],[103.105,0.508],[103.061,0.544],[103.027,0.6],[102.961,0.656],[102.904,0.722],[102.848,0.666],[101.977,0.571],[101.973,0.55],[101.919,0.52],[101.908,0.454],[101.878,0.449],[101.885,0.51],[101.831,0.507],[101.849,0.475],[101.844,0.449],[101.794,0.407],[101.717,0.449],[101.697,0.445],[101.692,0.419],[101.671,0.407],[101.664,0.537],[101.611,0.539],[101.588,0.527],[101.588,0.474],[101.57,0.462],[101.614,0.394],[101.687,0.383],[101.658,0.321],[101.682,0.275],[101.58,0.267],[101.574,0.253],[101.565,0.218],[101.592,0.193],[101.568,0.051],[101.534,0.029],[101.514,-0.037],[101.522,-0.117],[101.611,-0.235],[101.66,-0.239],[101.667,-0.254],[101.712,-0.265],[101.733,-0.31],[101.754,-0.312],[101.747,-0.352],[101.804,-0.38],[101.828,-0.376],[101.849,-0.404],[101.872,-0.392],[101.96,-0.406],[102.097,-0.275],[102.165,-0.263],[102.207,-0.171],[102.368,-0.178],[102.432,-0.147],[102.479,-0.088],[102.5,0.023],[102.551,0.084],[102.593,0.101],[102.781,0.117],[102.835,0.137],[103.003,0.29],[103.145,0.34],[103.255,0.446],[103.336,0.485],[103.357,0.537]]],[[[103.274,0.722],[103.274,0.726],[103.272,0.725],[103.274,0.722]]],[[[103.274,0.729],[103.271,0.732],[103.27,0.729],[103.274,0.729]]]]},"id":1404},{"type":"Feature","properties":{"code":3327},"geometry":{"type":"Polygon","coordinates":[[[109.202,-7.246],[109.381,-7.19],[109.408,-7.2],[109.442,-7.161],[109.479,-7.221],[109.506,-7.239],[109.532,-7.23],[109.49,-7.128],[109.504,-7.099],[109.483,-7.029],[109.498,-6.964],[109.561,-6.922],[109.565,-6.885],[109.599,-6.844],[109.559,-6.826],[109.522,-6.771],[109.516,-6.791],[109.438,-6.841],[109.35,-6.861],[109.359,-6.882],[109.325,-6.925],[109.335,-6.956],[109.292,-6.994],[109.275,-7.052],[109.237,-7.074],[109.214,-7.129],[109.185,-7.135],[109.199,-7.224],[109.213,-7.234],[109.202,-7.246]]]},"id":3327},{"type":"Feature","properties":{"code":6409},"geometry":{"type":"Polygon","coordinates":[[[116.837,-1.045],[116.842,-1.022],[116.955,-0.925],[116.884,-0.851],[116.892,-0.831],[116.684,-0.801],[116.63,-0.882],[116.543,-0.839],[116.516,-0.842],[116.468,-0.939],[116.439,-0.965],[116.454,-1.043],[116.376,-1.132],[116.377,-1.199],[116.335,-1.284],[116.386,-1.544],[116.558,-1.6],[116.549,-1.534],[116.53,-1.509],[116.539,-1.464],[116.603,-1.418],[116.749,-1.37],[116.765,-1.351],[116.756,-1.329],[116.778,-1.248],[116.766,-1.236],[116.78,-1.224],[116.756,-1.138],[116.716,-1.109],[116.729,-1.066],[116.759,-1.075],[116.781,-1.039],[116.806,-1.058],[116.837,-1.045]]]},"id":6409},{"type":"Feature","properties":{"code":1612},"geometry":{"type":"Polygon","coordinates":[[[104.167,-3.054],[104.141,-3.046],[104.128,-3.007],[104.066,-3.003],[104.02,-3.03],[103.948,-3.005],[103.912,-3.024],[103.885,-3.079],[103.844,-3.088],[103.796,-3.137],[103.774,-3.254],[103.741,-3.266],[103.716,-3.262],[103.706,-3.238],[103.679,-3.256],[103.649,-3.245],[103.61,-3.278],[103.61,-3.316],[103.672,-3.375],[103.681,-3.336],[103.723,-3.351],[103.804,-3.316],[103.814,-3.327],[103.849,-3.32],[103.858,-3.338],[103.886,-3.329],[103.932,-3.396],[104.018,-3.413],[104.024,-3.362],[104.093,-3.353],[104.116,-3.369],[104.137,-3.357],[104.132,-3.336],[104.212,-3.367],[104.21,-3.334],[104.238,-3.266],[104.206,-3.245],[104.23,-3.212],[104.257,-3.046],[104.232,-3.03],[104.154,-3.094],[104.167,-3.054]]]},"id":1612},{"type":"Feature","properties":{"code":1809},"geometry":{"type":"MultiPolygon","coordinates":[[[[105.291,-5.843],[105.291,-5.841],[105.29,-5.843],[105.291,-5.843]]],[[[105.333,-5.834],[105.333,-5.832],[105.331,-5.834],[105.333,-5.834]]],[[[105.321,-5.828],[105.311,-5.826],[105.31,-5.828],[105.321,-5.828]]],[[[105.316,-5.819],[105.316,-5.82],[105.317,-5.819],[105.316,-5.819]]],[[[105.313,-5.813],[105.313,-5.812],[105.312,-5.814],[105.313,-5.813]]],[[[105.341,-5.823],[105.347,-5.819],[105.34,-5.811],[105.341,-5.823]]],[[[105.332,-5.807],[105.332,-5.805],[105.331,-5.807],[105.332,-5.807]]],[[[105.248,-5.796],[105.244,-5.794],[105.243,-5.796],[105.248,-5.796]]],[[[105.28,-5.791],[105.276,-5.793],[105.278,-5.793],[105.28,-5.791]]],[[[105.308,-5.814],[105.291,-5.787],[105.279,-5.812],[105.228,-5.829],[105.285,-5.838],[105.308,-5.814]]],[[[105.33,-5.806],[105.311,-5.783],[105.324,-5.82],[105.33,-5.806]]],[[[105.182,-5.755],[105.177,-5.752],[105.176,-5.753],[105.182,-5.755]]],[[[105.172,-5.743],[105.173,-5.747],[105.176,-5.746],[105.172,-5.743]]],[[[105.232,-5.731],[105.229,-5.728],[105.227,-5.732],[105.232,-5.731]]],[[[105.213,-5.734],[105.207,-5.729],[105.204,-5.734],[105.213,-5.734]]],[[[105.221,-5.727],[105.216,-5.727],[105.22,-5.731],[105.221,-5.727]]],[[[105.243,-5.672],[105.24,-5.675],[105.242,-5.675],[105.243,-5.672]]],[[[105.24,-5.667],[105.204,-5.672],[105.215,-5.689],[105.24,-5.667]]],[[[105.223,-5.616],[105.213,-5.637],[105.242,-5.641],[105.223,-5.616]]],[[[105.246,-5.593],[105.242,-5.591],[105.253,-5.598],[105.246,-5.593]]],[[[105.282,-5.57],[105.269,-5.562],[105.27,-5.571],[105.282,-5.57]]],[[[105.263,-5.544],[105.262,-5.542],[105.262,-5.543],[105.263,-5.544]]],[[[105.266,-5.518],[105.266,-5.519],[105.267,-5.519],[105.266,-5.518]]],[[[105.272,-5.514],[105.27,-5.51],[105.27,-5.514],[105.272,-5.514]]],[[[105.219,-5.365],[105.177,-5.327],[105.108,-5.304],[105.141,-5.258],[105.176,-5.277],[105.162,-5.21],[105.24,-5.169],[105.179,-5.12],[105.147,-5.156],[105.094,-5.165],[105.1,-5.136],[105.086,-5.143],[105.083,-5.124],[105.076,-5.159],[105.037,-5.209],[105.066,-5.215],[105.065,-5.231],[105.032,-5.282],[105.033,-5.322],[105.054,-5.324],[105.073,-5.371],[105.063,-5.392],[105.029,-5.383],[104.973,-5.398],[104.999,-5.409],[104.95,-5.427],[104.924,-5.501],[104.945,-5.532],[104.944,-5.569],[105.002,-5.596],[105.076,-5.672],[105.093,-5.673],[105.083,-5.726],[105.118,-5.772],[105.172,-5.78],[105.172,-5.8],[105.186,-5.803],[105.222,-5.778],[105.205,-5.766],[105.173,-5.777],[105.154,-5.746],[105.18,-5.721],[105.218,-5.719],[105.177,-5.67],[105.208,-5.646],[105.188,-5.648],[105.166,-5.604],[105.203,-5.576],[105.244,-5.587],[105.238,-5.565],[105.261,-5.544],[105.244,-5.547],[105.243,-5.516],[105.265,-5.52],[105.25,-5.484],[105.228,-5.494],[105.204,-5.421],[105.175,-5.408],[105.219,-5.365]]]]},"id":1809},{"type":"Feature","properties":{"code":1813},"geometry":{"type":"MultiPolygon","coordinates":[[[[103.841,-5.124],[103.851,-5.115],[103.839,-5.119],[103.841,-5.124]]],[[[103.641,-4.937],[103.659,-4.961],[103.653,-4.987],[103.67,-4.99],[103.689,-4.962],[103.71,-4.961],[103.746,-4.988],[103.748,-5.044],[103.787,-5.032],[103.838,-5.066],[103.867,-5.11],[103.928,-5.138],[103.935,-5.182],[103.903,-5.211],[103.904,-5.23],[103.986,-5.257],[104.008,-5.289],[103.995,-5.318],[104.027,-5.334],[104.026,-5.358],[104.058,-5.379],[104.069,-5.407],[104.299,-5.576],[104.32,-5.615],[104.301,-5.641],[104.416,-5.707],[104.452,-5.764],[104.565,-5.867],[104.576,-5.903],[104.556,-5.925],[104.584,-5.943],[104.659,-5.936],[104.633,-5.84],[104.654,-5.82],[104.614,-5.798],[104.587,-5.755],[104.613,-5.749],[104.611,-5.717],[104.629,-5.694],[104.57,-5.625],[104.532,-5.62],[104.539,-5.601],[104.509,-5.585],[104.487,-5.546],[104.44,-5.523],[104.41,-5.455],[104.222,-5.219],[104.13,-5.181],[104.083,-5.141],[104.086,-5.115],[104.058,-5.092],[104.016,-5.093],[104.012,-5.024],[103.94,-4.977],[103.872,-4.964],[103.82,-4.906],[103.817,-4.875],[103.792,-4.9],[103.793,-4.935],[103.772,-4.944],[103.751,-4.918],[103.7,-4.903],[103.641,-4.937]]]]},"id":1813},{"type":"Feature","properties":{"code":1302},"geometry":{"type":"MultiPolygon","coordinates":[[[[100.637,-1.909],[100.64,-1.909],[100.638,-1.907],[100.637,-1.909]]],[[[100.57,-1.889],[100.571,-1.887],[100.57,-1.887],[100.57,-1.889]]],[[[100.506,-1.662],[100.509,-1.662],[100.507,-1.66],[100.506,-1.662]]],[[[100.554,-1.606],[100.554,-1.604],[100.553,-1.604],[100.554,-1.606]]],[[[100.436,-1.501],[100.439,-1.498],[100.436,-1.498],[100.436,-1.501]]],[[[100.555,-1.408],[100.556,-1.407],[100.555,-1.407],[100.555,-1.408]]],[[[100.493,-1.409],[100.49,-1.407],[100.492,-1.412],[100.493,-1.409]]],[[[100.492,-1.392],[100.482,-1.386],[100.491,-1.398],[100.492,-1.392]]],[[[100.56,-1.353],[100.559,-1.352],[100.557,-1.355],[100.56,-1.353]]],[[[100.471,-1.321],[100.477,-1.321],[100.474,-1.318],[100.471,-1.321]]],[[[100.435,-1.316],[100.435,-1.314],[100.434,-1.315],[100.435,-1.316]]],[[[100.295,-1.266],[100.299,-1.266],[100.296,-1.264],[100.295,-1.266]]],[[[100.407,-1.231],[100.407,-1.227],[100.405,-1.228],[100.407,-1.231]]],[[[100.394,-1.197],[100.393,-1.197],[100.394,-1.198],[100.394,-1.197]]],[[[100.339,-1.188],[100.327,-1.204],[100.338,-1.212],[100.339,-1.188]]],[[[100.392,-1.188],[100.38,-1.19],[100.379,-1.226],[100.401,-1.22],[100.398,-1.201],[100.384,-1.207],[100.392,-1.188]]],[[[100.348,-1.171],[100.357,-1.167],[100.355,-1.161],[100.348,-1.171]]],[[[100.348,-1.162],[100.349,-1.156],[100.345,-1.162],[100.348,-1.162]]],[[[101.283,-2.284],[101.264,-2.101],[101.206,-2.009],[101.206,-1.981],[101.142,-1.925],[101.141,-1.902],[101.163,-1.894],[101.178,-1.861],[101.128,-1.763],[101.131,-1.685],[101.067,-1.659],[101.062,-1.634],[101.017,-1.605],[101.02,-1.565],[100.983,-1.525],[100.977,-1.486],[100.935,-1.464],[100.941,-1.422],[100.895,-1.39],[100.91,-1.373],[100.895,-1.329],[100.859,-1.297],[100.836,-1.305],[100.82,-1.281],[100.8,-1.282],[100.808,-1.244],[100.777,-1.163],[100.736,-1.153],[100.72,-1.096],[100.637,-1.109],[100.621,-1.095],[100.62,-1.061],[100.578,-1.069],[100.557,-1.044],[100.536,-0.957],[100.519,-0.99],[100.479,-1.003],[100.429,-1.059],[100.411,-1.091],[100.42,-1.108],[100.355,-1.161],[100.38,-1.145],[100.381,-1.178],[100.431,-1.2],[100.421,-1.224],[100.435,-1.231],[100.432,-1.254],[100.406,-1.236],[100.4,-1.27],[100.422,-1.277],[100.453,-1.258],[100.49,-1.299],[100.543,-1.31],[100.568,-1.336],[100.574,-1.358],[100.56,-1.372],[100.578,-1.369],[100.592,-1.394],[100.558,-1.406],[100.584,-1.42],[100.561,-1.44],[100.597,-1.492],[100.623,-1.501],[100.644,-1.621],[100.688,-1.664],[100.857,-1.911],[100.88,-2.048],[100.866,-2.097],[100.82,-2.158],[100.875,-2.245],[100.891,-2.328],[101.022,-2.478],[101.146,-2.387],[101.236,-2.342],[101.237,-2.32],[101.283,-2.284]]]]},"id":1302},{"type":"Feature","properties":{"code":1109},"geometry":{"type":"Polygon","coordinates":[[[96.28,4.779],[96.35,4.775],[96.375,4.842],[96.449,4.925],[96.423,4.94],[96.373,4.931],[96.341,4.944],[96.323,4.916],[96.279,4.909],[96.211,4.958],[96.189,4.995],[96.206,5.038],[96.192,5.076],[96.166,5.068],[96.089,5.091],[96.021,5.145],[96.051,5.18],[96.039,5.239],[96.052,5.292],[96.105,5.287],[96.078,5.292],[95.927,5.41],[95.89,5.462],[95.887,5.503],[95.745,5.568],[95.727,5.548],[95.737,5.513],[95.724,5.497],[95.791,5.453],[95.753,5.419],[95.765,5.402],[95.748,5.318],[95.767,5.31],[95.763,5.29],[95.791,5.28],[95.775,5.252],[95.841,5.137],[95.821,5.085],[95.743,5.061],[95.762,5.055],[95.783,5.008],[95.879,4.914],[95.901,4.866],[95.991,4.786],[96.042,4.657],[96.091,4.696],[96.117,4.767],[96.143,4.754],[96.219,4.763],[96.273,4.797],[96.28,4.779]]]},"id":1109},{"type":"Feature","properties":{"code":1118},"geometry":{"type":"Polygon","coordinates":[[[96.342,5.227],[96.26,5.263],[96.19,5.259],[96.057,5.3],[96.039,5.239],[96.051,5.18],[96.021,5.145],[96.089,5.091],[96.166,5.068],[96.192,5.076],[96.206,5.038],[96.189,4.995],[96.211,4.958],[96.261,4.914],[96.323,4.916],[96.344,4.943],[96.325,4.962],[96.366,5.045],[96.335,5.15],[96.342,5.227]]]},"id":1118},{"type":"Feature","properties":{"code":7315},"geometry":{"type":"MultiPolygon","coordinates":[[[[119.603,-3.998],[119.604,-3.994],[119.601,-3.995],[119.603,-3.998]]],[[[119.69,-3.36],[119.649,-3.36],[119.643,-3.317],[119.603,-3.282],[119.58,-3.288],[119.555,-3.27],[119.507,-3.297],[119.433,-3.257],[119.445,-3.332],[119.429,-3.345],[119.465,-3.377],[119.475,-3.457],[119.492,-3.474],[119.474,-3.502],[119.513,-3.561],[119.511,-3.594],[119.458,-3.641],[119.452,-3.713],[119.57,-3.947],[119.596,-4.043],[119.593,-4.022],[119.614,-4.004],[119.593,-4.004],[119.587,-3.974],[119.612,-3.983],[119.633,-3.966],[119.635,-3.982],[119.703,-3.906],[119.717,-3.907],[119.756,-3.8],[119.751,-3.757],[119.785,-3.729],[119.759,-3.699],[119.76,-3.671],[119.722,-3.646],[119.705,-3.473],[119.685,-3.445],[119.702,-3.424],[119.69,-3.36]]]]},"id":7315},{"type":"Feature","properties":{"code":7503},"geometry":{"type":"MultiPolygon","coordinates":[[[[121.42,0.412],[121.424,0.415],[121.419,0.414],[121.42,0.412]]],[[[121.441,0.417],[121.446,0.416],[121.447,0.418],[121.441,0.417]]],[[[121.503,0.436],[121.499,0.435],[121.503,0.435],[121.503,0.436]]],[[[121.515,0.437],[121.521,0.437],[121.519,0.44],[121.515,0.437]]],[[[121.965,0.444],[121.971,0.442],[121.97,0.447],[121.965,0.444]]],[[[121.983,0.447],[121.981,0.444],[121.983,0.443],[121.983,0.447]]],[[[121.666,0.455],[121.668,0.457],[121.665,0.458],[121.666,0.455]]],[[[121.559,0.459],[121.56,0.462],[121.556,0.463],[121.559,0.459]]],[[[121.53,0.476],[121.53,0.477],[121.529,0.477],[121.53,0.476]]],[[[122.112,0.472],[122.103,0.479],[122.101,0.474],[122.112,0.472]]],[[[121.564,0.483],[121.558,0.485],[121.56,0.473],[121.564,0.483]]],[[[121.513,0.484],[121.51,0.485],[121.51,0.483],[121.513,0.484]]],[[[121.638,0.483],[121.632,0.486],[121.632,0.481],[121.638,0.483]]],[[[121.587,0.483],[121.579,0.485],[121.58,0.481],[121.587,0.483]]],[[[121.714,0.486],[121.716,0.487],[121.714,0.487],[121.714,0.486]]],[[[122.122,0.486],[122.119,0.49],[122.116,0.485],[122.122,0.486]]],[[[121.629,0.482],[121.622,0.483],[121.61,0.484],[121.629,0.482]]],[[[121.524,0.488],[121.514,0.486],[121.524,0.48],[121.524,0.488]]],[[[121.635,0.488],[121.633,0.491],[121.632,0.49],[121.635,0.488]]],[[[121.585,0.498],[121.579,0.5],[121.579,0.497],[121.585,0.498]]],[[[121.658,0.499],[121.656,0.503],[121.655,0.501],[121.658,0.499]]],[[[121.669,0.505],[121.668,0.505],[121.67,0.504],[121.669,0.505]]],[[[121.574,0.508],[121.572,0.507],[121.574,0.507],[121.574,0.508]]],[[[121.633,0.505],[121.627,0.508],[121.628,0.504],[121.633,0.505]]],[[[121.642,0.508],[121.638,0.508],[121.642,0.506],[121.642,0.508]]],[[[121.649,0.507],[121.643,0.508],[121.648,0.504],[121.649,0.507]]],[[[121.658,0.508],[121.662,0.51],[121.657,0.512],[121.658,0.508]]],[[[121.694,0.512],[121.68,0.496],[121.707,0.484],[121.706,0.499],[121.694,0.512]]],[[[121.682,0.509],[121.672,0.509],[121.676,0.506],[121.682,0.509]]],[[[121.662,0.513],[121.663,0.515],[121.66,0.516],[121.662,0.513]]],[[[121.621,0.514],[121.617,0.512],[121.621,0.512],[121.621,0.514]]],[[[121.552,0.515],[121.555,0.513],[121.556,0.516],[121.552,0.515]]],[[[121.523,0.518],[121.52,0.521],[121.521,0.519],[121.523,0.518]]],[[[121.646,0.526],[121.644,0.525],[121.645,0.523],[121.646,0.526]]],[[[121.527,0.535],[121.521,0.535],[121.523,0.531],[121.527,0.535]]],[[[121.536,0.537],[121.537,0.538],[121.535,0.538],[121.536,0.537]]],[[[121.527,0.541],[121.524,0.543],[121.523,0.542],[121.527,0.541]]],[[[122.076,0.903],[121.999,0.89],[121.921,0.927],[121.902,0.963],[121.851,0.992],[121.811,0.95],[121.603,0.872],[121.536,0.875],[121.532,0.852],[121.48,0.837],[121.358,0.853],[121.347,0.848],[121.364,0.806],[121.353,0.795],[121.215,0.792],[121.213,0.773],[121.186,0.757],[121.187,0.722],[121.161,0.678],[121.196,0.641],[121.23,0.643],[121.239,0.602],[121.303,0.567],[121.316,0.578],[121.345,0.565],[121.347,0.535],[121.331,0.522],[121.351,0.492],[121.337,0.473],[121.409,0.487],[121.409,0.472],[121.439,0.5],[121.44,0.465],[121.494,0.478],[121.519,0.496],[121.512,0.528],[121.533,0.555],[121.601,0.527],[121.607,0.553],[121.621,0.522],[121.623,0.536],[121.642,0.525],[121.635,0.544],[121.683,0.513],[121.722,0.522],[121.718,0.506],[121.805,0.412],[121.868,0.441],[122.08,0.476],[122.117,0.489],[122.134,0.595],[122.114,0.818],[122.089,0.822],[122.076,0.903]]]]},"id":7503},{"type":"Feature","properties":{"code":7602},"geometry":{"type":"MultiPolygon","coordinates":[[[[119.358,-3.486],[119.355,-3.487],[119.358,-3.488],[119.358,-3.486]]],[[[119.373,-3.482],[119.362,-3.471],[119.364,-3.484],[119.373,-3.482]]],[[[119.414,-3.477],[119.414,-3.467],[119.408,-3.474],[119.414,-3.477]]],[[[119.376,-3.467],[119.374,-3.465],[119.375,-3.468],[119.376,-3.467]]],[[[119.394,-3.466],[119.389,-3.47],[119.394,-3.477],[119.394,-3.466]]],[[[119.005,-3.532],[119.064,-3.502],[119.11,-3.516],[119.135,-3.494],[119.233,-3.486],[119.299,-3.424],[119.342,-3.433],[119.373,-3.463],[119.386,-3.449],[119.411,-3.466],[119.427,-3.459],[119.426,-3.472],[119.474,-3.502],[119.492,-3.483],[119.475,-3.457],[119.465,-3.377],[119.429,-3.345],[119.432,-3.322],[119.295,-3.252],[119.288,-3.201],[119.256,-3.165],[119.253,-3.126],[119.223,-3.072],[119.147,-3.117],[119.123,-3.094],[119.081,-3.113],[119.043,-3.086],[118.958,-3.086],[118.946,-3.105],[118.953,-3.158],[118.903,-3.178],[118.921,-3.297],[118.905,-3.327],[118.915,-3.409],[119.005,-3.532]]]]},"id":7602},{"type":"Feature","properties":{"code":3502},"geometry":{"type":"Polygon","coordinates":[[[111.449,-7.778],[111.289,-7.794],[111.319,-7.854],[111.297,-7.862],[111.273,-7.937],[111.314,-7.935],[111.327,-7.967],[111.355,-7.984],[111.349,-8.021],[111.367,-8.033],[111.346,-8.066],[111.36,-8.106],[111.346,-8.108],[111.379,-8.136],[111.38,-8.163],[111.464,-8.175],[111.482,-8.108],[111.522,-8.108],[111.542,-8.069],[111.534,-8.06],[111.573,-8.048],[111.589,-8.02],[111.63,-8.003],[111.653,-8.02],[111.662,-7.974],[111.636,-7.965],[111.641,-7.955],[111.691,-7.93],[111.701,-7.896],[111.743,-7.888],[111.758,-7.905],[111.785,-7.833],[111.752,-7.801],[111.7,-7.812],[111.661,-7.766],[111.6,-7.777],[111.573,-7.804],[111.449,-7.778]]]},"id":3502},{"type":"Feature","properties":{"code":7204},"geometry":{"type":"Polygon","coordinates":[[[120.842,-2.218],[120.829,-2.094],[120.84,-2.038],[120.929,-1.911],[120.863,-1.841],[120.833,-1.752],[120.882,-1.624],[120.961,-1.623],[120.902,-1.537],[120.89,-1.413],[120.842,-1.402],[120.84,-1.358],[120.802,-1.35],[120.784,-1.372],[120.762,-1.365],[120.748,-1.389],[120.72,-1.387],[120.693,-1.419],[120.675,-1.414],[120.642,-1.36],[120.637,-1.307],[120.571,-1.256],[120.571,-1.199],[120.593,-1.168],[120.581,-1.108],[120.313,-1.19],[120.27,-1.231],[120.232,-1.224],[120.224,-1.251],[120.185,-1.272],[120.257,-1.321],[120.287,-1.378],[120.265,-1.385],[120.277,-1.406],[120.25,-1.412],[120.221,-1.455],[120.181,-1.448],[120.166,-1.46],[120.11,-1.519],[120.098,-1.556],[120.133,-1.556],[120.143,-1.571],[120.135,-1.65],[120.177,-1.78],[120.107,-1.803],[120.1,-1.823],[120.144,-1.886],[120.124,-1.905],[120.103,-1.899],[120.098,-1.985],[120.119,-2.012],[120.179,-2.034],[120.27,-2.028],[120.339,-2.061],[120.388,-1.897],[120.403,-1.895],[120.615,-2.156],[120.756,-2.238],[120.842,-2.218]]]},"id":7204},{"type":"Feature","properties":{"code":1810},"geometry":{"type":"Polygon","coordinates":[[[104.913,-5.267],[104.779,-5.164],[104.763,-5.181],[104.774,-5.213],[104.761,-5.252],[104.81,-5.318],[104.857,-5.343],[104.863,-5.384],[104.903,-5.41],[104.889,-5.426],[104.906,-5.456],[104.878,-5.514],[104.895,-5.55],[104.945,-5.573],[104.945,-5.532],[104.924,-5.501],[104.95,-5.427],[104.999,-5.409],[104.973,-5.398],[105.029,-5.383],[105.063,-5.392],[105.073,-5.371],[105.054,-5.324],[105.033,-5.322],[105.032,-5.293],[105.066,-5.215],[105.037,-5.209],[105.009,-5.238],[104.913,-5.267]]]},"id":1810},{"type":"Feature","properties":{"code":3513},"geometry":{"type":"MultiPolygon","coordinates":[[[[113.643,-7.973],[113.611,-7.949],[113.626,-7.917],[113.602,-7.845],[113.611,-7.825],[113.592,-7.805],[113.606,-7.798],[113.602,-7.781],[113.572,-7.742],[113.597,-7.715],[113.487,-7.698],[113.438,-7.734],[113.381,-7.736],[113.345,-7.771],[113.307,-7.768],[113.286,-7.783],[113.263,-7.765],[113.256,-7.735],[113.237,-7.739],[113.24,-7.808],[113.226,-7.801],[113.216,-7.82],[113.205,-7.804],[113.178,-7.809],[113.182,-7.789],[113.163,-7.779],[113.177,-7.725],[113.151,-7.74],[113.107,-7.72],[113.1,-7.701],[113.088,-7.707],[113.054,-7.748],[113.047,-7.819],[112.948,-7.906],[112.953,-7.942],[112.927,-7.967],[112.953,-7.986],[113.009,-7.963],[113.058,-8.01],[113.069,-7.981],[113.114,-7.991],[113.149,-7.979],[113.206,-7.926],[113.207,-7.898],[113.248,-7.908],[113.262,-7.896],[113.274,-7.929],[113.328,-7.931],[113.363,-8.027],[113.391,-7.997],[113.444,-8.024],[113.479,-8.017],[113.48,-7.992],[113.528,-8.016],[113.56,-7.986],[113.602,-7.979],[113.614,-7.992],[113.643,-7.973]]],[[[113.257,-7.68],[113.25,-7.677],[113.242,-7.68],[113.257,-7.68]]]]},"id":3513},{"type":"Feature","properties":{"code":6210},"geometry":{"type":"Polygon","coordinates":[[[113.827,-1.631],[113.804,-1.74],[113.822,-1.84],[113.814,-1.955],[113.831,-2.004],[113.937,-2.163],[114.106,-2.198],[114.084,-2.251],[114.03,-2.292],[114.027,-2.396],[113.763,-2.398],[113.583,-2.741],[113.577,-2.82],[113.645,-2.964],[113.628,-3.132],[113.593,-3.166],[113.625,-3.241],[113.632,-3.32],[113.581,-3.442],[113.626,-3.464],[113.721,-3.467],[113.82,-3.449],[113.961,-3.365],[114.04,-3.349],[114.052,-3.31],[114.074,-3.311],[114.076,-3.345],[114.132,-3.381],[114.203,-3.187],[114.226,-3.194],[114.283,-3.043],[114.223,-2.953],[114.265,-2.911],[114.293,-2.825],[114.287,-2.792],[114.348,-2.745],[114.275,-2.331],[114.251,-2.293],[114.133,-2.218],[114.133,-2.04],[114.098,-1.979],[114.032,-1.924],[113.998,-1.832],[113.971,-1.672],[113.99,-1.62],[113.983,-1.556],[113.969,-1.541],[113.914,-1.574],[113.887,-1.616],[113.827,-1.631]]]},"id":6210},{"type":"Feature","properties":{"code":8207},"geometry":{"type":"MultiPolygon","coordinates":[[[[128.227,1.964],[128.235,1.965],[128.233,1.968],[128.227,1.964]]],[[[128.223,2.016],[128.222,2.019],[128.221,2.017],[128.223,2.016]]],[[[128.272,2.051],[128.268,2.051],[128.272,2.043],[128.272,2.051]]],[[[128.209,2.054],[128.213,2.054],[128.209,2.058],[128.209,2.054]]],[[[128.278,2.053],[128.276,2.06],[128.274,2.057],[128.278,2.053]]],[[[128.255,2.059],[128.244,2.061],[128.255,2.053],[128.255,2.059]]],[[[128.273,2.063],[128.267,2.065],[128.27,2.061],[128.273,2.063]]],[[[128.273,2.077],[128.27,2.076],[128.273,2.075],[128.273,2.077]]],[[[128.278,2.081],[128.281,2.08],[128.281,2.082],[128.278,2.081]]],[[[128.184,2.094],[128.191,2.086],[128.195,2.073],[128.193,2.09],[128.184,2.094]]],[[[128.211,2.121],[128.206,2.124],[128.214,2.121],[128.211,2.121]]],[[[128.226,2.115],[128.226,2.124],[128.222,2.119],[128.226,2.115]]],[[[128.192,2.121],[128.187,2.126],[128.187,2.124],[128.192,2.121]]],[[[128.185,2.126],[128.183,2.128],[128.183,2.125],[128.185,2.126]]],[[[128.232,2.132],[128.221,2.135],[128.224,2.126],[128.232,2.132]]],[[[128.221,2.172],[128.217,2.174],[128.217,2.171],[128.221,2.172]]],[[[128.236,2.206],[128.233,2.206],[128.235,2.203],[128.236,2.206]]],[[[128.205,2.198],[128.214,2.2],[128.21,2.209],[128.205,2.198]]],[[[128.158,2.283],[128.158,2.287],[128.151,2.283],[128.158,2.283]]],[[[128.68,2.38],[128.684,2.381],[128.684,2.383],[128.68,2.38]]],[[[128.182,2.366],[128.16,2.41],[128.124,2.333],[128.16,2.287],[128.187,2.306],[128.176,2.314],[128.182,2.366]]],[[[128.61,2.571],[128.565,2.645],[128.525,2.576],[128.466,2.597],[128.445,2.569],[128.433,2.573],[128.411,2.528],[128.361,2.507],[128.297,2.442],[128.284,2.372],[128.198,2.283],[128.249,2.247],[128.246,2.123],[128.253,2.093],[128.278,2.087],[128.285,2.077],[128.293,2.054],[128.259,1.98],[128.292,2.008],[128.299,2.035],[128.505,2.059],[128.547,2.102],[128.577,2.111],[128.575,2.137],[128.623,2.213],[128.653,2.309],[128.641,2.332],[128.649,2.367],[128.693,2.424],[128.687,2.501],[128.67,2.498],[128.658,2.525],[128.632,2.533],[128.63,2.563],[128.61,2.571]]]]},"id":8207},{"type":"Feature","properties":{"code":8208},"geometry":{"type":"MultiPolygon","coordinates":[[[[124.392,-2.032],[124.372,-2.049],[124.387,-2.073],[124.405,-2.046],[124.392,-2.032]]],[[[124.486,-2.021],[124.498,-2.015],[124.492,-2.013],[124.486,-2.021]]],[[[124.699,-1.973],[124.698,-1.971],[124.697,-1.972],[124.699,-1.973]]],[[[124.317,-1.971],[124.317,-1.97],[124.316,-1.97],[124.317,-1.971]]],[[[124.333,-1.966],[124.31,-1.976],[124.305,-2.007],[124.315,-1.997],[124.317,-2.015],[124.371,-2.04],[124.37,-1.976],[124.333,-1.966]]],[[[124.337,-1.903],[124.335,-1.894],[124.332,-1.895],[124.337,-1.903]]],[[[124.34,-1.823],[124.337,-1.824],[124.338,-1.827],[124.34,-1.823]]],[[[124.315,-1.792],[124.304,-1.797],[124.305,-1.801],[124.315,-1.792]]],[[[124.315,-1.766],[124.313,-1.766],[124.313,-1.768],[124.315,-1.766]]],[[[124.35,-1.77],[124.342,-1.762],[124.344,-1.778],[124.35,-1.77]]],[[[124.36,-1.758],[124.359,-1.757],[124.359,-1.758],[124.36,-1.758]]],[[[124.352,-1.745],[124.351,-1.746],[124.353,-1.746],[124.352,-1.745]]],[[[124.285,-1.753],[124.293,-1.743],[124.283,-1.754],[124.284,-1.763],[124.311,-1.785],[124.285,-1.753]]],[[[124.36,-1.743],[124.359,-1.742],[124.358,-1.743],[124.36,-1.743]]],[[[124.355,-1.741],[124.352,-1.739],[124.352,-1.741],[124.355,-1.741]]],[[[124.36,-1.739],[124.356,-1.739],[124.359,-1.741],[124.36,-1.739]]],[[[124.371,-1.739],[124.371,-1.737],[124.37,-1.739],[124.371,-1.739]]],[[[124.367,-1.741],[124.364,-1.736],[124.363,-1.74],[124.367,-1.741]]],[[[124.359,-1.736],[124.357,-1.731],[124.356,-1.736],[124.359,-1.736]]],[[[124.299,-1.73],[124.298,-1.73],[124.299,-1.733],[124.299,-1.73]]],[[[124.302,-1.727],[124.305,-1.727],[124.304,-1.726],[124.302,-1.727]]],[[[124.333,-1.728],[124.334,-1.724],[124.331,-1.726],[124.333,-1.728]]],[[[124.345,-1.722],[124.345,-1.723],[124.346,-1.722],[124.345,-1.722]]],[[[124.365,-1.721],[124.361,-1.723],[124.366,-1.726],[124.365,-1.721]]],[[[124.319,-1.722],[124.311,-1.723],[124.319,-1.743],[124.319,-1.722]]],[[[124.992,-1.711],[124.989,-1.709],[124.99,-1.713],[124.992,-1.711]]],[[[124.337,-1.722],[124.336,-1.704],[124.333,-1.722],[124.337,-1.722]]],[[[124.967,-1.696],[124.96,-1.694],[124.968,-1.699],[124.967,-1.696]]],[[[124.341,-1.703],[124.35,-1.703],[124.348,-1.693],[124.341,-1.703]]],[[[124.967,-1.685],[124.964,-1.686],[124.968,-1.691],[124.967,-1.685]]],[[[124.97,-1.665],[124.951,-1.664],[124.949,-1.666],[124.954,-1.671],[124.97,-1.665]]],[[[124.889,-1.663],[124.888,-1.658],[124.886,-1.66],[124.889,-1.663]]],[[[124.878,-1.658],[124.881,-1.658],[124.879,-1.656],[124.878,-1.658]]],[[[124.995,-1.656],[124.999,-1.67],[125.022,-1.665],[124.995,-1.656]]],[[[124.531,-1.63],[124.489,-1.658],[124.4,-1.66],[124.361,-1.704],[124.36,-1.717],[124.371,-1.712],[124.372,-1.741],[124.348,-1.787],[124.335,-1.887],[124.382,-1.947],[124.404,-2.033],[124.482,-2.024],[124.499,-1.996],[124.521,-1.98],[124.567,-1.995],[124.529,-2.008],[124.518,-1.99],[124.493,-2.013],[124.524,-2.018],[124.681,-1.975],[124.774,-1.915],[124.848,-1.893],[124.864,-1.892],[124.89,-1.926],[125.008,-1.943],[125.021,-1.928],[125.013,-1.9],[125.043,-1.887],[125.101,-1.899],[125.127,-1.877],[125.188,-1.885],[125.231,-1.871],[125.308,-1.893],[125.327,-1.884],[125.315,-1.846],[125.322,-1.785],[125.269,-1.79],[125.295,-1.767],[125.287,-1.73],[125.242,-1.722],[125.223,-1.734],[125.229,-1.765],[125.213,-1.792],[125.197,-1.791],[125.18,-1.78],[125.204,-1.724],[125.165,-1.695],[125.147,-1.716],[125.128,-1.683],[125.107,-1.691],[125.102,-1.729],[125.114,-1.73],[125.087,-1.745],[125.11,-1.746],[125.103,-1.761],[125.078,-1.757],[125.068,-1.772],[125.061,-1.742],[125.046,-1.771],[125.038,-1.75],[125.015,-1.752],[125.021,-1.718],[124.999,-1.727],[125.002,-1.715],[124.96,-1.709],[124.958,-1.694],[124.898,-1.708],[124.87,-1.68],[124.805,-1.673],[124.809,-1.686],[124.779,-1.665],[124.75,-1.67],[124.643,-1.639],[124.554,-1.638],[124.526,-1.665],[124.531,-1.63]]],[[[124.489,-1.635],[124.486,-1.629],[124.487,-1.637],[124.489,-1.635]]],[[[124.484,-1.588],[124.472,-1.583],[124.48,-1.604],[124.484,-1.588]]]]},"id":8208},{"type":"Feature","properties":{"code":9607},"geometry":{"type":"Polygon","coordinates":[[[137.188,-3.909],[137.203,-4.023],[137.291,-4.031],[137.32,-4.161],[137.678,-4.172],[137.714,-4.057],[137.757,-4.013],[137.813,-3.979],[137.937,-3.961],[137.948,-3.944],[137.951,-3.866],[137.898,-3.799],[137.887,-3.685],[137.843,-3.702],[137.817,-3.694],[137.745,-3.61],[137.653,-3.602],[137.615,-3.576],[137.571,-3.528],[137.495,-3.486],[137.441,-3.355],[137.385,-3.307],[137.617,-3.112],[137.558,-3.051],[137.52,-3.058],[137.436,-3.04],[137.42,-3.013],[137.431,-3.006],[137.383,-2.963],[137.151,-3.077],[137.187,-3.106],[137.175,-3.126],[137.134,-3.135],[137.127,-3.122],[137.071,-3.179],[137.044,-3.167],[137.041,-3.182],[137.005,-3.189],[137.007,-3.175],[136.989,-3.174],[136.966,-3.197],[136.925,-3.186],[136.904,-3.204],[136.899,-3.192],[136.882,-3.234],[136.915,-3.308],[136.949,-3.336],[136.952,-3.399],[136.978,-3.417],[136.983,-3.485],[137.024,-3.501],[137.024,-3.552],[137.079,-3.591],[137.144,-3.597],[137.105,-3.751],[137.126,-3.817],[137.188,-3.909]]]},"id":9607},{"type":"Feature","properties":{"code":9608},"geometry":{"type":"Polygon","coordinates":[[[138.304,-3.772],[138.236,-3.616],[138.168,-3.6],[138.084,-3.54],[138.068,-3.497],[138.036,-3.485],[138.014,-3.355],[138.032,-3.242],[138.009,-3.224],[138.009,-3.155],[137.974,-3.134],[137.882,-3.116],[137.617,-3.112],[137.385,-3.307],[137.441,-3.355],[137.495,-3.486],[137.571,-3.528],[137.615,-3.576],[137.653,-3.602],[137.745,-3.61],[137.817,-3.694],[137.843,-3.702],[137.887,-3.685],[137.898,-3.799],[137.951,-3.866],[138.05,-3.833],[138.225,-3.827],[138.269,-3.813],[138.304,-3.772]]]},"id":9608},{"type":"Feature","properties":{"code":3303},"geometry":{"type":"Polygon","coordinates":[[[109.584,-7.293],[109.532,-7.23],[109.506,-7.239],[109.479,-7.221],[109.442,-7.161],[109.408,-7.2],[109.381,-7.19],[109.224,-7.239],[109.333,-7.43],[109.34,-7.458],[109.32,-7.482],[109.337,-7.493],[109.345,-7.478],[109.364,-7.487],[109.401,-7.467],[109.418,-7.478],[109.438,-7.448],[109.507,-7.448],[109.504,-7.41],[109.548,-7.402],[109.518,-7.343],[109.527,-7.323],[109.562,-7.332],[109.567,-7.3],[109.584,-7.293]]]},"id":3303},{"type":"Feature","properties":{"code":3214},"geometry":{"type":"Polygon","coordinates":[[[107.595,-6.729],[107.588,-6.685],[107.601,-6.654],[107.579,-6.633],[107.59,-6.599],[107.553,-6.566],[107.565,-6.487],[107.526,-6.437],[107.529,-6.418],[107.502,-6.407],[107.433,-6.459],[107.373,-6.468],[107.39,-6.499],[107.327,-6.484],[107.289,-6.501],[107.264,-6.555],[107.22,-6.59],[107.263,-6.635],[107.25,-6.696],[107.293,-6.703],[107.301,-6.72],[107.319,-6.72],[107.335,-6.687],[107.367,-6.7],[107.409,-6.688],[107.574,-6.776],[107.571,-6.736],[107.595,-6.729]]]},"id":3214},{"type":"Feature","properties":{"code":3306},"geometry":{"type":"Polygon","coordinates":[[[109.819,-7.83],[110.03,-7.896],[110.062,-7.814],[110.112,-7.776],[110.132,-7.74],[110.137,-7.693],[110.117,-7.668],[110.141,-7.644],[110.1,-7.569],[110.059,-7.575],[110.044,-7.534],[110.027,-7.529],[110.017,-7.586],[109.999,-7.59],[109.968,-7.562],[109.972,-7.531],[109.919,-7.519],[109.883,-7.536],[109.863,-7.528],[109.855,-7.558],[109.824,-7.597],[109.813,-7.593],[109.814,-7.631],[109.798,-7.646],[109.8,-7.706],[109.83,-7.715],[109.839,-7.773],[109.819,-7.83]]]},"id":3306},{"type":"Feature","properties":{"code":9201},"geometry":{"type":"MultiPolygon","coordinates":[[[[130.5,-2.234],[130.491,-2.229],[130.491,-2.231],[130.5,-2.234]]],[[[130.267,-2.227],[130.246,-2.232],[130.272,-2.232],[130.267,-2.227]]],[[[130.426,-2.211],[130.397,-2.219],[130.475,-2.226],[130.426,-2.211]]],[[[130.413,-2.204],[130.411,-2.202],[130.41,-2.204],[130.413,-2.204]]],[[[130.189,-2.201],[130.185,-2.198],[130.182,-2.202],[130.189,-2.201]]],[[[130.297,-2.198],[130.302,-2.197],[130.297,-2.195],[130.297,-2.198]]],[[[130.294,-2.197],[130.215,-2.186],[130.243,-2.195],[130.218,-2.199],[130.247,-2.215],[130.27,-2.214],[130.261,-2.196],[130.294,-2.197]]],[[[130.448,-2.173],[130.448,-2.169],[130.447,-2.171],[130.448,-2.173]]],[[[130.457,-2.163],[130.459,-2.166],[130.463,-2.167],[130.457,-2.163]]],[[[130.464,-2.147],[130.446,-2.144],[130.445,-2.146],[130.464,-2.147]]],[[[130.482,-2.138],[130.486,-2.142],[130.489,-2.139],[130.482,-2.138]]],[[[130.482,-2.138],[130.476,-2.139],[130.482,-2.141],[130.482,-2.138]]],[[[130.482,-2.136],[130.484,-2.133],[130.482,-2.133],[130.482,-2.136]]],[[[130.476,-2.134],[130.44,-2.124],[130.453,-2.136],[130.476,-2.134]]],[[[130.27,-2.127],[130.267,-2.121],[130.261,-2.128],[130.27,-2.127]]],[[[130.392,-2.115],[130.353,-2.119],[130.337,-2.129],[130.386,-2.129],[130.392,-2.115]]],[[[130.297,-2.137],[130.316,-2.118],[130.314,-2.111],[130.289,-2.122],[130.297,-2.137]]],[[[130.406,-2.08],[130.389,-2.081],[130.397,-2.088],[130.406,-2.08]]],[[[130.406,-2.081],[130.421,-2.066],[130.403,-2.071],[130.406,-2.081]]],[[[130.156,-2.066],[130.142,-2.076],[130.159,-2.07],[130.156,-2.066]]],[[[130.459,-2.062],[130.437,-2.062],[130.433,-2.072],[130.455,-2.072],[130.459,-2.062]]],[[[130.429,-2.066],[130.424,-2.055],[130.413,-2.06],[130.429,-2.066]]],[[[130.354,-2.059],[130.368,-2.057],[130.355,-2.052],[130.354,-2.059]]],[[[130.084,-2.043],[130.087,-2.042],[130.081,-2.041],[130.084,-2.043]]],[[[130.39,-2.046],[130.401,-2.038],[130.388,-2.045],[130.39,-2.046]]],[[[130.374,-2.044],[130.377,-2.035],[130.372,-2.035],[130.374,-2.044]]],[[[130.612,-1.998],[130.617,-2.002],[130.627,-1.998],[130.612,-1.998]]],[[[130.608,-2.002],[130.604,-1.996],[130.603,-2.002],[130.608,-2.002]]],[[[130.54,-1.991],[130.546,-1.99],[130.546,-1.988],[130.54,-1.991]]],[[[130.561,-1.987],[130.547,-1.993],[130.6,-1.998],[130.561,-1.987]]],[[[130.469,-1.984],[130.475,-1.984],[130.472,-1.98],[130.469,-1.984]]],[[[130.477,-1.986],[130.483,-1.98],[130.482,-1.975],[130.477,-1.986]]],[[[130.51,-1.978],[130.512,-1.974],[130.51,-1.976],[130.51,-1.978]]],[[[130.465,-1.973],[130.466,-1.977],[130.468,-1.972],[130.465,-1.973]]],[[[130.465,-1.973],[130.467,-1.968],[130.464,-1.968],[130.465,-1.973]]],[[[130.458,-1.966],[130.461,-1.968],[130.46,-1.964],[130.458,-1.966]]],[[[130.474,-1.971],[130.476,-1.966],[130.475,-1.964],[130.474,-1.971]]],[[[130.462,-1.983],[130.444,-1.966],[130.448,-1.981],[130.462,-1.983]]],[[[130.375,-1.939],[130.371,-1.933],[130.368,-1.938],[130.375,-1.939]]],[[[130.462,-1.904],[130.451,-1.896],[130.449,-1.902],[130.462,-1.904]]],[[[129.717,-1.859],[129.726,-1.852],[129.724,-1.851],[129.717,-1.859]]],[[[129.81,-1.824],[129.81,-1.818],[129.807,-1.818],[129.81,-1.824]]],[[[129.715,-1.772],[129.716,-1.768],[129.711,-1.772],[129.715,-1.772]]],[[[130.477,-1.769],[130.474,-1.767],[130.475,-1.769],[130.477,-1.769]]],[[[129.651,-1.828],[129.637,-1.764],[129.624,-1.789],[129.651,-1.828]]],[[[129.649,-1.773],[129.654,-1.766],[129.649,-1.763],[129.649,-1.773]]],[[[129.609,-1.771],[129.627,-1.774],[129.615,-1.762],[129.609,-1.771]]],[[[129.701,-1.762],[129.707,-1.756],[129.704,-1.755],[129.701,-1.762]]],[[[129.693,-1.775],[129.692,-1.756],[129.685,-1.747],[129.686,-1.765],[129.693,-1.775]]],[[[130.132,-1.709],[130.138,-1.706],[130.132,-1.707],[130.132,-1.709]]],[[[130.15,-1.709],[130.146,-1.704],[130.143,-1.707],[130.15,-1.709]]],[[[129.93,-1.708],[129.939,-1.707],[129.94,-1.702],[129.93,-1.708]]],[[[130.23,-1.703],[130.239,-1.697],[130.224,-1.699],[130.23,-1.703]]],[[[130.255,-1.706],[130.262,-1.694],[130.248,-1.702],[130.255,-1.706]]],[[[129.777,-1.714],[129.763,-1.689],[129.759,-1.692],[129.777,-1.714]]],[[[129.904,-1.691],[129.909,-1.688],[129.908,-1.686],[129.904,-1.691]]],[[[129.778,-1.686],[129.783,-1.684],[129.778,-1.684],[129.778,-1.686]]],[[[130.051,-1.684],[130.049,-1.681],[130.046,-1.681],[130.051,-1.684]]],[[[130.264,-1.7],[130.254,-1.723],[130.129,-1.715],[130.121,-1.707],[130.093,-1.724],[130.053,-1.718],[129.976,-1.76],[129.897,-1.776],[129.812,-1.837],[129.803,-1.825],[129.742,-1.844],[129.717,-1.871],[129.737,-1.885],[129.725,-1.892],[129.813,-1.932],[129.857,-1.97],[129.941,-1.993],[129.96,-2.015],[129.978,-2.002],[129.984,-2.018],[130.017,-2.008],[130.009,-2.024],[130.093,-2.017],[130.087,-2.03],[130.108,-2.036],[130.09,-2.046],[130.117,-2.061],[130.253,-2.053],[130.271,-2.029],[130.247,-2.009],[130.292,-2.011],[130.288,-1.998],[130.304,-2.0],[130.321,-1.965],[130.343,-1.951],[130.322,-1.981],[130.392,-2.014],[130.363,-2.038],[130.453,-2.009],[130.469,-2.013],[130.46,-2.003],[130.414,-2.008],[130.382,-1.98],[130.408,-1.97],[130.423,-1.987],[130.445,-1.954],[130.418,-1.98],[130.432,-1.951],[130.363,-1.95],[130.364,-1.929],[130.335,-1.919],[130.406,-1.89],[130.409,-1.853],[130.428,-1.856],[130.437,-1.832],[130.454,-1.83],[130.416,-1.773],[130.345,-1.723],[130.365,-1.712],[130.376,-1.676],[130.342,-1.664],[130.264,-1.7]]],[[[129.865,-1.668],[129.867,-1.662],[129.863,-1.666],[129.865,-1.668]]],[[[129.862,-1.655],[129.855,-1.663],[129.863,-1.661],[129.862,-1.655]]],[[[130.207,-1.641],[130.202,-1.636],[130.195,-1.639],[130.207,-1.641]]],[[[129.909,-1.639],[129.917,-1.624],[129.905,-1.616],[129.902,-1.631],[129.909,-1.639]]],[[[130.303,-1.616],[130.31,-1.61],[130.3,-1.613],[130.303,-1.616]]],[[[130.32,-1.606],[130.327,-1.605],[130.32,-1.603],[130.32,-1.606]]],[[[130.345,-1.589],[130.343,-1.582],[130.338,-1.584],[130.345,-1.589]]],[[[130.523,-1.519],[130.516,-1.513],[130.52,-1.522],[130.523,-1.519]]],[[[130.134,-1.483],[130.132,-1.48],[130.13,-1.484],[130.134,-1.483]]],[[[130.25,-1.472],[130.247,-1.47],[130.245,-1.473],[130.25,-1.472]]],[[[130.073,-1.474],[130.074,-1.469],[130.071,-1.473],[130.073,-1.474]]],[[[130.204,-1.473],[130.263,-1.462],[130.268,-1.455],[130.227,-1.459],[130.204,-1.473]]],[[[130.096,-1.445],[130.104,-1.443],[130.101,-1.44],[130.096,-1.445]]],[[[130.143,-1.433],[130.152,-1.433],[130.151,-1.427],[130.143,-1.433]]],[[[130.112,-1.43],[130.12,-1.431],[130.118,-1.426],[130.112,-1.43]]],[[[130.46,-1.428],[130.459,-1.423],[130.455,-1.426],[130.46,-1.428]]],[[[130.324,-1.423],[130.313,-1.426],[130.326,-1.427],[130.324,-1.423]]],[[[130.281,-1.428],[130.288,-1.42],[130.285,-1.42],[130.281,-1.428]]],[[[130.491,-1.423],[130.491,-1.418],[130.489,-1.419],[130.491,-1.423]]],[[[130.42,-1.417],[130.425,-1.415],[130.423,-1.412],[130.42,-1.417]]],[[[130.218,-1.357],[130.228,-1.355],[130.235,-1.351],[130.218,-1.357]]],[[[129.719,-1.266],[129.713,-1.262],[129.73,-1.265],[129.719,-1.266]]],[[[129.739,-1.255],[129.741,-1.252],[129.738,-1.253],[129.739,-1.255]]],[[[129.75,-1.254],[129.765,-1.258],[129.765,-1.253],[129.75,-1.254]]],[[[129.667,-1.26],[129.655,-1.254],[129.655,-1.259],[129.667,-1.26]]],[[[129.685,-1.252],[129.689,-1.248],[129.683,-1.251],[129.685,-1.252]]],[[[129.731,-1.25],[129.728,-1.247],[129.729,-1.249],[129.731,-1.25]]],[[[129.747,-1.244],[129.745,-1.241],[129.743,-1.242],[129.747,-1.244]]],[[[129.672,-1.245],[129.672,-1.24],[129.668,-1.242],[129.672,-1.245]]],[[[129.68,-1.238],[129.679,-1.231],[129.677,-1.233],[129.68,-1.238]]],[[[129.79,-1.231],[129.795,-1.233],[129.792,-1.23],[129.79,-1.231]]],[[[129.703,-1.222],[129.711,-1.219],[129.704,-1.219],[129.703,-1.222]]],[[[129.648,-1.222],[129.657,-1.219],[129.649,-1.213],[129.648,-1.222]]],[[[129.73,-1.216],[129.733,-1.209],[129.73,-1.21],[129.73,-1.216]]],[[[129.808,-1.217],[129.828,-1.207],[129.789,-1.217],[129.808,-1.217]]],[[[129.769,-1.214],[129.786,-1.21],[129.786,-1.206],[129.769,-1.214]]],[[[131.054,-1.193],[131.05,-1.191],[131.052,-1.193],[131.054,-1.193]]],[[[129.705,-1.196],[129.717,-1.195],[129.715,-1.19],[129.705,-1.196]]],[[[129.649,-1.198],[129.658,-1.193],[129.651,-1.187],[129.649,-1.198]]],[[[129.4,-1.179],[129.394,-1.186],[129.403,-1.184],[129.4,-1.179]]],[[[129.695,-1.183],[129.673,-1.17],[129.678,-1.187],[129.695,-1.183]]],[[[129.463,-1.184],[129.481,-1.171],[129.464,-1.155],[129.445,-1.168],[129.463,-1.184]]],[[[131.053,-1.19],[131.06,-1.175],[131.056,-1.153],[131.046,-1.17],[131.053,-1.19]]],[[[129.356,-1.153],[129.356,-1.173],[129.379,-1.175],[129.376,-1.156],[129.356,-1.153]]],[[[129.413,-1.153],[129.407,-1.146],[129.406,-1.153],[129.413,-1.153]]],[[[129.79,-1.148],[129.793,-1.146],[129.791,-1.146],[129.79,-1.148]]],[[[129.431,-1.151],[129.423,-1.144],[129.428,-1.159],[129.431,-1.151]]],[[[129.356,-1.153],[129.339,-1.144],[129.307,-1.157],[129.33,-1.164],[129.356,-1.153]]],[[[129.776,-1.148],[129.783,-1.145],[129.772,-1.144],[129.776,-1.148]]],[[[129.431,-1.145],[129.429,-1.141],[129.427,-1.143],[129.431,-1.145]]],[[[129.748,-1.143],[129.711,-1.148],[129.674,-1.165],[129.695,-1.166],[129.708,-1.188],[129.748,-1.143]]],[[[129.445,-1.144],[129.444,-1.14],[129.442,-1.142],[129.445,-1.144]]],[[[129.796,-1.146],[129.804,-1.141],[129.796,-1.143],[129.796,-1.146]]],[[[129.978,-1.162],[129.865,-1.131],[129.85,-1.144],[129.764,-1.159],[129.734,-1.193],[129.753,-1.209],[129.897,-1.184],[129.871,-1.212],[129.863,-1.199],[129.828,-1.219],[129.819,-1.232],[129.83,-1.238],[129.93,-1.175],[129.931,-1.204],[129.978,-1.162]]],[[[129.851,-1.139],[129.853,-1.129],[129.84,-1.14],[129.851,-1.139]]],[[[131.065,-1.138],[131.073,-1.134],[131.072,-1.129],[131.065,-1.138]]],[[[129.755,-1.14],[129.78,-1.136],[129.774,-1.126],[129.755,-1.14]]],[[[131.096,-1.127],[131.097,-1.122],[131.093,-1.127],[131.096,-1.127]]],[[[131.105,-1.114],[131.107,-1.111],[131.105,-1.112],[131.105,-1.114]]],[[[131.084,-1.111],[131.085,-1.107],[131.081,-1.111],[131.084,-1.111]]],[[[131.166,-1.092],[131.177,-1.087],[131.176,-1.085],[131.166,-1.092]]],[[[131.096,-1.085],[131.101,-1.083],[131.094,-1.083],[131.096,-1.085]]],[[[131.079,-1.082],[131.075,-1.081],[131.076,-1.083],[131.079,-1.082]]],[[[131.09,-1.077],[131.083,-1.083],[131.092,-1.081],[131.09,-1.077]]],[[[131.16,-1.074],[131.172,-1.064],[131.17,-1.059],[131.16,-1.074]]],[[[131.158,-1.035],[131.15,-1.058],[131.155,-1.071],[131.166,-1.055],[131.158,-1.035]]],[[[131.081,-1.078],[131.091,-1.073],[131.106,-1.08],[131.097,-1.063],[131.111,-1.069],[131.108,-1.058],[131.129,-1.068],[131.136,-1.043],[131.129,-1.052],[131.117,-1.043],[131.147,-1.015],[131.143,-0.995],[131.091,-1.002],[131.081,-1.078]]],[[[131.148,-0.998],[131.15,-0.995],[131.148,-0.993],[131.148,-0.998]]],[[[130.66,-0.95],[130.655,-0.941],[130.636,-0.939],[130.637,-0.947],[130.66,-0.95]]],[[[131.096,-0.942],[131.096,-0.946],[131.108,-0.936],[131.096,-0.942]]],[[[131.114,-0.921],[131.129,-0.919],[131.13,-0.914],[131.114,-0.921]]],[[[131.023,-1.195],[131.043,-1.186],[131.044,-1.153],[131.083,-1.009],[131.058,-1.006],[131.078,-0.968],[131.056,-0.961],[131.03,-0.912],[130.935,-0.942],[130.918,-0.89],[130.857,-0.905],[130.832,-0.897],[130.788,-0.931],[130.74,-0.93],[130.634,-0.961],[130.643,-0.992],[130.676,-1.014],[130.718,-1.077],[130.707,-1.087],[130.717,-1.096],[130.692,-1.094],[130.678,-1.11],[130.736,-1.163],[130.729,-1.185],[130.78,-1.166],[130.847,-1.205],[130.918,-1.201],[130.959,-1.174],[131.023,-1.195]]],[[[131.025,-0.894],[131.032,-0.888],[131.027,-0.884],[131.025,-0.894]]],[[[129.764,-0.848],[129.759,-0.845],[129.759,-0.861],[129.764,-0.848]]],[[[129.766,-0.843],[129.768,-0.846],[129.768,-0.843],[129.766,-0.843]]],[[[129.891,-0.844],[129.899,-0.837],[129.893,-0.835],[129.891,-0.844]]],[[[130.892,-0.819],[130.906,-0.814],[130.906,-0.812],[130.892,-0.819]]],[[[130.549,-0.797],[130.508,-0.803],[130.509,-0.82],[130.537,-0.827],[130.549,-0.797]]],[[[130.502,-0.794],[130.501,-0.788],[130.5,-0.79],[130.502,-0.794]]],[[[130.754,-0.786],[130.751,-0.785],[130.751,-0.787],[130.754,-0.786]]],[[[130.699,-0.795],[130.704,-0.784],[130.705,-0.779],[130.699,-0.795]]],[[[129.79,-0.779],[129.784,-0.769],[129.776,-0.77],[129.79,-0.779]]],[[[130.727,-0.798],[130.746,-0.767],[130.733,-0.786],[130.715,-0.773],[130.727,-0.798]]],[[[130.106,-0.759],[130.113,-0.758],[130.113,-0.755],[130.106,-0.759]]],[[[130.786,-0.756],[130.769,-0.756],[130.764,-0.78],[130.757,-0.77],[130.767,-0.8],[130.786,-0.756]]],[[[130.817,-0.78],[130.797,-0.755],[130.817,-0.822],[130.807,-0.803],[130.788,-0.82],[130.793,-0.794],[130.766,-0.818],[130.719,-0.815],[130.713,-0.83],[130.701,-0.828],[130.712,-0.812],[130.67,-0.799],[130.686,-0.819],[130.661,-0.828],[130.638,-0.816],[130.646,-0.804],[130.631,-0.792],[130.582,-0.832],[130.586,-0.811],[130.566,-0.794],[130.564,-0.822],[130.53,-0.84],[130.484,-0.832],[130.479,-0.82],[130.502,-0.798],[130.478,-0.791],[130.476,-0.819],[130.45,-0.807],[130.454,-0.854],[130.432,-0.864],[130.464,-0.88],[130.46,-0.89],[130.41,-0.897],[130.388,-0.926],[130.453,-0.9],[130.47,-0.92],[130.468,-0.897],[130.487,-0.908],[130.517,-0.897],[130.508,-0.92],[130.546,-0.905],[130.579,-0.914],[130.834,-0.864],[130.849,-0.857],[130.843,-0.843],[130.856,-0.854],[130.864,-0.834],[130.871,-0.847],[130.897,-0.832],[130.855,-0.812],[130.925,-0.784],[130.896,-0.778],[130.893,-0.763],[130.867,-0.779],[130.867,-0.765],[130.85,-0.766],[130.844,-0.78],[130.865,-0.794],[130.856,-0.805],[130.84,-0.788],[130.841,-0.766],[130.828,-0.787],[130.825,-0.772],[130.817,-0.78]]],[[[130.122,-0.751],[130.153,-0.741],[130.15,-0.731],[130.132,-0.735],[130.122,-0.751]]],[[[130.234,-0.733],[130.214,-0.727],[130.217,-0.747],[130.234,-0.733]]],[[[130.704,-0.701],[130.707,-0.695],[130.701,-0.701],[130.704,-0.701]]],[[[130.253,-0.699],[130.268,-0.698],[130.261,-0.691],[130.253,-0.699]]],[[[130.225,-0.699],[130.243,-0.698],[130.247,-0.691],[130.234,-0.688],[130.225,-0.699]]],[[[130.308,-0.691],[130.309,-0.687],[130.306,-0.691],[130.308,-0.691]]],[[[130.274,-0.689],[130.28,-0.687],[130.277,-0.684],[130.274,-0.689]]],[[[130.271,-0.686],[130.268,-0.682],[130.267,-0.684],[130.271,-0.686]]],[[[130.286,-0.676],[130.294,-0.675],[130.294,-0.673],[130.286,-0.676]]],[[[130.244,-0.677],[130.254,-0.674],[130.246,-0.671],[130.244,-0.677]]],[[[130.57,-0.651],[130.576,-0.652],[130.577,-0.65],[130.57,-0.651]]],[[[130.313,-0.654],[130.3,-0.643],[130.265,-0.666],[130.278,-0.67],[130.313,-0.654]]],[[[130.304,-0.596],[130.301,-0.59],[130.298,-0.593],[130.304,-0.596]]],[[[130.287,-0.596],[130.275,-0.597],[130.28,-0.607],[130.287,-0.596]]],[[[130.656,-0.586],[130.6,-0.589],[130.55,-0.623],[130.656,-0.586]]],[[[130.671,-0.577],[130.686,-0.567],[130.66,-0.575],[130.671,-0.577]]],[[[130.277,-0.588],[130.271,-0.564],[130.251,-0.547],[130.264,-0.583],[130.277,-0.588]]],[[[130.452,-0.523],[130.44,-0.524],[130.453,-0.53],[130.452,-0.523]]],[[[130.357,-0.491],[130.339,-0.487],[130.339,-0.489],[130.357,-0.491]]],[[[130.692,-0.49],[130.697,-0.489],[130.694,-0.485],[130.692,-0.49]]],[[[130.686,-0.481],[130.694,-0.48],[130.693,-0.479],[130.686,-0.481]]],[[[130.802,-0.477],[130.817,-0.478],[130.816,-0.472],[130.802,-0.477]]],[[[130.449,-0.46],[130.446,-0.459],[130.447,-0.461],[130.449,-0.46]]],[[[130.446,-0.451],[130.433,-0.446],[130.431,-0.453],[130.436,-0.457],[130.446,-0.451]]],[[[130.454,-0.448],[130.457,-0.444],[130.454,-0.446],[130.454,-0.448]]],[[[130.443,-0.443],[130.447,-0.443],[130.445,-0.441],[130.443,-0.443]]],[[[130.686,-0.423],[130.681,-0.417],[130.678,-0.422],[130.686,-0.423]]],[[[129.909,-0.407],[129.879,-0.407],[129.844,-0.436],[129.841,-0.461],[129.869,-0.507],[129.902,-0.477],[129.9,-0.447],[129.915,-0.453],[129.909,-0.407]]],[[[130.215,-0.407],[130.218,-0.405],[130.213,-0.404],[130.215,-0.407]]],[[[130.645,-0.417],[130.607,-0.404],[130.612,-0.427],[130.59,-0.42],[130.55,-0.44],[130.554,-0.456],[130.519,-0.478],[130.504,-0.449],[130.47,-0.448],[130.485,-0.465],[130.455,-0.465],[130.461,-0.492],[130.508,-0.496],[130.452,-0.518],[130.457,-0.53],[130.54,-0.52],[130.571,-0.471],[130.611,-0.492],[130.589,-0.5],[130.592,-0.533],[130.566,-0.531],[130.573,-0.547],[130.659,-0.517],[130.694,-0.454],[130.645,-0.417]]],[[[130.247,-0.4],[130.246,-0.395],[130.242,-0.396],[130.247,-0.4]]],[[[130.269,-0.398],[130.269,-0.394],[130.267,-0.393],[130.269,-0.398]]],[[[130.253,-0.391],[130.26,-0.387],[130.25,-0.387],[130.253,-0.391]]],[[[130.265,-0.377],[130.27,-0.371],[130.263,-0.373],[130.265,-0.377]]],[[[130.419,-0.369],[130.417,-0.371],[130.419,-0.372],[130.419,-0.369]]],[[[130.294,-0.37],[130.28,-0.367],[130.277,-0.371],[130.282,-0.38],[130.294,-0.37]]],[[[130.19,-0.357],[130.188,-0.353],[130.185,-0.358],[130.19,-0.357]]],[[[130.331,-0.349],[130.337,-0.35],[130.337,-0.348],[130.331,-0.349]]],[[[130.379,-0.351],[130.385,-0.35],[130.384,-0.345],[130.379,-0.351]]],[[[130.244,-0.321],[130.239,-0.327],[130.245,-0.323],[130.244,-0.321]]],[[[130.219,-0.333],[130.179,-0.319],[130.17,-0.321],[130.201,-0.348],[130.22,-0.347],[130.219,-0.333]]],[[[130.647,-0.319],[130.643,-0.317],[130.642,-0.319],[130.647,-0.319]]],[[[130.374,-0.32],[130.372,-0.317],[130.37,-0.328],[130.374,-0.32]]],[[[130.634,-0.32],[130.639,-0.318],[130.636,-0.316],[130.634,-0.32]]],[[[130.349,-0.321],[130.352,-0.314],[130.342,-0.315],[130.349,-0.321]]],[[[130.141,-0.316],[130.122,-0.316],[130.139,-0.335],[130.141,-0.316]]],[[[130.672,-0.311],[130.652,-0.324],[130.663,-0.334],[130.674,-0.322],[130.672,-0.311]]],[[[130.259,-0.307],[130.268,-0.307],[130.264,-0.303],[130.259,-0.307]]],[[[130.511,-0.309],[130.479,-0.306],[130.476,-0.315],[130.486,-0.333],[130.516,-0.328],[130.511,-0.309]]],[[[130.877,-0.305],[130.845,-0.305],[130.893,-0.319],[130.877,-0.305]]],[[[130.338,-0.304],[130.329,-0.3],[130.329,-0.302],[130.338,-0.304]]],[[[130.36,-0.304],[130.366,-0.3],[130.364,-0.298],[130.36,-0.304]]],[[[130.181,-0.297],[130.181,-0.284],[130.175,-0.284],[130.181,-0.297]]],[[[130.233,-0.305],[130.219,-0.279],[130.195,-0.284],[130.19,-0.308],[130.222,-0.322],[130.233,-0.305]]],[[[130.385,-0.205],[130.383,-0.2],[130.382,-0.205],[130.385,-0.205]]],[[[130.34,-0.203],[130.329,-0.198],[130.306,-0.213],[130.324,-0.216],[130.34,-0.203]]],[[[130.244,-0.2],[130.242,-0.194],[130.236,-0.195],[130.244,-0.2]]],[[[130.201,-0.189],[130.201,-0.185],[130.195,-0.186],[130.201,-0.189]]],[[[130.36,-0.183],[130.348,-0.192],[130.361,-0.186],[130.36,-0.183]]],[[[130.261,-0.182],[130.242,-0.187],[130.284,-0.195],[130.261,-0.182]]],[[[130.237,-0.183],[130.222,-0.169],[130.199,-0.179],[130.226,-0.189],[130.237,-0.183]]],[[[130.254,-0.18],[130.258,-0.162],[130.238,-0.153],[130.238,-0.179],[130.254,-0.18]]],[[[130.261,-0.156],[130.262,-0.149],[130.26,-0.149],[130.261,-0.156]]],[[[130.255,-0.15],[130.255,-0.146],[130.253,-0.15],[130.255,-0.15]]],[[[130.688,-0.141],[130.668,-0.136],[130.662,-0.146],[130.688,-0.141]]],[[[130.665,-0.12],[130.661,-0.119],[130.662,-0.123],[130.665,-0.12]]],[[[130.645,-0.116],[130.651,-0.123],[130.66,-0.116],[130.645,-0.116]]],[[[130.674,-0.111],[130.666,-0.111],[130.674,-0.114],[130.674,-0.111]]],[[[130.183,-0.112],[130.186,-0.11],[130.181,-0.108],[130.183,-0.112]]],[[[130.25,-0.124],[130.253,-0.106],[130.238,-0.116],[130.25,-0.124]]],[[[130.176,-0.106],[130.182,-0.096],[130.17,-0.092],[130.176,-0.106]]],[[[130.661,-0.095],[130.662,-0.088],[130.657,-0.093],[130.661,-0.095]]],[[[130.17,-0.089],[130.167,-0.087],[130.168,-0.09],[130.17,-0.089]]],[[[130.183,-0.072],[130.181,-0.068],[130.179,-0.068],[130.183,-0.072]]],[[[130.35,-0.075],[130.348,-0.068],[130.346,-0.069],[130.35,-0.075]]],[[[130.052,-0.079],[130.054,-0.066],[130.004,-0.071],[130.052,-0.079]]],[[[130.484,-0.058],[130.486,-0.053],[130.481,-0.054],[130.484,-0.058]]],[[[130.462,-0.054],[130.47,-0.055],[130.471,-0.053],[130.462,-0.054]]],[[[130.451,-0.052],[130.454,-0.049],[130.451,-0.049],[130.451,-0.052]]],[[[130.552,-0.048],[130.553,-0.045],[130.551,-0.046],[130.552,-0.048]]],[[[131.078,-0.05],[131.074,-0.038],[131.061,-0.045],[131.064,-0.05],[131.078,-0.05]]],[[[130.54,-0.04],[130.537,-0.035],[130.534,-0.04],[130.54,-0.04]]],[[[130.508,-0.04],[130.496,-0.033],[130.486,-0.031],[130.508,-0.04]]],[[[130.953,-0.026],[130.934,-0.021],[130.943,-0.036],[130.953,-0.026]]],[[[130.285,-0.011],[130.283,-0.014],[130.286,-0.015],[130.285,-0.011]]],[[[130.613,-0.121],[130.648,-0.1],[130.614,-0.105],[130.599,-0.091],[130.613,-0.078],[130.63,-0.094],[130.659,-0.075],[130.694,-0.077],[130.675,-0.096],[130.701,-0.094],[130.727,-0.148],[130.783,-0.173],[130.793,-0.247],[130.861,-0.239],[130.894,-0.278],[130.897,-0.308],[130.916,-0.307],[130.94,-0.352],[130.985,-0.369],[130.988,-0.343],[131.022,-0.367],[131.032,-0.346],[131.052,-0.35],[131.099,-0.314],[131.1,-0.329],[131.176,-0.342],[131.195,-0.375],[131.244,-0.387],[131.254,-0.379],[131.244,-0.346],[131.276,-0.349],[131.305,-0.307],[131.336,-0.298],[131.292,-0.247],[131.306,-0.187],[131.253,-0.14],[131.234,-0.151],[131.19,-0.134],[131.188,-0.116],[131.148,-0.084],[131.03,-0.065],[131.05,-0.056],[131.044,-0.026],[131.003,-0.049],[130.974,-0.039],[130.981,-0.059],[130.963,-0.065],[130.95,-0.039],[130.809,-0.008],[130.736,-0.026],[130.781,-0.044],[130.763,-0.054],[130.704,-0.06],[130.723,-0.027],[130.625,-0.062],[130.581,-0.041],[130.575,-0.058],[130.556,-0.034],[130.567,-0.071],[130.535,-0.055],[130.54,-0.074],[130.495,-0.045],[130.512,-0.066],[130.447,-0.078],[130.433,-0.097],[130.426,-0.072],[130.422,-0.103],[130.406,-0.099],[130.4,-0.114],[130.387,-0.109],[130.392,-0.075],[130.357,-0.074],[130.369,-0.083],[130.351,-0.09],[130.37,-0.116],[130.349,-0.134],[130.339,-0.078],[130.33,-0.112],[130.282,-0.093],[130.269,-0.142],[130.293,-0.151],[130.292,-0.177],[130.343,-0.192],[130.322,-0.142],[130.352,-0.16],[130.358,-0.139],[130.372,-0.172],[130.373,-0.16],[130.408,-0.162],[130.395,-0.127],[130.416,-0.136],[130.415,-0.165],[130.366,-0.183],[130.417,-0.178],[130.44,-0.197],[130.364,-0.242],[130.356,-0.204],[130.329,-0.221],[130.256,-0.224],[130.228,-0.205],[130.209,-0.215],[130.279,-0.23],[130.309,-0.256],[130.304,-0.276],[130.333,-0.258],[130.375,-0.283],[130.367,-0.265],[130.422,-0.263],[130.426,-0.292],[130.442,-0.291],[130.456,-0.263],[130.517,-0.251],[130.509,-0.301],[130.516,-0.315],[130.537,-0.312],[130.537,-0.391],[130.551,-0.398],[130.537,-0.436],[130.557,-0.433],[130.585,-0.386],[130.58,-0.367],[130.553,-0.373],[130.576,-0.336],[130.568,-0.325],[130.674,-0.295],[130.701,-0.33],[130.669,-0.344],[130.696,-0.367],[130.7,-0.415],[130.723,-0.446],[130.789,-0.451],[130.875,-0.429],[130.932,-0.391],[130.916,-0.371],[130.941,-0.361],[130.928,-0.359],[130.915,-0.314],[130.887,-0.325],[130.858,-0.321],[130.821,-0.296],[130.805,-0.319],[130.76,-0.293],[130.726,-0.297],[130.738,-0.283],[130.691,-0.202],[130.652,-0.155],[130.612,-0.144],[130.615,-0.133],[130.628,-0.144],[130.613,-0.121]]],[[[130.122,-0.005],[130.119,-0.005],[130.122,-0.007],[130.122,-0.005]]],[[[130.111,-0.018],[130.086,0.01],[130.105,-0.031],[130.09,-0.04],[130.089,-0.068],[130.13,-0.101],[130.159,-0.07],[130.147,-0.041],[130.108,-0.037],[130.136,-0.02],[130.111,-0.018]]],[[[130.917,-0.009],[130.961,0.007],[130.961,0.015],[130.925,0.016],[130.917,-0.009]]],[[[130.89,0.031],[130.867,0.032],[130.867,0.015],[130.886,0.01],[130.89,0.031]]],[[[131.079,0.359],[131.048,0.399],[131.031,0.382],[131.055,0.375],[131.047,0.361],[131.064,0.352],[131.079,0.359]]],[[[131.132,0.394],[131.146,0.398],[131.135,0.413],[131.132,0.394]]],[[[131.18,0.482],[131.178,0.494],[131.147,0.52],[131.156,0.491],[131.18,0.482]]],[[[131.222,0.556],[131.201,0.578],[131.179,0.576],[131.191,0.564],[131.222,0.556]]]]},"id":9201},{"type":"Feature","properties":{"code":1702},"geometry":{"type":"Polygon","coordinates":[[[102.442,-3.527],[102.472,-3.53],[102.511,-3.493],[102.594,-3.525],[102.628,-3.516],[102.655,-3.54],[102.684,-3.539],[102.677,-3.548],[102.774,-3.546],[102.818,-3.527],[102.869,-3.557],[102.902,-3.616],[102.935,-3.578],[102.946,-3.535],[102.99,-3.516],[102.999,-3.394],[102.989,-3.369],[102.963,-3.36],[102.892,-3.375],[102.882,-3.347],[102.894,-3.328],[102.87,-3.344],[102.813,-3.336],[102.773,-3.28],[102.743,-3.315],[102.675,-3.322],[102.636,-3.352],[102.493,-3.26],[102.497,-3.319],[102.448,-3.32],[102.423,-3.358],[102.386,-3.357],[102.366,-3.405],[102.396,-3.422],[102.442,-3.527]]]},"id":1702},{"type":"Feature","properties":{"code":3317},"geometry":{"type":"MultiPolygon","coordinates":[[[[111.306,-6.675],[111.306,-6.673],[111.303,-6.674],[111.306,-6.675]]],[[[111.297,-6.672],[111.3,-6.67],[111.297,-6.669],[111.297,-6.672]]],[[[111.302,-6.672],[111.305,-6.669],[111.301,-6.669],[111.302,-6.672]]],[[[111.301,-6.668],[111.301,-6.666],[111.299,-6.666],[111.301,-6.668]]],[[[111.312,-6.665],[111.316,-6.666],[111.316,-6.664],[111.312,-6.665]]],[[[111.298,-6.66],[111.302,-6.659],[111.3,-6.658],[111.298,-6.66]]],[[[111.305,-6.66],[111.305,-6.658],[111.304,-6.659],[111.305,-6.66]]],[[[111.574,-6.918],[111.607,-6.902],[111.619,-6.821],[111.658,-6.82],[111.663,-6.77],[111.684,-6.77],[111.691,-6.753],[111.562,-6.639],[111.492,-6.62],[111.464,-6.641],[111.46,-6.664],[111.379,-6.702],[111.234,-6.687],[111.233,-6.752],[111.27,-6.828],[111.255,-6.836],[111.265,-6.857],[111.377,-6.891],[111.488,-6.881],[111.574,-6.918]]]]},"id":3317},{"type":"Feature","properties":{"code":1409},"geometry":{"type":"MultiPolygon","coordinates":[[[[100.881,2.004],[100.87,2.042],[100.795,2.094],[100.843,2.023],[100.881,2.004]]],[[[100.642,2.219],[100.635,2.193],[100.683,2.162],[100.67,2.196],[100.642,2.219]]],[[[100.733,2.271],[100.704,2.247],[100.72,2.177],[100.742,2.142],[100.784,2.121],[100.776,2.158],[100.778,2.184],[100.733,2.271]]],[[[100.756,2.278],[100.737,2.276],[100.751,2.258],[100.756,2.278]]],[[[101.037,2.305],[100.985,2.306],[100.979,2.301],[101.037,2.305]]],[[[101.317,1.474],[101.333,1.496],[101.281,1.631],[101.073,1.929],[101.018,2.075],[101.012,2.144],[101.061,2.275],[101.052,2.291],[100.896,2.305],[100.796,2.292],[100.763,2.269],[100.765,2.211],[100.781,2.183],[100.789,2.118],[100.883,2.032],[100.889,1.995],[100.864,1.987],[100.773,2.081],[100.567,2.155],[100.44,2.259],[100.361,2.392],[100.322,2.544],[100.295,2.428],[100.3,2.34],[100.365,2.21],[100.363,2.168],[100.315,2.052],[100.314,1.909],[100.281,1.865],[100.277,1.813],[100.296,1.791],[100.353,1.782],[100.352,1.737],[100.32,1.68],[100.407,1.672],[100.414,1.609],[100.403,1.585],[100.425,1.502],[100.413,1.465],[100.388,1.455],[100.323,1.459],[100.321,1.477],[100.285,1.478],[100.279,1.466],[100.345,1.436],[100.333,1.433],[100.411,1.382],[100.459,1.326],[100.616,1.222],[100.664,1.29],[100.699,1.246],[100.785,1.243],[100.829,1.323],[100.931,1.397],[100.953,1.404],[100.947,1.351],[101.013,1.351],[101.168,1.441],[101.317,1.474]]],[[[100.555,2.868],[100.557,2.869],[100.554,2.866],[100.555,2.868]]],[[[100.566,2.88],[100.561,2.882],[100.566,2.876],[100.566,2.88]]]]},"id":1409},{"type":"Feature","properties":{"code":1407},"geometry":{"type":"Polygon","coordinates":[[[100.906,1.029],[100.953,1.404],[100.829,1.323],[100.785,1.243],[100.699,1.246],[100.664,1.29],[100.616,1.222],[100.459,1.326],[100.411,1.382],[100.333,1.433],[100.307,1.416],[100.265,1.422],[100.2,1.398],[100.069,1.398],[100.031,1.381],[100.029,1.326],[100.074,1.276],[100.119,1.255],[100.135,1.168],[100.183,1.124],[100.141,1.117],[100.123,1.094],[100.121,1.068],[100.14,1.06],[100.14,1.029],[100.166,0.998],[100.139,0.984],[100.147,0.965],[100.128,0.936],[100.142,0.883],[100.12,0.826],[100.211,0.735],[100.239,0.733],[100.24,0.679],[100.186,0.626],[100.176,0.572],[100.237,0.542],[100.216,0.511],[100.242,0.49],[100.259,0.432],[100.289,0.398],[100.319,0.402],[100.347,0.384],[100.419,0.423],[100.447,0.418],[100.477,0.451],[100.512,0.457],[100.571,0.532],[100.735,0.38],[100.772,0.389],[100.81,0.353],[100.838,0.375],[100.84,0.466],[100.808,0.529],[100.793,0.544],[100.771,0.528],[100.676,0.589],[100.593,0.7],[100.678,0.778],[100.612,0.807],[100.617,0.823],[100.635,0.833],[100.691,0.803],[100.703,0.832],[100.75,0.849],[100.744,0.869],[100.759,0.855],[100.771,0.865],[100.906,1.029]],[[100.744,0.869],[100.74,0.887],[100.776,0.879],[100.776,0.872],[100.744,0.869]]]},"id":1407},{"type":"Feature","properties":{"code":5314},"geometry":{"type":"MultiPolygon","coordinates":[[[[122.871,-10.968],[122.84,-10.968],[122.874,-11.007],[122.886,-10.998],[122.871,-10.968]]],[[[122.883,-10.955],[122.878,-10.952],[122.879,-10.955],[122.883,-10.955]]],[[[122.953,-10.944],[122.95,-10.942],[122.95,-10.944],[122.953,-10.944]]],[[[122.995,-10.924],[122.998,-10.926],[122.997,-10.923],[122.995,-10.924]]],[[[122.971,-10.92],[122.935,-10.915],[122.932,-10.936],[122.956,-10.938],[122.971,-10.92]]],[[[123.021,-10.908],[123.02,-10.907],[123.019,-10.907],[123.021,-10.908]]],[[[123.001,-10.909],[122.976,-10.911],[122.99,-10.925],[123.001,-10.909]]],[[[123.063,-10.871],[123.057,-10.869],[123.063,-10.877],[123.063,-10.871]]],[[[123.072,-10.862],[123.073,-10.861],[123.07,-10.86],[123.072,-10.862]]],[[[122.749,-10.828],[122.73,-10.828],[122.734,-10.835],[122.749,-10.828]]],[[[122.668,-10.8],[122.639,-10.806],[122.686,-10.833],[122.687,-10.826],[122.668,-10.8]]],[[[122.786,-10.774],[122.752,-10.775],[122.749,-10.785],[122.762,-10.789],[122.786,-10.774]]],[[[122.997,-10.731],[122.994,-10.729],[122.992,-10.731],[122.997,-10.731]]],[[[122.962,-10.727],[122.963,-10.731],[122.963,-10.729],[122.962,-10.727]]],[[[122.948,-10.732],[122.946,-10.727],[122.943,-10.731],[122.948,-10.732]]],[[[123.373,-10.54],[123.372,-10.535],[123.371,-10.538],[123.373,-10.54]]],[[[123.381,-10.538],[123.38,-10.536],[123.378,-10.539],[123.381,-10.538]]],[[[123.384,-10.535],[123.384,-10.532],[123.383,-10.536],[123.384,-10.535]]],[[[123.374,-10.535],[123.377,-10.534],[123.376,-10.531],[123.374,-10.535]]],[[[123.387,-10.533],[123.386,-10.527],[123.385,-10.535],[123.387,-10.533]]],[[[123.441,-10.491],[123.407,-10.494],[123.405,-10.518],[123.386,-10.544],[123.374,-10.544],[123.38,-10.546],[123.382,-10.56],[123.439,-10.51],[123.441,-10.491]]],[[[123.397,-10.487],[123.392,-10.489],[123.398,-10.494],[123.397,-10.487]]],[[[123.396,-10.484],[123.396,-10.482],[123.395,-10.483],[123.396,-10.484]]],[[[123.4,-10.48],[123.4,-10.478],[123.398,-10.48],[123.4,-10.48]]],[[[123.331,-10.457],[123.33,-10.455],[123.329,-10.457],[123.331,-10.457]]],[[[123.378,-10.431],[123.369,-10.478],[123.264,-10.52],[123.213,-10.579],[123.244,-10.602],[123.276,-10.579],[123.313,-10.576],[123.31,-10.593],[123.26,-10.606],[123.194,-10.593],[123.177,-10.637],[123.149,-10.652],[123.129,-10.643],[123.042,-10.729],[122.947,-10.746],[122.933,-10.736],[122.858,-10.758],[122.834,-10.774],[122.837,-10.787],[122.81,-10.781],[122.832,-10.93],[122.846,-10.943],[122.862,-10.917],[122.888,-10.91],[122.899,-10.921],[122.909,-10.91],[122.911,-10.924],[122.949,-10.904],[122.97,-10.915],[122.949,-10.892],[122.968,-10.87],[123.058,-10.863],[123.07,-10.847],[123.089,-10.856],[123.132,-10.815],[123.188,-10.836],[123.207,-10.819],[123.222,-10.829],[123.253,-10.734],[123.3,-10.72],[123.332,-10.677],[123.404,-10.684],[123.426,-10.656],[123.42,-10.613],[123.342,-10.586],[123.383,-10.568],[123.357,-10.545],[123.399,-10.505],[123.387,-10.493],[123.377,-10.502],[123.382,-10.488],[123.404,-10.471],[123.425,-10.472],[123.378,-10.431]]]]},"id":5314},{"type":"Feature","properties":{"code":5320},"geometry":{"type":"MultiPolygon","coordinates":[[[[121.283,-10.828],[121.275,-10.819],[121.269,-10.824],[121.283,-10.828]]],[[[121.634,-10.602],[121.557,-10.6],[121.518,-10.632],[121.574,-10.642],[121.634,-10.602]]],[[[122.005,-10.453],[121.907,-10.418],[121.86,-10.435],[121.833,-10.498],[121.684,-10.577],[121.749,-10.615],[121.875,-10.618],[121.946,-10.556],[121.986,-10.55],[122.005,-10.453]]]]},"id":5320},{"type":"Feature","properties":{"code":6101},"geometry":{"type":"Polygon","coordinates":[[[109.75,1.537],[109.688,1.609],[109.661,1.617],[109.66,1.693],[109.685,1.782],[109.635,1.805],[109.586,1.791],[109.582,1.835],[109.553,1.853],[109.538,1.911],[109.538,1.927],[109.566,1.945],[109.553,1.965],[109.627,1.99],[109.644,2.081],[109.584,1.99],[109.476,1.982],[109.428,1.95],[109.337,1.943],[109.322,1.926],[109.343,1.875],[109.337,1.833],[109.287,1.776],[109.3,1.768],[109.262,1.676],[109.231,1.64],[109.128,1.586],[109.056,1.521],[109.037,1.462],[109.041,1.345],[108.963,1.217],[108.971,1.176],[108.904,1.171],[108.978,0.989],[109.095,0.991],[109.096,1.004],[109.13,1.018],[109.146,1.01],[109.149,0.98],[109.187,0.964],[109.229,0.988],[109.235,1.018],[109.271,1.041],[109.421,1.051],[109.469,1.02],[109.537,1.193],[109.588,1.201],[109.599,1.216],[109.626,1.331],[109.61,1.367],[109.576,1.381],[109.609,1.388],[109.609,1.432],[109.653,1.435],[109.719,1.476],[109.75,1.537]]]},"id":6101},{"type":"Feature","properties":{"code":1217},"geometry":{"type":"MultiPolygon","coordinates":[[[[98.648,2.642],[98.644,2.641],[98.647,2.641],[98.648,2.642]]],[[[98.466,2.552],[98.449,2.525],[98.399,2.52],[98.415,2.48],[98.445,2.487],[98.473,2.464],[98.51,2.487],[98.581,2.486],[98.61,2.453],[98.614,2.398],[98.659,2.425],[98.749,2.439],[98.839,2.351],[98.808,2.395],[98.807,2.428],[98.779,2.437],[98.768,2.479],[98.749,2.491],[98.715,2.55],[98.693,2.533],[98.656,2.56],[98.689,2.565],[98.672,2.576],[98.692,2.61],[98.615,2.643],[98.626,2.684],[98.594,2.733],[98.573,2.731],[98.554,2.583],[98.49,2.546],[98.466,2.552]]],[[[98.745,2.757],[98.743,2.756],[98.747,2.755],[98.745,2.757]]],[[[98.734,2.759],[98.696,2.73],[98.682,2.642],[98.725,2.536],[98.756,2.502],[98.795,2.497],[98.801,2.465],[98.819,2.473],[98.874,2.43],[98.923,2.433],[98.991,2.462],[98.972,2.51],[98.907,2.565],[98.888,2.622],[98.851,2.664],[98.863,2.672],[98.83,2.684],[98.796,2.732],[98.734,2.759]]]]},"id":1217},{"type":"Feature","properties":{"code":3527},"geometry":{"type":"MultiPolygon","coordinates":[[[[113.224,-7.311],[113.202,-7.309],[113.213,-7.314],[113.224,-7.311]]],[[[113.04,-7.212],[113.097,-7.228],[113.15,-7.224],[113.152,-7.205],[113.171,-7.227],[113.393,-7.217],[113.385,-7.19],[113.379,-7.209],[113.373,-7.197],[113.379,-7.149],[113.356,-7.153],[113.363,-7.101],[113.393,-7.073],[113.392,-7.034],[113.421,-7.011],[113.422,-6.984],[113.477,-6.924],[113.483,-6.896],[113.124,-6.892],[113.115,-6.936],[113.101,-6.931],[113.095,-6.945],[113.108,-6.953],[113.105,-6.987],[113.147,-6.984],[113.133,-7.035],[113.115,-7.031],[113.11,-7.047],[113.115,-7.116],[113.107,-7.107],[113.092,-7.133],[113.097,-7.157],[113.057,-7.163],[113.048,-7.184],[113.06,-7.196],[113.04,-7.212]]]]},"id":3527},{"type":"Feature","properties":{"code":6105},"geometry":{"type":"Polygon","coordinates":[[[110.122,1.019],[110.224,0.98],[110.202,0.926],[110.265,0.867],[110.244,0.847],[110.181,0.836],[110.176,0.808],[110.195,0.758],[110.239,0.724],[110.245,0.696],[110.219,0.623],[110.235,0.583],[110.262,0.588],[110.256,0.549],[110.2,0.526],[110.207,0.483],[110.187,0.485],[110.159,0.45],[110.212,0.418],[110.188,0.382],[110.151,0.375],[110.132,0.318],[110.142,0.267],[110.132,0.218],[110.053,0.215],[110.013,0.168],[109.95,0.165],[109.912,0.107],[109.86,0.075],[109.864,0.038],[109.834,0.019],[109.847,-0.045],[109.903,-0.106],[109.903,-0.132],[109.919,-0.151],[109.938,-0.143],[109.941,-0.224],[109.965,-0.281],[109.931,-0.315],[109.948,-0.346],[109.922,-0.356],[109.92,-0.398],[109.971,-0.433],[109.946,-0.442],[109.971,-0.461],[109.958,-0.486],[109.975,-0.498],[110.036,-0.436],[110.039,-0.399],[110.057,-0.385],[110.098,-0.396],[110.108,-0.427],[110.15,-0.435],[110.213,-0.419],[110.251,-0.443],[110.299,-0.448],[110.318,-0.409],[110.366,-0.395],[110.371,-0.412],[110.35,-0.437],[110.39,-0.474],[110.414,-0.434],[110.402,-0.377],[110.458,-0.33],[110.528,-0.338],[110.561,-0.365],[110.56,-0.258],[110.605,-0.237],[110.63,-0.204],[110.641,-0.146],[110.701,-0.168],[110.749,-0.164],[110.714,-0.078],[110.718,-0.039],[110.753,0.013],[110.749,0.06],[110.855,0.1],[110.873,0.123],[110.888,0.214],[110.921,0.229],[110.935,0.257],[110.973,0.359],[110.945,0.4],[110.942,0.461],[111.001,0.562],[111.008,0.685],[111.053,0.737],[110.991,0.754],[110.904,0.73],[110.867,0.758],[110.816,0.75],[110.781,0.809],[110.809,0.865],[110.776,0.891],[110.797,0.906],[110.771,0.932],[110.755,0.899],[110.716,0.906],[110.694,0.863],[110.653,0.875],[110.651,0.903],[110.632,0.894],[110.628,0.869],[110.575,0.853],[110.49,0.876],[110.438,0.917],[110.439,0.943],[110.405,0.953],[110.396,0.997],[110.358,0.983],[110.339,1.012],[110.325,0.992],[110.307,1.003],[110.276,0.996],[110.286,1.044],[110.26,1.057],[110.241,1.117],[110.21,1.118],[110.212,1.15],[110.193,1.182],[110.159,1.198],[110.132,1.199],[110.071,1.128],[110.078,1.109],[110.129,1.087],[110.112,1.066],[110.137,1.031],[110.122,1.019]]]},"id":6105},{"type":"Feature","properties":{"code":9419},"geometry":{"type":"MultiPolygon","coordinates":[[[[139.572,-2.237],[139.572,-2.235],[139.571,-2.237],[139.572,-2.237]]],[[[139.528,-2.209],[139.531,-2.206],[139.527,-2.206],[139.528,-2.209]]],[[[139.515,-2.139],[139.513,-2.127],[139.506,-2.125],[139.515,-2.139]]],[[[139.471,-2.121],[139.478,-2.12],[139.477,-2.113],[139.471,-2.121]]],[[[139.452,-2.118],[139.46,-2.113],[139.457,-2.111],[139.452,-2.118]]],[[[139.238,-2.035],[139.241,-2.033],[139.238,-2.032],[139.238,-2.035]]],[[[139.247,-2.004],[139.24,-2.008],[139.251,-2.014],[139.247,-2.004]]],[[[139.139,-2.004],[139.132,-2.009],[139.135,-2.011],[139.139,-2.004]]],[[[139.007,-1.95],[139.01,-1.946],[139.004,-1.949],[139.007,-1.95]]],[[[139.024,-1.934],[139.008,-1.933],[139.0,-1.937],[139.018,-1.948],[139.024,-1.934]]],[[[138.766,-1.868],[138.766,-1.863],[138.762,-1.868],[138.766,-1.868]]],[[[138.8,-1.663],[138.789,-1.673],[138.797,-1.706],[138.805,-1.678],[138.8,-1.663]]],[[[138.777,-1.644],[138.774,-1.64],[138.772,-1.644],[138.777,-1.644]]],[[[139.999,-2.362],[139.81,-2.377],[139.755,-2.358],[139.362,-2.146],[139.249,-2.109],[139.124,-2.03],[138.992,-1.972],[138.905,-1.954],[138.863,-1.965],[138.789,-1.92],[138.748,-1.866],[138.751,-1.846],[138.738,-1.853],[138.663,-1.792],[138.362,-1.716],[138.168,-1.634],[138.179,-1.68],[138.163,-1.681],[138.16,-1.701],[138.174,-1.744],[138.131,-1.853],[138.137,-1.94],[138.239,-1.991],[138.25,-1.983],[138.25,-1.999],[138.259,-1.988],[138.262,-2.025],[138.248,-2.035],[138.265,-2.051],[138.288,-2.044],[138.286,-2.063],[138.31,-2.068],[138.292,-2.081],[138.318,-2.088],[138.326,-2.111],[138.312,-2.119],[138.352,-2.142],[138.348,-2.177],[138.356,-2.169],[138.394,-2.191],[138.4,-2.178],[138.417,-2.208],[138.42,-2.197],[138.444,-2.204],[138.44,-2.214],[138.472,-2.22],[138.533,-2.267],[138.607,-2.264],[138.724,-2.422],[138.721,-2.477],[138.621,-2.645],[139.111,-2.902],[139.102,-2.924],[139.138,-2.941],[139.136,-2.991],[139.117,-2.99],[139.123,-3.03],[139.092,-3.073],[139.06,-3.088],[139.039,-3.129],[139.026,-3.126],[139.033,-3.141],[139.016,-3.146],[139.021,-3.186],[139.001,-3.193],[139.002,-3.223],[139.019,-3.284],[139.038,-3.293],[139.058,-3.276],[139.088,-3.28],[139.097,-3.308],[139.083,-3.31],[139.083,-3.287],[139.067,-3.296],[139.076,-3.336],[139.1,-3.328],[139.112,-3.388],[139.127,-3.355],[139.14,-3.361],[139.138,-3.419],[139.181,-3.423],[139.194,-3.447],[139.265,-3.416],[139.255,-3.454],[139.27,-3.439],[139.279,-3.467],[139.306,-3.47],[139.328,-3.445],[139.337,-3.484],[139.38,-3.463],[139.361,-3.449],[139.366,-3.436],[139.426,-3.446],[139.436,-3.462],[139.461,-3.458],[139.443,-3.428],[139.476,-3.411],[139.469,-3.398],[139.495,-3.368],[139.512,-3.307],[139.486,-3.247],[139.493,-3.203],[139.475,-3.187],[139.477,-3.168],[139.515,-3.132],[139.492,-3.096],[139.422,-2.47],[139.746,-2.402],[139.983,-2.429],[139.999,-2.362]]],[[[138.747,-1.624],[138.716,-1.579],[138.718,-1.618],[138.747,-1.624]]]]},"id":9419},{"type":"Feature","properties":{"code":1503},"geometry":{"type":"Polygon","coordinates":[[[102.599,-1.91],[102.459,-1.897],[102.487,-2.011],[102.577,-2.099],[102.614,-2.102],[102.63,-2.147],[102.574,-2.202],[102.46,-2.195],[102.424,-2.246],[102.403,-2.313],[102.352,-2.379],[102.301,-2.386],[102.292,-2.35],[102.222,-2.397],[102.123,-2.416],[102.156,-2.508],[102.093,-2.564],[102.103,-2.601],[102.063,-2.621],[102.087,-2.69],[102.072,-2.764],[102.091,-2.769],[102.125,-2.729],[102.234,-2.691],[102.25,-2.631],[102.276,-2.613],[102.327,-2.654],[102.387,-2.646],[102.406,-2.689],[102.468,-2.703],[102.489,-2.705],[102.518,-2.676],[102.598,-2.677],[102.64,-2.611],[102.677,-2.603],[102.715,-2.57],[102.728,-2.586],[102.796,-2.533],[102.793,-2.504],[102.875,-2.409],[102.871,-2.385],[102.849,-2.385],[102.839,-2.358],[102.84,-2.337],[102.876,-2.304],[102.989,-2.34],[103.034,-2.339],[103.032,-2.321],[103.054,-2.312],[103.142,-2.36],[103.212,-2.317],[103.206,-2.276],[103.179,-2.249],[103.178,-2.208],[103.188,-2.16],[103.222,-2.141],[103.22,-2.115],[103.159,-1.997],[103.195,-1.937],[103.123,-1.957],[103.051,-1.937],[102.979,-1.943],[102.946,-1.982],[102.858,-2.009],[102.811,-1.992],[102.814,-1.949],[102.711,-1.959],[102.599,-1.91]]]},"id":1503},{"type":"Feature","properties":{"code":6109},"geometry":{"type":"Polygon","coordinates":[[[111.088,-0.495],[111.034,-0.416],[111.028,-0.327],[111.087,-0.253],[111.096,-0.138],[111.135,-0.112],[111.145,-0.07],[111.148,0.001],[111.123,0.085],[111.159,0.102],[111.214,0.061],[111.238,0.121],[111.274,0.132],[111.26,0.204],[111.273,0.245],[111.26,0.246],[111.259,0.294],[111.231,0.306],[111.217,0.357],[111.267,0.375],[111.258,0.427],[111.295,0.524],[111.269,0.589],[111.207,0.6],[111.1,0.727],[111.06,0.74],[111.008,0.685],[111.001,0.562],[110.942,0.461],[110.945,0.4],[110.973,0.359],[110.935,0.257],[110.921,0.229],[110.888,0.214],[110.873,0.123],[110.855,0.1],[110.749,0.06],[110.753,0.013],[110.718,-0.039],[110.714,-0.078],[110.749,-0.164],[110.701,-0.168],[110.641,-0.146],[110.63,-0.204],[110.605,-0.237],[110.56,-0.258],[110.569,-0.285],[110.554,-0.332],[110.566,-0.379],[110.616,-0.459],[110.636,-0.619],[110.731,-0.629],[110.803,-0.601],[110.843,-0.567],[110.866,-0.49],[110.899,-0.459],[111.017,-0.503],[111.088,-0.495]]]},"id":6109},{"type":"Feature","properties":{"code":1705},"geometry":{"type":"Polygon","coordinates":[[[102.999,-4.158],[102.919,-4.096],[102.913,-4.063],[102.93,-4.047],[102.956,-4.056],[102.997,-4.019],[102.961,-4.019],[102.911,-3.971],[102.86,-3.992],[102.845,-3.976],[102.816,-3.981],[102.775,-3.915],[102.689,-3.861],[102.659,-3.817],[102.618,-3.801],[102.563,-3.806],[102.552,-3.835],[102.398,-3.862],[102.315,-3.911],[102.303,-3.944],[102.269,-3.923],[102.28,-3.964],[102.332,-4.009],[102.8,-4.359],[102.846,-4.34],[102.861,-4.283],[102.885,-4.263],[102.901,-4.179],[102.934,-4.185],[102.999,-4.158]]]},"id":1705},{"type":"Feature","properties":{"code":3322},"geometry":{"type":"MultiPolygon","coordinates":[[[[110.571,-7.445],[110.572,-7.442],[110.564,-7.442],[110.571,-7.445]]],[[[110.636,-7.263],[110.606,-7.194],[110.546,-7.194],[110.561,-7.142],[110.516,-7.13],[110.499,-7.096],[110.467,-7.079],[110.402,-7.113],[110.377,-7.11],[110.376,-7.094],[110.353,-7.106],[110.35,-7.157],[110.371,-7.148],[110.398,-7.166],[110.362,-7.174],[110.34,-7.2],[110.284,-7.187],[110.251,-7.197],[110.271,-7.252],[110.327,-7.296],[110.313,-7.308],[110.379,-7.334],[110.381,-7.354],[110.403,-7.365],[110.439,-7.453],[110.463,-7.409],[110.508,-7.407],[110.517,-7.438],[110.544,-7.433],[110.555,-7.451],[110.558,-7.431],[110.569,-7.425],[110.571,-7.44],[110.579,-7.425],[110.599,-7.447],[110.58,-7.445],[110.589,-7.464],[110.577,-7.462],[110.602,-7.49],[110.66,-7.496],[110.661,-7.474],[110.629,-7.464],[110.648,-7.447],[110.618,-7.446],[110.635,-7.429],[110.624,-7.382],[110.646,-7.332],[110.612,-7.333],[110.599,-7.315],[110.601,-7.291],[110.621,-7.289],[110.621,-7.268],[110.636,-7.263]],[[110.468,-7.295],[110.52,-7.292],[110.534,-7.357],[110.515,-7.362],[110.51,-7.386],[110.477,-7.374],[110.468,-7.295]]]]},"id":3322},{"type":"Feature","properties":{"code":8106},"geometry":{"type":"MultiPolygon","coordinates":[[[[127.59,-3.354],[127.586,-3.361],[127.592,-3.361],[127.59,-3.354]]],[[[127.474,-3.3],[127.47,-3.303],[127.475,-3.303],[127.474,-3.3]]],[[[128.149,-3.299],[128.139,-3.308],[128.138,-3.314],[128.143,-3.311],[128.149,-3.299]]],[[[127.615,-3.301],[127.614,-3.297],[127.612,-3.299],[127.615,-3.301]]],[[[127.534,-3.256],[127.531,-3.262],[127.538,-3.259],[127.534,-3.256]]],[[[127.572,-3.255],[127.559,-3.266],[127.551,-3.259],[127.532,-3.266],[127.522,-3.259],[127.526,-3.28],[127.488,-3.307],[127.507,-3.33],[127.6,-3.348],[127.616,-3.369],[127.656,-3.366],[127.625,-3.306],[127.614,-3.307],[127.58,-3.264],[127.57,-3.267],[127.572,-3.255]]],[[[127.563,-3.251],[127.542,-3.254],[127.56,-3.261],[127.563,-3.251]]],[[[128.172,-3.231],[128.17,-3.215],[128.155,-3.231],[128.172,-3.231]]],[[[127.835,-3.155],[127.785,-3.151],[127.775,-3.155],[127.806,-3.172],[127.804,-3.156],[127.835,-3.155]]],[[[127.761,-3.151],[127.721,-3.159],[127.638,-3.226],[127.707,-3.26],[127.75,-3.248],[127.79,-3.256],[127.799,-3.181],[127.761,-3.151]]],[[[127.936,-3.119],[127.939,-3.117],[127.937,-3.115],[127.936,-3.119]]],[[[127.934,-3.109],[127.935,-3.107],[127.932,-3.107],[127.934,-3.109]]],[[[127.932,-3.106],[127.93,-3.105],[127.93,-3.107],[127.932,-3.106]]],[[[127.931,-3.101],[127.927,-3.101],[127.928,-3.102],[127.931,-3.101]]],[[[127.94,-3.1],[127.939,-3.099],[127.939,-3.1],[127.94,-3.1]]],[[[127.936,-3.1],[127.937,-3.098],[127.936,-3.098],[127.936,-3.1]]],[[[127.946,-3.099],[127.946,-3.096],[127.945,-3.098],[127.946,-3.099]]],[[[128.024,-3.07],[128.029,-3.07],[128.028,-3.069],[128.024,-3.07]]],[[[128.079,-3.056],[128.082,-3.053],[128.081,-3.052],[128.079,-3.056]]],[[[128.088,-3.048],[128.092,-3.051],[128.091,-3.046],[128.088,-3.048]]],[[[127.832,-3.038],[127.831,-3.036],[127.83,-3.036],[127.832,-3.038]]],[[[128.072,-3.034],[128.075,-3.035],[128.075,-3.032],[128.072,-3.034]]],[[[128.076,-3.021],[128.07,-3.023],[128.079,-3.022],[128.076,-3.021]]],[[[128.081,-3.021],[128.085,-3.021],[128.085,-3.02],[128.081,-3.021]]],[[[128.059,-2.996],[128.05,-2.999],[128.05,-3.018],[128.055,-3.016],[128.059,-2.996]]],[[[127.866,-2.963],[127.869,-2.964],[127.868,-2.96],[127.866,-2.963]]],[[[127.899,-2.925],[127.901,-2.923],[127.897,-2.925],[127.899,-2.925]]],[[[127.922,-2.924],[127.898,-2.932],[127.874,-2.958],[127.909,-2.948],[127.922,-2.924]]],[[[127.908,-2.923],[127.907,-2.917],[127.904,-2.923],[127.908,-2.923]]],[[[127.99,-2.923],[127.913,-2.919],[127.937,-2.928],[127.941,-2.94],[127.924,-2.934],[127.906,-2.954],[127.877,-2.961],[127.869,-3.004],[127.828,-3.034],[127.923,-3.034],[128.003,-2.942],[127.99,-2.923]]],[[[128.753,-2.851],[128.704,-2.861],[128.663,-2.839],[128.563,-2.853],[128.51,-2.833],[128.471,-2.851],[128.434,-2.847],[128.398,-2.87],[128.349,-2.859],[128.266,-2.868],[128.237,-2.853],[128.163,-2.863],[128.164,-2.883],[128.129,-2.905],[128.134,-2.936],[128.071,-2.972],[128.079,-2.987],[128.119,-2.974],[128.122,-3.0],[128.087,-3.021],[128.114,-3.065],[128.004,-3.072],[128.001,-3.084],[127.999,-3.07],[127.977,-3.095],[127.985,-3.107],[127.951,-3.106],[127.912,-3.15],[127.837,-3.157],[127.872,-3.189],[127.888,-3.271],[127.923,-3.302],[127.943,-3.352],[127.894,-3.491],[127.921,-3.568],[127.96,-3.528],[127.945,-3.467],[127.984,-3.384],[128.016,-3.381],[128.054,-3.341],[128.083,-3.145],[128.161,-3.067],[128.199,-3.079],[128.195,-3.14],[128.171,-3.14],[128.172,-3.164],[128.158,-3.16],[128.178,-3.226],[128.202,-3.218],[128.192,-3.198],[128.221,-3.217],[128.253,-3.197],[128.248,-3.207],[128.27,-3.204],[128.333,-3.329],[128.414,-3.435],[128.46,-3.458],[128.521,-3.458],[128.595,-3.426],[128.674,-3.433],[128.697,-3.414],[128.67,-3.39],[128.679,-3.36],[128.779,-3.265],[128.842,-3.239],[128.775,-3.042],[128.752,-3.031],[128.741,-2.962],[128.753,-2.967],[128.763,-2.938],[128.753,-2.851]]],[[[128.752,-1.523],[128.752,-1.517],[128.748,-1.522],[128.752,-1.523]]],[[[128.716,-1.514],[128.704,-1.511],[128.712,-1.518],[128.716,-1.514]]],[[[128.723,-1.518],[128.736,-1.509],[128.727,-1.505],[128.723,-1.518]]],[[[128.63,-1.502],[128.646,-1.508],[128.645,-1.499],[128.63,-1.502]]],[[[128.651,-1.486],[128.662,-1.487],[128.66,-1.481],[128.651,-1.486]]],[[[128.936,-1.393],[128.937,-1.392],[128.935,-1.393],[128.936,-1.393]]],[[[128.929,-1.39],[128.911,-1.384],[128.916,-1.398],[128.929,-1.39]]]]},"id":8106},{"type":"Feature","properties":{"code":8107},"geometry":{"type":"MultiPolygon","coordinates":[[[[131.865,-4.761],[131.866,-4.755],[131.864,-4.758],[131.865,-4.761]]],[[[131.759,-4.739],[131.728,-4.7],[131.74,-4.788],[131.759,-4.739]]],[[[131.709,-4.608],[131.688,-4.592],[131.706,-4.612],[131.709,-4.608]]],[[[131.788,-4.545],[131.783,-4.541],[131.786,-4.545],[131.788,-4.545]]],[[[131.609,-4.423],[131.631,-4.451],[131.654,-4.534],[131.68,-4.539],[131.68,-4.505],[131.609,-4.423]]],[[[131.606,-4.416],[131.577,-4.378],[131.591,-4.408],[131.606,-4.416]]],[[[131.558,-4.345],[131.555,-4.347],[131.557,-4.348],[131.558,-4.345]]],[[[131.296,-4.075],[131.272,-4.08],[131.299,-4.126],[131.365,-4.145],[131.382,-4.174],[131.4,-4.17],[131.377,-4.127],[131.296,-4.075]]],[[[131.242,-4.055],[131.23,-3.99],[131.205,-3.98],[131.219,-4.036],[131.242,-4.055]]],[[[131.422,-3.951],[131.366,-3.973],[131.417,-4.071],[131.438,-4.078],[131.447,-4.039],[131.422,-3.951]]],[[[131.204,-3.926],[131.203,-3.923],[131.199,-3.924],[131.204,-3.926]]],[[[131.171,-3.919],[131.165,-3.919],[131.181,-3.919],[131.171,-3.919]]],[[[130.988,-3.912],[130.987,-3.913],[130.989,-3.913],[130.988,-3.912]]],[[[131.047,-3.915],[131.049,-3.912],[131.046,-3.913],[131.047,-3.915]]],[[[130.916,-3.905],[130.917,-3.904],[130.915,-3.905],[130.916,-3.905]]],[[[130.896,-3.898],[130.894,-3.897],[130.897,-3.898],[130.896,-3.898]]],[[[130.891,-3.895],[130.892,-3.894],[130.888,-3.896],[130.891,-3.895]]],[[[130.86,-3.889],[130.861,-3.885],[130.859,-3.888],[130.86,-3.889]]],[[[130.864,-3.885],[130.864,-3.884],[130.863,-3.884],[130.864,-3.885]]],[[[130.901,-3.882],[130.894,-3.88],[130.896,-3.887],[130.901,-3.882]]],[[[130.961,-3.876],[130.958,-3.877],[130.964,-3.883],[130.961,-3.876]]],[[[130.856,-3.867],[130.862,-3.873],[130.867,-3.875],[130.856,-3.867]]],[[[130.935,-3.869],[130.913,-3.886],[130.912,-3.901],[130.956,-3.883],[130.935,-3.869]]],[[[130.819,-3.852],[130.8,-3.852],[130.796,-3.863],[130.821,-3.87],[130.819,-3.852]]],[[[130.716,-3.844],[130.72,-3.843],[130.718,-3.84],[130.716,-3.844]]],[[[130.875,-3.662],[130.88,-3.661],[130.878,-3.658],[130.875,-3.662]]],[[[130.875,-3.528],[130.867,-3.528],[130.873,-3.532],[130.875,-3.528]]],[[[130.792,-3.333],[130.799,-3.307],[130.775,-3.297],[130.762,-3.314],[130.792,-3.333]]],[[[129.858,-3.336],[129.927,-3.338],[129.957,-3.356],[129.97,-3.426],[130.015,-3.482],[130.099,-3.5],[130.131,-3.531],[130.296,-3.586],[130.327,-3.614],[130.415,-3.631],[130.483,-3.707],[130.566,-3.72],[130.61,-3.765],[130.614,-3.793],[130.684,-3.804],[130.754,-3.837],[130.767,-3.827],[130.776,-3.848],[130.818,-3.85],[130.828,-3.875],[130.849,-3.87],[130.82,-3.832],[130.832,-3.784],[130.821,-3.702],[130.832,-3.659],[130.875,-3.624],[130.882,-3.589],[130.806,-3.488],[130.815,-3.468],[130.842,-3.467],[130.84,-3.455],[130.804,-3.406],[130.662,-3.401],[130.632,-3.34],[130.638,-3.281],[130.599,-3.147],[130.553,-3.107],[130.495,-3.103],[130.384,-2.988],[130.316,-2.972],[130.195,-3.01],[130.176,-3.007],[130.169,-2.988],[130.11,-2.995],[130.105,-3.139],[130.084,-3.208],[130.044,-3.181],[129.912,-3.167],[129.899,-3.259],[129.858,-3.336]]]]},"id":8107},{"type":"Feature","properties":{"code":3604},"geometry":{"type":"MultiPolygon","coordinates":[[[[106.22,-5.943],[106.216,-5.941],[106.215,-5.942],[106.22,-5.943]]],[[[105.856,-5.937],[105.829,-5.95],[105.848,-5.958],[105.851,-5.98],[105.866,-5.967],[105.856,-5.937]]],[[[106.168,-5.932],[106.16,-5.921],[106.139,-5.922],[106.152,-5.944],[106.168,-5.932]]],[[[106.094,-5.902],[106.092,-5.899],[106.091,-5.901],[106.094,-5.902]]],[[[105.923,-6.046],[105.883,-6.07],[105.825,-6.242],[105.876,-6.241],[105.884,-6.221],[105.929,-6.279],[105.946,-6.237],[105.95,-6.248],[105.981,-6.243],[106.001,-6.275],[106.041,-6.275],[106.083,-6.231],[106.1,-6.231],[106.132,-6.258],[106.174,-6.251],[106.17,-6.29],[106.211,-6.29],[106.222,-6.311],[106.245,-6.297],[106.259,-6.31],[106.276,-6.301],[106.318,-6.335],[106.401,-6.331],[106.387,-6.23],[106.366,-6.214],[106.392,-6.151],[106.35,-6.109],[106.339,-6.063],[106.411,-6.023],[106.389,-5.977],[106.364,-5.978],[106.354,-5.961],[106.326,-5.983],[106.265,-5.957],[106.243,-5.967],[106.242,-5.991],[106.216,-6.016],[106.23,-6.097],[106.217,-6.129],[106.241,-6.13],[106.254,-6.151],[106.224,-6.198],[106.194,-6.201],[106.197,-6.217],[106.135,-6.203],[106.149,-6.169],[106.122,-6.167],[106.111,-6.181],[106.065,-6.175],[106.071,-6.126],[106.147,-6.067],[106.149,-6.035],[106.098,-5.981],[106.112,-5.981],[106.099,-5.977],[106.113,-5.974],[106.102,-5.947],[106.114,-5.93],[106.072,-5.882],[106.041,-5.876],[106.033,-5.934],[106.061,-5.955],[106.062,-5.989],[106.087,-6.002],[106.082,-6.037],[106.05,-6.075],[106.02,-6.078],[106.029,-6.04],[105.984,-6.037],[105.988,-6.053],[105.963,-6.058],[105.923,-6.046]]],[[[106.291,-5.808],[106.253,-5.81],[106.294,-5.812],[106.291,-5.808]]]]},"id":3604},{"type":"Feature","properties":{"code":1218},"geometry":{"type":"Polygon","coordinates":[[[99.228,3.244],[99.314,3.443],[99.292,3.463],[99.296,3.479],[99.28,3.472],[99.204,3.533],[98.968,3.66],[98.955,3.682],[98.944,3.676],[98.938,3.624],[98.918,3.599],[98.936,3.515],[98.914,3.448],[98.919,3.367],[98.844,3.337],[98.796,3.298],[98.752,3.239],[98.75,3.209],[98.84,3.222],[98.864,3.26],[98.909,3.253],[98.957,3.28],[98.939,3.207],[99.005,3.205],[98.964,3.143],[98.986,3.123],[98.98,3.078],[98.927,3.015],[98.957,3.015],[98.999,3.027],[99.032,3.109],[99.157,3.167],[99.228,3.244]],[[99.171,3.376],[99.167,3.35],[99.193,3.351],[99.182,3.332],[99.192,3.31],[99.138,3.309],[99.136,3.277],[99.118,3.301],[99.132,3.308],[99.128,3.327],[99.114,3.337],[99.128,3.349],[99.154,3.341],[99.166,3.355],[99.154,3.367],[99.171,3.376]]]},"id":1218},{"type":"Feature","properties":{"code":6208},"geometry":{"type":"Polygon","coordinates":[[[112.151,-0.728],[112.091,-0.698],[112.021,-0.79],[111.922,-0.793],[111.917,-0.841],[111.888,-0.841],[111.825,-0.911],[111.749,-0.912],[111.7,-0.953],[111.64,-0.972],[111.622,-0.999],[111.623,-1.064],[111.568,-1.109],[111.558,-1.201],[111.516,-1.222],[111.462,-1.215],[111.383,-1.28],[111.394,-1.326],[111.446,-1.392],[111.518,-1.419],[111.623,-1.42],[111.735,-1.501],[111.781,-1.554],[111.853,-1.595],[111.885,-1.636],[111.88,-1.674],[111.905,-1.717],[111.954,-1.733],[111.954,-1.822],[111.99,-1.898],[112.073,-1.964],[112.09,-2.001],[112.02,-2.095],[111.983,-2.239],[111.99,-2.289],[112.024,-2.3],[112.059,-2.409],[112.014,-2.529],[111.97,-2.737],[111.989,-2.809],[112.054,-2.888],[112.046,-3.007],[111.932,-3.312],[111.818,-3.533],[111.853,-3.541],[111.904,-3.539],[112.081,-3.403],[112.25,-3.315],[112.308,-3.31],[112.38,-3.331],[112.479,-3.41],[112.562,-3.446],[112.568,-3.43],[112.636,-3.406],[112.684,-3.362],[112.873,-3.265],[112.81,-3.042],[112.87,-2.83],[112.607,-2.682],[112.48,-2.581],[112.459,-2.404],[112.434,-2.39],[112.429,-2.328],[112.408,-2.328],[112.408,-2.267],[112.373,-2.267],[112.373,-2.197],[112.333,-2.181],[112.283,-2.095],[112.284,-1.974],[112.251,-1.831],[112.089,-1.643],[112.072,-1.598],[112.078,-1.543],[112.112,-1.494],[112.132,-1.411],[112.099,-0.99],[112.18,-0.796],[112.151,-0.728]]]},"id":6208},{"type":"Feature","properties":{"code":1405},"geometry":{"type":"Polygon","coordinates":[[[100.932,1.248],[100.906,1.029],[101.305,0.8],[101.334,0.797],[101.317,0.694],[101.378,0.662],[101.397,0.692],[101.44,0.665],[101.489,0.651],[101.54,0.658],[101.549,0.638],[101.571,0.638],[101.591,0.606],[101.578,0.597],[101.578,0.542],[101.595,0.529],[101.664,0.537],[101.671,0.407],[101.692,0.419],[101.697,0.445],[101.717,0.449],[101.794,0.407],[101.844,0.449],[101.849,0.475],[101.831,0.507],[101.885,0.51],[101.878,0.449],[101.908,0.454],[101.919,0.52],[101.973,0.55],[101.977,0.571],[102.848,0.666],[102.9,0.72],[102.849,0.738],[102.767,0.731],[102.695,0.754],[102.593,0.736],[102.528,0.744],[102.41,0.808],[102.334,0.904],[102.225,1.0],[102.191,1.087],[102.207,1.193],[102.179,1.23],[102.163,1.191],[102.131,1.176],[101.968,0.96],[101.914,0.962],[101.901,0.947],[101.84,0.946],[101.884,1.043],[101.85,1.137],[101.813,1.168],[101.711,1.197],[101.539,0.925],[101.433,1.016],[101.339,1.028],[101.282,1.06],[101.23,1.006],[100.932,1.248]]]},"id":1405},{"type":"Feature","properties":{"code":7108},"geometry":{"type":"MultiPolygon","coordinates":[[[[125.333,2.085],[125.332,2.09],[125.331,2.087],[125.333,2.085]]],[[[125.34,2.099],[125.34,2.097],[125.341,2.098],[125.34,2.099]]],[[[125.346,2.104],[125.342,2.104],[125.342,2.099],[125.346,2.104]]],[[[125.352,2.112],[125.35,2.12],[125.346,2.113],[125.352,2.112]]],[[[125.366,2.124],[125.37,2.125],[125.367,2.128],[125.366,2.124]]],[[[125.406,2.101],[125.41,2.133],[125.39,2.112],[125.365,2.118],[125.36,2.129],[125.364,2.104],[125.336,2.081],[125.358,2.072],[125.362,2.088],[125.406,2.101]]],[[[125.378,2.326],[125.356,2.321],[125.342,2.303],[125.377,2.29],[125.378,2.326]]],[[[125.299,2.348],[125.302,2.364],[125.296,2.361],[125.299,2.348]]],[[[125.403,2.366],[125.39,2.383],[125.369,2.361],[125.404,2.321],[125.443,2.316],[125.466,2.349],[125.433,2.383],[125.403,2.366]]],[[[125.476,2.646],[125.475,2.646],[125.475,2.644],[125.476,2.646]]],[[[125.489,2.653],[125.481,2.656],[125.488,2.647],[125.489,2.653]]],[[[125.477,2.66],[125.474,2.66],[125.476,2.659],[125.477,2.66]]],[[[125.475,2.664],[125.476,2.664],[125.473,2.666],[125.475,2.664]]],[[[125.466,2.64],[125.462,2.673],[125.449,2.669],[125.46,2.655],[125.442,2.638],[125.466,2.64]]],[[[125.448,2.684],[125.461,2.679],[125.462,2.689],[125.448,2.684]]],[[[125.175,2.722],[125.186,2.734],[125.177,2.744],[125.168,2.736],[125.175,2.722]]],[[[125.421,2.809],[125.375,2.797],[125.359,2.737],[125.377,2.649],[125.405,2.631],[125.431,2.649],[125.392,2.682],[125.4,2.711],[125.455,2.77],[125.421,2.809]]]]},"id":7108},{"type":"Feature","properties":{"code":7314},"geometry":{"type":"Polygon","coordinates":[[[119.749,-4.129],[119.805,-4.131],[119.807,-4.111],[119.849,-4.098],[119.892,-4.107],[119.905,-4.066],[119.886,-4.019],[119.916,-3.932],[120.005,-3.925],[120.022,-3.936],[120.057,-3.854],[120.13,-3.846],[120.154,-3.797],[120.15,-3.773],[120.192,-3.773],[120.237,-3.707],[120.296,-3.717],[120.331,-3.679],[120.321,-3.649],[120.198,-3.584],[120.17,-3.497],[120.096,-3.483],[120.094,-3.502],[120.041,-3.541],[120.015,-3.609],[119.991,-3.629],[119.995,-3.659],[119.95,-3.66],[119.927,-3.679],[119.94,-3.761],[119.969,-3.788],[119.96,-3.801],[119.877,-3.819],[119.796,-3.723],[119.782,-3.718],[119.777,-3.737],[119.756,-3.745],[119.745,-3.784],[119.756,-3.8],[119.724,-3.895],[119.664,-3.961],[119.701,-4.019],[119.707,-4.079],[119.749,-4.129]]]},"id":7314},{"type":"Feature","properties":{"code":3515},"geometry":{"type":"Polygon","coordinates":[[[112.542,-7.405],[112.483,-7.41],[112.456,-7.446],[112.57,-7.478],[112.663,-7.559],[112.706,-7.544],[112.726,-7.571],[112.762,-7.574],[112.832,-7.552],[112.847,-7.579],[112.881,-7.577],[112.869,-7.532],[112.812,-7.479],[112.84,-7.479],[112.839,-7.33],[112.812,-7.346],[112.755,-7.336],[112.727,-7.348],[112.704,-7.336],[112.653,-7.362],[112.588,-7.37],[112.542,-7.405]]]},"id":3515},{"type":"Feature","properties":{"code":7210},"geometry":{"type":"Polygon","coordinates":[[[119.697,-1.452],[119.671,-1.543],[119.733,-1.604],[119.727,-1.643],[119.75,-1.643],[119.797,-1.739],[119.826,-1.767],[119.87,-1.777],[119.857,-1.822],[119.875,-1.862],[119.856,-1.876],[119.869,-1.89],[119.871,-2.034],[119.909,-2.053],[119.991,-1.965],[120.098,-1.985],[120.103,-1.899],[120.124,-1.905],[120.144,-1.886],[120.1,-1.823],[120.107,-1.803],[120.177,-1.78],[120.135,-1.65],[120.143,-1.571],[120.133,-1.556],[120.098,-1.556],[120.11,-1.519],[120.166,-1.46],[120.181,-1.448],[120.221,-1.455],[120.25,-1.412],[120.277,-1.406],[120.265,-1.385],[120.287,-1.378],[120.257,-1.321],[120.185,-1.272],[120.224,-1.251],[120.232,-1.224],[120.27,-1.231],[120.289,-1.201],[120.342,-1.186],[120.357,-1.147],[120.34,-1.155],[120.326,-1.137],[120.293,-1.132],[120.267,-1.151],[120.228,-1.125],[120.218,-1.065],[120.128,-1.044],[120.112,-1.016],[120.098,-1.027],[120.076,-1.017],[120.078,-0.987],[120.057,-0.967],[120.072,-0.913],[120.023,-0.882],[120.003,-0.902],[119.929,-0.92],[119.933,-0.944],[119.875,-0.922],[119.83,-0.941],[119.832,-0.904],[119.811,-0.867],[119.783,-0.887],[119.784,-0.904],[119.745,-0.919],[119.731,-0.9],[119.705,-0.935],[119.654,-0.951],[119.649,-0.993],[119.703,-1.019],[119.719,-1.005],[119.73,-1.017],[119.753,-1.008],[119.804,-1.088],[119.795,-1.13],[119.806,-1.134],[119.769,-1.197],[119.767,-1.233],[119.744,-1.255],[119.75,-1.29],[119.728,-1.347],[119.763,-1.423],[119.727,-1.42],[119.697,-1.452]]]},"id":7210},{"type":"Feature","properties":{"code":1304},"geometry":{"type":"Polygon","coordinates":[[[101.494,-0.805],[101.307,-0.629],[101.249,-0.625],[101.167,-0.539],[101.109,-0.502],[101.071,-0.503],[101.025,-0.398],[101.04,-0.362],[101.005,-0.323],[100.947,-0.31],[100.903,-0.334],[100.824,-0.347],[100.837,-0.393],[100.816,-0.487],[100.84,-0.494],[100.852,-0.522],[100.797,-0.564],[100.813,-0.582],[100.79,-0.668],[100.822,-0.758],[100.811,-0.769],[100.85,-0.779],[100.887,-0.824],[100.925,-0.806],[100.992,-0.849],[100.999,-0.875],[101.042,-0.881],[101.068,-0.948],[101.052,-0.972],[101.069,-0.986],[101.187,-0.95],[101.194,-0.905],[101.273,-0.949],[101.337,-0.958],[101.353,-0.947],[101.351,-0.923],[101.375,-0.939],[101.427,-0.931],[101.41,-0.921],[101.405,-0.887],[101.439,-0.84],[101.464,-0.839],[101.494,-0.805]]]},"id":1304},{"type":"Feature","properties":{"code":5310},"geometry":{"type":"MultiPolygon","coordinates":[[[[122.398,-8.498],[122.397,-8.494],[122.396,-8.495],[122.398,-8.498]]],[[[122.46,-8.48],[122.464,-8.478],[122.457,-8.476],[122.46,-8.48]]],[[[122.452,-8.459],[122.422,-8.466],[122.422,-8.471],[122.455,-8.476],[122.452,-8.459]]],[[[122.443,-8.455],[122.449,-8.451],[122.443,-8.45],[122.443,-8.455]]],[[[122.372,-8.428],[122.334,-8.435],[122.334,-8.463],[122.389,-8.497],[122.422,-8.449],[122.372,-8.428]]],[[[122.512,-8.413],[122.497,-8.421],[122.501,-8.435],[122.519,-8.431],[122.512,-8.413]]],[[[121.997,-8.805],[122.115,-8.729],[122.28,-8.754],[122.312,-8.74],[122.376,-8.752],[122.466,-8.733],[122.539,-8.701],[122.557,-8.666],[122.654,-8.637],[122.655,-8.562],[122.686,-8.484],[122.673,-8.459],[122.682,-8.383],[122.597,-8.392],[122.592,-8.423],[122.57,-8.428],[122.547,-8.464],[122.491,-8.472],[122.478,-8.493],[122.518,-8.526],[122.517,-8.547],[122.471,-8.609],[122.364,-8.611],[122.291,-8.642],[122.221,-8.62],[122.159,-8.555],[122.104,-8.528],[122.088,-8.527],[122.083,-8.543],[122.071,-8.522],[122.018,-8.53],[121.999,-8.516],[121.976,-8.55],[121.984,-8.609],[121.962,-8.616],[121.958,-8.67],[121.926,-8.71],[121.951,-8.752],[121.99,-8.755],[121.997,-8.805]]],[[[122.339,-8.352],[122.336,-8.347],[122.331,-8.349],[122.339,-8.352]]],[[[122.314,-8.345],[122.284,-8.354],[122.275,-8.367],[122.307,-8.368],[122.314,-8.345]]],[[[121.73,-8.296],[121.685,-8.304],[121.677,-8.338],[121.728,-8.353],[121.746,-8.324],[121.73,-8.296]]],[[[122.131,-8.107],[122.112,-8.111],[122.105,-8.124],[122.13,-8.121],[122.131,-8.107]]]]},"id":5310},{"type":"Feature","properties":{"code":1209},"geometry":{"type":"Polygon","coordinates":[[[99.443,2.93],[99.565,3.077],[99.546,3.098],[99.508,3.101],[99.482,3.111],[99.492,3.121],[99.421,3.146],[99.363,3.151],[99.407,3.251],[99.374,3.246],[99.359,3.214],[99.341,3.238],[99.344,3.287],[99.308,3.299],[99.294,3.272],[99.269,3.276],[99.262,3.255],[99.228,3.244],[99.23,3.199],[99.207,3.223],[99.157,3.167],[99.032,3.109],[98.999,3.027],[98.927,3.015],[98.98,3.078],[98.986,3.123],[98.964,3.143],[99.005,3.205],[98.939,3.207],[98.964,3.267],[98.955,3.281],[98.909,3.253],[98.864,3.26],[98.84,3.222],[98.75,3.209],[98.73,3.22],[98.704,3.059],[98.69,3.05],[98.673,3.071],[98.624,3.063],[98.605,3.104],[98.556,3.026],[98.532,2.905],[98.635,2.858],[98.68,2.873],[98.691,2.85],[98.791,2.793],[98.895,2.7],[98.923,2.697],[98.925,2.673],[98.958,2.647],[98.96,2.613],[98.977,2.601],[99.042,2.633],[99.074,2.604],[99.089,2.668],[99.119,2.681],[99.169,2.748],[99.248,2.812],[99.265,2.86],[99.333,2.894],[99.371,2.883],[99.398,2.914],[99.443,2.93]],[[99.037,3.006],[99.11,3.015],[99.081,2.978],[99.081,2.956],[99.098,2.962],[99.105,2.941],[99.017,2.893],[99.041,2.924],[99.018,2.949],[99.037,3.006]]]},"id":1209},{"type":"Feature","properties":{"code":1101},"geometry":{"type":"MultiPolygon","coordinates":[[[[96.665,2.12],[96.613,2.111],[96.628,2.061],[96.648,2.056],[96.684,2.082],[96.665,2.12]]],[[[96.657,2.155],[96.634,2.186],[96.608,2.181],[96.636,2.149],[96.657,2.155]]],[[[96.206,2.355],[96.191,2.355],[96.194,2.347],[96.206,2.355]]],[[[96.258,2.359],[96.255,2.374],[96.217,2.358],[96.235,2.344],[96.258,2.359]]],[[[96.501,2.414],[96.499,2.413],[96.502,2.411],[96.501,2.414]]],[[[96.229,2.414],[96.232,2.414],[96.231,2.416],[96.229,2.414]]],[[[96.493,2.435],[96.479,2.424],[96.509,2.414],[96.516,2.427],[96.493,2.435]]],[[[96.481,2.433],[96.477,2.44],[96.475,2.436],[96.481,2.433]]],[[[96.355,2.523],[96.353,2.523],[96.351,2.52],[96.355,2.523]]],[[[96.39,2.51],[96.366,2.526],[96.362,2.52],[96.39,2.51]]],[[[96.347,2.526],[96.345,2.527],[96.349,2.525],[96.347,2.526]]],[[[96.35,2.529],[96.346,2.534],[96.344,2.532],[96.35,2.529]]],[[[96.345,2.533],[96.345,2.535],[96.344,2.534],[96.345,2.533]]],[[[96.359,2.539],[96.355,2.539],[96.356,2.537],[96.359,2.539]]],[[[96.346,2.538],[96.346,2.54],[96.344,2.54],[96.346,2.538]]],[[[96.348,2.54],[96.347,2.538],[96.353,2.539],[96.348,2.54]]],[[[95.935,2.542],[95.916,2.524],[95.957,2.523],[95.959,2.529],[95.935,2.542]]],[[[95.864,2.608],[95.869,2.605],[95.872,2.613],[95.864,2.608]]],[[[96.212,2.65],[96.219,2.653],[96.209,2.654],[96.212,2.65]]],[[[96.397,2.644],[96.365,2.663],[96.352,2.655],[96.397,2.644]]],[[[96.162,2.668],[96.151,2.668],[96.157,2.662],[96.162,2.668]]],[[[96.143,2.674],[96.147,2.675],[96.144,2.678],[96.143,2.674]]],[[[95.744,2.705],[95.741,2.719],[95.713,2.711],[95.731,2.701],[95.744,2.705]]],[[[96.138,2.723],[96.133,2.722],[96.138,2.719],[96.138,2.723]]],[[[96.104,2.745],[96.101,2.748],[96.099,2.748],[96.104,2.745]]],[[[96.127,2.734],[96.111,2.752],[96.104,2.744],[96.127,2.734]]],[[[96.013,2.779],[96.008,2.782],[96.009,2.779],[96.013,2.779]]],[[[95.961,2.825],[95.964,2.827],[95.96,2.828],[95.961,2.825]]],[[[95.771,2.83],[95.763,2.835],[95.763,2.828],[95.771,2.83]]],[[[95.788,2.834],[95.788,2.836],[95.786,2.834],[95.788,2.834]]],[[[95.785,2.836],[95.786,2.838],[95.784,2.838],[95.785,2.836]]],[[[95.78,2.838],[95.773,2.84],[95.78,2.836],[95.78,2.838]]],[[[95.96,2.844],[95.964,2.845],[95.962,2.847],[95.96,2.844]]],[[[95.939,2.852],[95.941,2.855],[95.939,2.855],[95.939,2.852]]],[[[95.928,2.861],[95.929,2.865],[95.926,2.865],[95.928,2.861]]],[[[95.76,2.89],[95.762,2.895],[95.757,2.894],[95.76,2.89]]],[[[95.76,2.905],[95.759,2.906],[95.758,2.905],[95.76,2.905]]],[[[95.805,2.929],[95.784,2.925],[95.763,2.88],[95.764,2.848],[95.796,2.842],[95.787,2.826],[95.718,2.825],[95.692,2.772],[95.703,2.747],[95.733,2.756],[95.721,2.741],[95.763,2.714],[95.754,2.699],[95.789,2.67],[95.795,2.63],[95.818,2.646],[95.838,2.622],[95.861,2.637],[95.888,2.619],[95.885,2.603],[95.917,2.598],[95.949,2.57],[95.979,2.587],[95.996,2.565],[96.007,2.59],[96.057,2.563],[96.075,2.569],[96.128,2.52],[96.16,2.511],[96.228,2.441],[96.312,2.419],[96.313,2.385],[96.335,2.387],[96.314,2.359],[96.344,2.341],[96.387,2.348],[96.442,2.327],[96.498,2.363],[96.453,2.476],[96.427,2.491],[96.425,2.477],[96.404,2.512],[96.407,2.46],[96.384,2.456],[96.392,2.474],[96.369,2.488],[96.37,2.512],[96.339,2.524],[96.345,2.525],[96.339,2.53],[96.344,2.53],[96.344,2.542],[96.349,2.546],[96.252,2.585],[96.239,2.619],[96.163,2.679],[96.191,2.617],[96.154,2.647],[96.143,2.635],[96.143,2.654],[96.123,2.648],[96.123,2.633],[96.105,2.636],[96.092,2.676],[96.119,2.693],[96.151,2.688],[96.146,2.713],[96.128,2.701],[96.112,2.714],[96.112,2.73],[96.132,2.719],[96.131,2.731],[96.091,2.75],[96.084,2.732],[96.085,2.754],[96.098,2.756],[96.008,2.765],[95.972,2.812],[95.931,2.824],[95.914,2.845],[95.908,2.828],[95.88,2.825],[95.885,2.844],[95.863,2.858],[95.881,2.872],[95.91,2.847],[95.903,2.896],[95.87,2.914],[95.832,2.913],[95.838,2.884],[95.816,2.914],[95.802,2.907],[95.805,2.929]]],[[[95.76,2.928],[95.762,2.931],[95.761,2.93],[95.76,2.928]]],[[[95.397,2.967],[95.406,2.975],[95.39,2.989],[95.397,2.967]]],[[[95.406,3.02],[95.412,3.017],[95.412,3.018],[95.406,3.02]]]]},"id":1101},{"type":"Feature","properties":{"code":7307},"geometry":{"type":"MultiPolygon","coordinates":[[[[120.387,-5.122],[120.396,-5.122],[120.391,-5.115],[120.387,-5.122]]],[[[120.411,-5.111],[120.414,-5.111],[120.414,-5.108],[120.411,-5.111]]],[[[120.417,-5.098],[120.421,-5.095],[120.42,-5.093],[120.417,-5.098]]],[[[120.398,-5.067],[120.401,-5.068],[120.399,-5.066],[120.398,-5.067]]],[[[120.422,-5.068],[120.426,-5.067],[120.424,-5.066],[120.422,-5.068]]],[[[119.936,-5.356],[119.997,-5.322],[120.039,-5.346],[120.073,-5.335],[120.124,-5.311],[120.14,-5.288],[120.176,-5.312],[120.332,-5.29],[120.27,-5.142],[120.289,-5.115],[120.265,-5.101],[120.259,-5.115],[120.231,-5.087],[120.206,-5.1],[120.188,-5.069],[120.164,-5.078],[120.131,-5.044],[120.081,-5.078],[120.055,-5.125],[119.982,-5.123],[119.969,-5.136],[119.976,-5.163],[120.032,-5.184],[120.026,-5.2],[119.991,-5.205],[119.997,-5.229],[119.929,-5.338],[119.936,-5.356]]],[[[120.427,-5.058],[120.419,-5.043],[120.412,-5.052],[120.427,-5.058]]],[[[120.398,-5.042],[120.395,-5.042],[120.396,-5.046],[120.398,-5.042]]],[[[120.39,-5.04],[120.393,-5.04],[120.393,-5.038],[120.39,-5.04]]]]},"id":7307},{"type":"Feature","properties":{"code":6107},"geometry":{"type":"Polygon","coordinates":[[[113.265,-0.42],[113.262,-0.391],[113.207,-0.339],[113.287,-0.244],[113.352,-0.223],[113.388,-0.166],[113.414,-0.159],[113.42,-0.141],[113.397,-0.126],[113.42,-0.117],[113.441,-0.068],[113.417,-0.048],[113.44,0.014],[113.41,0.049],[113.42,0.122],[113.325,0.179],[113.271,0.24],[113.167,0.262],[113.123,0.243],[113.102,0.257],[113.1,0.285],[113.057,0.317],[112.985,0.292],[112.961,0.256],[112.96,0.2],[112.858,0.21],[112.793,0.241],[112.737,0.216],[112.683,0.241],[112.63,0.209],[112.648,0.171],[112.619,0.148],[112.567,0.202],[112.517,0.179],[112.505,0.152],[112.513,0.119],[112.422,0.144],[112.347,0.117],[112.272,0.128],[112.123,0.08],[112.092,0.127],[112.089,0.17],[112.01,0.211],[111.957,0.185],[111.871,0.18],[111.836,0.228],[111.731,0.246],[111.673,0.277],[111.652,0.345],[111.687,0.378],[111.729,0.471],[111.71,0.554],[111.74,0.578],[111.687,0.626],[111.748,0.75],[111.638,0.86],[111.623,0.924],[111.566,0.916],[111.54,0.932],[111.488,1.035],[111.413,1.007],[111.272,1.067],[111.252,1.062],[111.231,1.086],[111.153,1.052],[110.904,1.028],[110.861,0.951],[110.809,0.949],[110.816,0.905],[110.776,0.891],[110.809,0.865],[110.781,0.809],[110.816,0.75],[110.867,0.758],[110.904,0.73],[110.999,0.753],[111.1,0.727],[111.193,0.612],[111.23,0.589],[111.262,0.594],[111.291,0.546],[111.291,0.506],[111.258,0.427],[111.267,0.375],[111.217,0.357],[111.231,0.306],[111.259,0.294],[111.26,0.246],[111.273,0.245],[111.26,0.204],[111.274,0.132],[111.238,0.121],[111.214,0.061],[111.159,0.102],[111.123,0.085],[111.148,0.001],[111.145,-0.07],[111.135,-0.112],[111.096,-0.138],[111.087,-0.253],[111.028,-0.327],[111.034,-0.416],[111.091,-0.501],[111.202,-0.525],[111.229,-0.515],[111.368,-0.361],[111.446,-0.35],[111.48,-0.229],[111.569,-0.222],[111.607,-0.186],[111.621,-0.204],[111.646,-0.197],[111.689,-0.14],[111.7,-0.155],[111.726,-0.145],[111.774,-0.179],[111.837,-0.195],[111.868,-0.238],[111.896,-0.234],[111.943,-0.195],[111.988,-0.227],[112.03,-0.215],[112.125,-0.277],[112.128,-0.305],[112.38,-0.181],[112.366,-0.344],[112.375,-0.371],[112.415,-0.401],[112.428,-0.537],[112.455,-0.563],[112.45,-0.646],[112.466,-0.68],[112.494,-0.697],[112.643,-0.676],[112.646,-0.657],[112.686,-0.657],[112.705,-0.627],[112.733,-0.632],[112.729,-0.587],[112.745,-0.572],[112.787,-0.584],[112.835,-0.576],[112.917,-0.521],[112.977,-0.51],[112.997,-0.488],[113.015,-0.495],[113.024,-0.475],[113.059,-0.509],[113.1,-0.486],[113.109,-0.5],[113.112,-0.475],[113.149,-0.448],[113.155,-0.47],[113.185,-0.469],[113.219,-0.506],[113.265,-0.42]]]},"id":6107},{"type":"Feature","properties":{"code":3512},"geometry":{"type":"Polygon","coordinates":[[[114.423,-7.935],[114.423,-7.916],[114.464,-7.886],[114.467,-7.835],[114.441,-7.791],[114.375,-7.75],[114.293,-7.747],[114.24,-7.697],[114.207,-7.717],[114.105,-7.705],[114.039,-7.604],[113.94,-7.676],[113.931,-7.7],[113.868,-7.679],[113.831,-7.688],[113.793,-7.729],[113.761,-7.738],[113.713,-7.708],[113.666,-7.736],[113.597,-7.715],[113.573,-7.738],[113.602,-7.781],[113.606,-7.798],[113.592,-7.805],[113.611,-7.825],[113.602,-7.845],[113.626,-7.917],[113.611,-7.949],[113.623,-7.961],[113.722,-7.879],[113.739,-7.788],[113.804,-7.816],[113.853,-7.794],[113.933,-7.793],[113.95,-7.765],[113.991,-7.778],[114.006,-7.756],[114.079,-7.77],[114.127,-7.993],[114.175,-7.969],[114.224,-7.986],[114.299,-7.885],[114.423,-7.935]]]},"id":3512},{"type":"Feature","properties":{"code":3404},"geometry":{"type":"Polygon","coordinates":[[[110.481,-7.817],[110.542,-7.823],[110.546,-7.798],[110.491,-7.766],[110.446,-7.541],[110.304,-7.654],[110.272,-7.706],[110.232,-7.713],[110.216,-7.738],[110.233,-7.815],[110.287,-7.784],[110.288,-7.833],[110.316,-7.823],[110.316,-7.805],[110.33,-7.806],[110.352,-7.766],[110.401,-7.792],[110.42,-7.786],[110.429,-7.837],[110.481,-7.817]]]},"id":3404},{"type":"Feature","properties":{"code":1303},"geometry":{"type":"Polygon","coordinates":[[[100.52,-0.635],[100.485,-0.658],[100.43,-0.656],[100.456,-0.729],[100.502,-0.756],[100.504,-0.786],[100.541,-0.809],[100.626,-0.77],[100.642,-0.744],[100.688,-0.746],[100.672,-0.768],[100.675,-0.808],[100.636,-0.795],[100.542,-0.817],[100.531,-0.844],[100.565,-0.9],[100.536,-0.95],[100.557,-1.044],[100.585,-1.073],[100.62,-1.061],[100.621,-1.095],[100.637,-1.109],[100.72,-1.096],[100.736,-1.153],[100.774,-1.16],[100.8,-1.203],[100.8,-1.282],[100.82,-1.281],[100.836,-1.305],[100.859,-1.297],[100.875,-1.32],[100.911,-1.29],[100.99,-1.261],[101.022,-1.201],[100.996,-1.135],[101.007,-1.133],[101.093,-1.15],[101.167,-1.227],[101.233,-1.246],[101.245,-1.213],[101.176,-1.134],[101.145,-1.034],[101.181,-1.028],[101.202,-0.978],[101.195,-0.952],[101.069,-0.986],[101.052,-0.972],[101.068,-0.948],[101.042,-0.881],[100.999,-0.875],[100.992,-0.849],[100.925,-0.806],[100.887,-0.824],[100.85,-0.779],[100.789,-0.77],[100.746,-0.723],[100.714,-0.734],[100.695,-0.724],[100.709,-0.66],[100.69,-0.628],[100.707,-0.573],[100.698,-0.555],[100.677,-0.554],[100.677,-0.536],[100.606,-0.55],[100.583,-0.584],[100.572,-0.619],[100.596,-0.692],[100.569,-0.696],[100.52,-0.635]]]},"id":1303},{"type":"Feature","properties":{"code":1310},"geometry":{"type":"Polygon","coordinates":[[[101.168,-1.102],[101.176,-1.134],[101.245,-1.213],[101.233,-1.246],[101.167,-1.227],[101.148,-1.195],[101.058,-1.133],[100.996,-1.135],[101.021,-1.175],[101.017,-1.226],[100.964,-1.278],[100.88,-1.312],[100.91,-1.373],[100.895,-1.39],[100.941,-1.422],[100.935,-1.464],[100.977,-1.486],[100.983,-1.525],[101.02,-1.565],[101.017,-1.605],[101.062,-1.634],[101.067,-1.659],[101.168,-1.71],[101.19,-1.677],[101.212,-1.723],[101.267,-1.696],[101.428,-1.678],[101.44,-1.628],[101.508,-1.572],[101.539,-1.513],[101.525,-1.485],[101.558,-1.445],[101.607,-1.437],[101.67,-1.388],[101.585,-1.326],[101.514,-1.338],[101.523,-1.304],[101.467,-1.282],[101.449,-1.21],[101.419,-1.194],[101.403,-1.159],[101.459,-1.032],[101.449,-1.009],[101.424,-1.006],[101.389,-1.044],[101.343,-1.044],[101.344,-1.135],[101.232,-1.151],[101.195,-1.107],[101.168,-1.102]]]},"id":1310},{"type":"Feature","properties":{"code":7312},"geometry":{"type":"Polygon","coordinates":[[[119.806,-4.536],[119.854,-4.537],[119.901,-4.515],[119.976,-4.538],[119.993,-4.52],[120.038,-4.52],[120.06,-4.486],[120.064,-4.432],[120.048,-4.397],[120.079,-4.401],[120.096,-4.385],[120.076,-4.346],[120.082,-4.29],[120.042,-4.285],[120.039,-4.261],[119.963,-4.273],[119.938,-4.255],[119.948,-4.182],[119.922,-4.183],[119.917,-4.162],[119.932,-4.134],[119.849,-4.098],[119.807,-4.111],[119.805,-4.131],[119.781,-4.123],[119.738,-4.138],[119.729,-4.173],[119.756,-4.206],[119.706,-4.23],[119.754,-4.284],[119.754,-4.472],[119.806,-4.536]]]},"id":7312},{"type":"Feature","properties":{"code":9202},"geometry":{"type":"MultiPolygon","coordinates":[[[[131.312,-1.545],[131.278,-1.534],[131.27,-1.541],[131.312,-1.545]]],[[[131.017,-1.311],[131.024,-1.298],[131.017,-1.295],[131.01,-1.299],[131.017,-1.311]]],[[[130.734,-1.186],[130.766,-1.259],[130.799,-1.259],[130.964,-1.363],[131.043,-1.243],[131.029,-1.202],[130.998,-1.181],[130.959,-1.174],[130.918,-1.201],[130.847,-1.205],[130.78,-1.166],[130.734,-1.186]]],[[[131.226,-1.082],[131.226,-1.056],[131.219,-1.081],[131.226,-1.082]]],[[[131.244,-1.02],[131.229,-1.014],[131.227,-1.02],[131.244,-1.02]]],[[[131.27,-0.933],[131.276,-0.977],[131.264,-0.98],[131.276,-0.993],[131.241,-1.038],[131.232,-1.102],[131.173,-1.229],[131.054,-1.256],[130.995,-1.386],[130.933,-1.44],[130.993,-1.464],[131.093,-1.448],[131.162,-1.468],[131.211,-1.536],[131.321,-1.485],[131.339,-1.454],[131.312,-1.411],[131.363,-1.364],[131.375,-1.412],[131.401,-1.431],[131.429,-1.423],[131.379,-1.459],[131.443,-1.515],[131.486,-1.486],[131.66,-1.56],[131.738,-1.452],[131.766,-1.499],[131.812,-1.511],[131.859,-1.488],[131.873,-1.439],[131.844,-1.436],[131.827,-1.41],[131.83,-1.348],[131.846,-1.352],[131.885,-1.322],[131.896,-1.263],[131.85,-1.18],[131.801,-1.135],[131.884,-1.074],[131.875,-1.051],[131.937,-1.061],[132.124,-0.991],[132.153,-0.935],[132.137,-0.924],[132.143,-0.9],[132.179,-0.879],[132.059,-0.777],[132.033,-0.78],[132.033,-0.723],[132.123,-0.675],[132.135,-0.654],[132.098,-0.643],[132.021,-0.55],[131.913,-0.624],[131.884,-0.677],[131.817,-0.715],[131.615,-0.741],[131.518,-0.774],[131.541,-0.75],[131.533,-0.735],[131.412,-0.765],[131.397,-0.801],[131.408,-0.816],[131.388,-0.825],[131.397,-0.857],[131.422,-0.873],[131.433,-0.944],[131.404,-0.955],[131.27,-0.933]]]]},"id":9202},{"type":"Feature","properties":{"code":9203},"geometry":{"type":"Polygon","coordinates":[[[132.025,-1.067],[131.875,-1.051],[131.884,-1.074],[131.801,-1.135],[131.85,-1.18],[131.896,-1.263],[131.885,-1.322],[131.846,-1.352],[131.83,-1.348],[131.827,-1.41],[131.844,-1.436],[131.873,-1.439],[131.859,-1.488],[131.812,-1.511],[131.766,-1.499],[131.738,-1.452],[131.669,-1.547],[131.727,-1.585],[131.769,-1.572],[131.807,-1.615],[131.845,-1.583],[131.955,-1.556],[131.904,-1.595],[131.884,-1.637],[131.91,-1.719],[131.983,-1.702],[132.0,-1.67],[132.01,-1.698],[132.041,-1.717],[131.924,-1.813],[131.95,-1.844],[131.961,-1.827],[131.96,-1.84],[131.925,-1.868],[131.959,-1.922],[131.991,-1.927],[131.97,-1.968],[132.041,-2.023],[132.096,-2.019],[132.043,-2.052],[132.039,-2.072],[132.048,-2.062],[132.066,-2.092],[132.144,-2.147],[132.181,-2.146],[132.223,-2.177],[132.305,-2.274],[132.367,-2.269],[132.541,-2.189],[132.484,-2.057],[132.473,-1.974],[132.493,-1.764],[132.438,-1.703],[132.413,-1.627],[132.321,-1.542],[132.305,-1.547],[132.31,-1.506],[132.289,-1.469],[132.236,-1.434],[132.202,-1.444],[132.101,-1.428],[132.121,-1.361],[132.013,-1.303],[132.013,-1.241],[132.072,-1.225],[132.07,-1.17],[132.025,-1.067]]]},"id":9203},{"type":"Feature","properties":{"code":3314},"geometry":{"type":"MultiPolygon","coordinates":[[[[110.796,-7.305],[110.816,-7.295],[110.801,-7.287],[110.817,-7.269],[110.794,-7.275],[110.796,-7.305]]],[[[110.78,-7.453],[110.84,-7.459],[110.871,-7.488],[110.939,-7.494],[111.043,-7.536],[111.04,-7.511],[111.063,-7.495],[111.079,-7.499],[111.081,-7.527],[111.111,-7.531],[111.129,-7.511],[111.147,-7.525],[111.152,-7.499],[111.135,-7.483],[111.118,-7.414],[111.145,-7.368],[111.155,-7.313],[111.137,-7.297],[111.148,-7.264],[111.107,-7.247],[111.057,-7.27],[111.029,-7.256],[110.981,-7.277],[110.922,-7.269],[110.904,-7.283],[110.832,-7.264],[110.844,-7.297],[110.825,-7.297],[110.847,-7.303],[110.829,-7.306],[110.861,-7.316],[110.836,-7.322],[110.845,-7.331],[110.833,-7.344],[110.835,-7.324],[110.82,-7.322],[110.839,-7.314],[110.797,-7.307],[110.788,-7.361],[110.802,-7.368],[110.772,-7.392],[110.768,-7.417],[110.78,-7.453]]]]},"id":3314},{"type":"Feature","properties":{"code":3213},"geometry":{"type":"Polygon","coordinates":[[[107.733,-6.814],[107.804,-6.808],[107.837,-6.776],[107.84,-6.691],[107.809,-6.677],[107.851,-6.652],[107.851,-6.571],[107.893,-6.557],[107.92,-6.514],[107.905,-6.505],[107.918,-6.485],[107.898,-6.484],[107.895,-6.462],[107.878,-6.457],[107.894,-6.448],[107.89,-6.403],[107.918,-6.371],[107.93,-6.309],[107.911,-6.269],[107.926,-6.256],[107.888,-6.226],[107.891,-6.182],[107.856,-6.212],[107.85,-6.189],[107.818,-6.186],[107.721,-6.237],[107.695,-6.22],[107.667,-6.239],[107.643,-6.214],[107.622,-6.222],[107.58,-6.256],[107.582,-6.312],[107.526,-6.425],[107.565,-6.487],[107.553,-6.566],[107.59,-6.599],[107.579,-6.633],[107.601,-6.654],[107.588,-6.715],[107.6,-6.761],[107.671,-6.776],[107.688,-6.798],[107.707,-6.792],[107.733,-6.814]]]},"id":3213},{"type":"Feature","properties":{"code":3202},"geometry":{"type":"Polygon","coordinates":[[[106.575,-6.717],[106.497,-6.791],[106.436,-6.819],[106.431,-6.862],[106.392,-6.9],[106.389,-6.941],[106.397,-6.978],[106.443,-6.952],[106.54,-6.981],[106.544,-7.055],[106.456,-7.129],[106.457,-7.184],[106.4,-7.186],[106.39,-7.228],[106.373,-7.236],[106.384,-7.263],[106.372,-7.307],[106.397,-7.331],[106.404,-7.382],[106.413,-7.363],[106.443,-7.36],[106.56,-7.417],[106.791,-7.437],[106.777,-7.401],[106.823,-7.362],[106.875,-7.363],[106.895,-7.341],[106.909,-7.349],[106.915,-7.322],[106.934,-7.334],[106.94,-7.317],[106.967,-7.312],[106.975,-7.284],[106.96,-7.26],[106.982,-7.222],[106.957,-7.164],[106.965,-7.144],[106.942,-7.132],[106.936,-7.109],[106.975,-7.013],[107.028,-7.044],[107.047,-7.031],[107.033,-6.976],[107.046,-6.96],[107.065,-6.964],[107.047,-6.909],[106.958,-6.761],[106.899,-6.788],[106.777,-6.754],[106.74,-6.715],[106.693,-6.744],[106.659,-6.731],[106.656,-6.747],[106.631,-6.754],[106.588,-6.743],[106.575,-6.717]],[[106.915,-6.893],[106.954,-6.905],[106.955,-6.958],[106.875,-6.976],[106.873,-6.963],[106.911,-6.952],[106.9,-6.913],[106.915,-6.893]]]},"id":3202},{"type":"Feature","properties":{"code":6206},"geometry":{"type":"Polygon","coordinates":[[[110.734,-2.988],[110.818,-2.981],[110.919,-3.046],[110.982,-3.065],[111.11,-3.028],[111.362,-2.908],[111.38,-2.877],[111.382,-2.734],[111.4,-2.653],[111.301,-2.617],[111.279,-2.542],[111.283,-2.372],[111.264,-2.372],[111.274,-2.336],[111.316,-2.332],[111.317,-2.305],[111.355,-2.306],[111.341,-2.275],[111.368,-2.263],[111.381,-2.28],[111.39,-2.266],[111.386,-2.197],[111.363,-2.187],[111.355,-2.152],[111.292,-2.148],[111.222,-2.12],[111.201,-2.1],[111.203,-2.074],[111.167,-2.054],[111.066,-2.117],[111.078,-2.161],[111.031,-2.241],[111.069,-2.299],[111.103,-2.424],[111.136,-2.611],[111.118,-2.652],[111.166,-2.674],[111.169,-2.706],[111.146,-2.741],[111.101,-2.767],[111.011,-2.794],[110.966,-2.857],[110.793,-2.909],[110.755,-2.942],[110.734,-2.988]]]},"id":6206},{"type":"Feature","properties":{"code":3311},"geometry":{"type":"Polygon","coordinates":[[[110.703,-7.593],[110.743,-7.599],[110.763,-7.635],[110.799,-7.642],[110.768,-7.684],[110.77,-7.716],[110.712,-7.792],[110.756,-7.827],[110.806,-7.79],[110.849,-7.815],[110.86,-7.759],[110.877,-7.746],[110.936,-7.78],[110.96,-7.684],[110.946,-7.618],[110.902,-7.614],[110.912,-7.584],[110.861,-7.567],[110.818,-7.594],[110.801,-7.571],[110.782,-7.575],[110.77,-7.545],[110.725,-7.537],[110.703,-7.593]]]},"id":3311},{"type":"Feature","properties":{"code":5301},"geometry":{"type":"Polygon","coordinates":[[[119.535,-9.766],[119.54,-9.741],[119.506,-9.738],[119.532,-9.688],[119.469,-9.677],[119.487,-9.655],[119.48,-9.605],[119.513,-9.568],[119.518,-9.536],[119.475,-9.527],[119.459,-9.505],[119.405,-9.374],[119.376,-9.426],[119.375,-9.479],[119.413,-9.562],[119.366,-9.615],[119.333,-9.618],[119.288,-9.681],[119.234,-9.689],[119.196,-9.647],[119.166,-9.658],[119.144,-9.73],[119.188,-9.759],[119.218,-9.737],[119.301,-9.744],[119.318,-9.766],[119.351,-9.76],[119.389,-9.797],[119.41,-9.788],[119.417,-9.761],[119.455,-9.742],[119.535,-9.766]]]},"id":5301},{"type":"Feature","properties":{"code":5317},"geometry":{"type":"Polygon","coordinates":[[[119.39,-9.383],[119.298,-9.357],[119.219,-9.391],[119.172,-9.376],[119.101,-9.421],[119.051,-9.424],[118.989,-9.456],[118.944,-9.51],[118.927,-9.557],[118.986,-9.607],[119.026,-9.675],[119.117,-9.726],[119.144,-9.73],[119.154,-9.677],[119.188,-9.648],[119.234,-9.689],[119.288,-9.681],[119.333,-9.618],[119.366,-9.615],[119.413,-9.562],[119.377,-9.502],[119.39,-9.383]]]},"id":5317},{"type":"Feature","properties":{"code":5316},"geometry":{"type":"Polygon","coordinates":[[[119.54,-9.741],[119.553,-9.765],[119.584,-9.762],[119.594,-9.779],[119.626,-9.766],[119.621,-9.8],[119.653,-9.776],[119.671,-9.78],[119.689,-9.816],[119.674,-9.828],[119.731,-9.84],[119.749,-9.734],[119.727,-9.715],[119.726,-9.686],[119.746,-9.67],[119.841,-9.666],[119.841,-9.577],[119.869,-9.554],[119.886,-9.513],[119.909,-9.512],[119.925,-9.484],[119.896,-9.431],[119.909,-9.383],[119.876,-9.371],[119.864,-9.343],[119.794,-9.399],[119.686,-9.382],[119.628,-9.345],[119.531,-9.377],[119.472,-9.358],[119.415,-9.373],[119.459,-9.505],[119.475,-9.527],[119.518,-9.536],[119.513,-9.568],[119.48,-9.605],[119.487,-9.655],[119.469,-9.677],[119.532,-9.688],[119.506,-9.738],[119.54,-9.741]]]},"id":5316},{"type":"Feature","properties":{"code":5302},"geometry":{"type":"MultiPolygon","coordinates":[[[[120.106,-10.332],[120.123,-10.332],[120.126,-10.327],[120.106,-10.332]]],[[[120.166,-10.315],[120.162,-10.313],[120.161,-10.315],[120.166,-10.315]]],[[[120.212,-10.304],[120.18,-10.312],[120.17,-10.317],[120.2,-10.322],[120.212,-10.304]]],[[[120.01,-10.125],[120.01,-10.124],[120.009,-10.125],[120.01,-10.125]]],[[[119.767,-9.907],[119.768,-9.906],[119.766,-9.906],[119.767,-9.907]]],[[[119.701,-9.859],[119.702,-9.857],[119.701,-9.857],[119.701,-9.859]]],[[[119.674,-9.828],[119.768,-9.896],[119.783,-9.922],[119.862,-9.922],[119.882,-9.957],[119.905,-9.95],[119.905,-9.973],[119.949,-9.974],[119.947,-9.999],[119.995,-10.038],[120.018,-10.079],[120.008,-10.124],[120.035,-10.12],[120.045,-10.125],[120.082,-10.177],[120.11,-10.178],[120.164,-10.24],[120.179,-10.229],[120.218,-10.254],[120.349,-10.249],[120.453,-10.317],[120.485,-10.263],[120.531,-10.24],[120.613,-10.252],[120.64,-10.229],[120.685,-10.224],[120.739,-10.19],[120.757,-10.154],[120.815,-10.125],[120.841,-10.088],[120.845,-10.028],[120.816,-9.977],[120.747,-9.924],[120.678,-9.899],[120.597,-9.731],[120.557,-9.695],[120.504,-9.685],[120.462,-9.615],[120.388,-9.637],[120.389,-9.648],[120.365,-9.643],[120.316,-9.675],[120.298,-9.641],[120.252,-9.647],[120.21,-9.491],[120.181,-9.467],[120.128,-9.485],[120.084,-9.469],[119.953,-9.315],[119.935,-9.275],[119.864,-9.343],[119.876,-9.371],[119.909,-9.383],[119.896,-9.431],[119.925,-9.484],[119.909,-9.512],[119.886,-9.513],[119.869,-9.554],[119.841,-9.577],[119.844,-9.661],[119.736,-9.676],[119.727,-9.715],[119.749,-9.734],[119.731,-9.84],[119.674,-9.828]]]]},"id":5302},{"type":"Feature","properties":{"code":5204},"geometry":{"type":"MultiPolygon","coordinates":[[[[117.957,-8.905],[117.956,-8.903],[117.957,-8.906],[117.957,-8.905]]],[[[117.948,-8.74],[117.948,-8.739],[117.946,-8.74],[117.948,-8.74]]],[[[117.949,-8.726],[117.952,-8.722],[117.948,-8.724],[117.949,-8.726]]],[[[118.013,-8.692],[118.01,-8.693],[118.013,-8.694],[118.013,-8.692]]],[[[118.006,-8.685],[118.009,-8.685],[118.006,-8.683],[118.006,-8.685]]],[[[117.776,-8.661],[117.778,-8.659],[117.777,-8.659],[117.776,-8.661]]],[[[117.861,-8.657],[117.86,-8.655],[117.857,-8.657],[117.861,-8.657]]],[[[117.978,-8.611],[117.95,-8.613],[117.979,-8.64],[117.954,-8.666],[117.989,-8.647],[117.978,-8.691],[118.003,-8.693],[118.003,-8.628],[117.976,-8.627],[117.978,-8.611]]],[[[117.872,-8.607],[117.866,-8.61],[117.872,-8.608],[117.872,-8.607]]],[[[117.842,-8.582],[117.826,-8.577],[117.834,-8.594],[117.842,-8.582]]],[[[117.831,-8.564],[117.813,-8.561],[117.825,-8.567],[117.831,-8.564]]],[[[117.637,-8.518],[117.635,-8.52],[117.638,-8.519],[117.637,-8.518]]],[[[117.749,-8.504],[117.747,-8.504],[117.748,-8.505],[117.749,-8.504]]],[[[117.632,-8.507],[117.631,-8.502],[117.629,-8.507],[117.632,-8.507]]],[[[117.635,-8.5],[117.64,-8.501],[117.638,-8.497],[117.635,-8.5]]],[[[116.882,-8.498],[116.864,-8.498],[116.869,-8.504],[116.882,-8.498]]],[[[116.996,-8.475],[116.991,-8.476],[116.997,-8.477],[116.996,-8.475]]],[[[117.731,-8.501],[117.725,-8.472],[117.701,-8.494],[117.733,-8.56],[117.759,-8.569],[117.77,-8.552],[117.777,-8.561],[117.799,-8.554],[117.748,-8.539],[117.734,-8.518],[117.746,-8.503],[117.731,-8.501]]],[[[117.677,-8.466],[117.676,-8.466],[117.677,-8.468],[117.677,-8.466]]],[[[117.009,-8.465],[117.012,-8.461],[117.007,-8.46],[117.009,-8.465]]],[[[116.859,-8.459],[116.859,-8.455],[116.858,-8.458],[116.859,-8.459]]],[[[117.652,-8.447],[117.65,-8.486],[117.636,-8.509],[117.65,-8.533],[117.667,-8.513],[117.679,-8.522],[117.674,-8.466],[117.652,-8.447]]],[[[117.038,-8.446],[117.034,-8.444],[117.036,-8.448],[117.038,-8.446]]],[[[116.951,-8.419],[116.919,-8.437],[116.872,-8.431],[116.839,-8.446],[116.947,-8.438],[116.959,-8.43],[116.951,-8.419]]],[[[117.661,-8.434],[117.658,-8.418],[117.641,-8.438],[117.661,-8.434]]],[[[117.074,-8.39],[117.074,-8.389],[117.072,-8.39],[117.074,-8.39]]],[[[117.047,-8.378],[117.022,-8.406],[116.989,-8.404],[116.976,-8.431],[117.033,-8.412],[117.047,-8.378]]],[[[117.053,-8.381],[117.056,-8.376],[117.053,-8.375],[117.053,-8.381]]],[[[117.077,-8.378],[117.072,-8.371],[117.07,-8.373],[117.077,-8.378]]],[[[118.175,-8.654],[118.051,-8.663],[117.963,-8.742],[117.945,-8.743],[117.949,-8.73],[117.921,-8.718],[117.904,-8.74],[117.888,-8.723],[117.901,-8.705],[117.87,-8.696],[117.804,-8.727],[117.77,-8.705],[117.769,-8.656],[117.757,-8.659],[117.749,-8.639],[117.781,-8.631],[117.751,-8.631],[117.761,-8.598],[117.727,-8.588],[117.737,-8.563],[117.7,-8.563],[117.688,-8.577],[117.631,-8.56],[117.622,-8.538],[117.635,-8.466],[117.599,-8.426],[117.574,-8.441],[117.591,-8.503],[117.57,-8.5],[117.562,-8.404],[117.472,-8.414],[117.427,-8.395],[117.435,-8.41],[117.407,-8.467],[117.388,-8.472],[117.236,-8.399],[117.201,-8.406],[117.155,-8.364],[117.142,-8.377],[117.105,-8.372],[117.115,-8.376],[117.087,-8.398],[117.099,-8.414],[117.016,-8.463],[117.004,-8.505],[116.987,-8.479],[116.945,-8.516],[116.883,-8.525],[116.876,-8.539],[117.0,-8.625],[117.039,-8.67],[117.069,-8.677],[117.087,-8.705],[117.084,-8.763],[117.04,-8.791],[117.085,-8.834],[117.061,-8.863],[117.088,-8.926],[117.067,-8.946],[117.066,-9.042],[117.04,-9.098],[117.057,-9.104],[117.135,-9.083],[117.185,-9.021],[117.323,-9.055],[117.345,-9.042],[117.359,-9.055],[117.41,-9.049],[117.595,-8.981],[117.69,-8.918],[117.733,-8.916],[117.765,-8.934],[117.817,-8.898],[117.837,-8.931],[117.884,-8.943],[117.935,-8.899],[117.98,-8.894],[118.012,-8.852],[118.079,-8.84],[118.126,-8.877],[118.185,-8.853],[118.221,-8.806],[118.283,-8.769],[118.287,-8.74],[118.333,-8.715],[118.313,-8.693],[118.188,-8.705],[118.175,-8.654]]],[[[117.559,-8.144],[117.48,-8.192],[117.478,-8.257],[117.508,-8.273],[117.47,-8.355],[117.528,-8.389],[117.57,-8.335],[117.61,-8.238],[117.689,-8.18],[117.662,-8.15],[117.559,-8.144]]],[[[117.423,-8.137],[117.384,-8.131],[117.344,-8.154],[117.377,-8.16],[117.375,-8.15],[117.423,-8.137]]]]},"id":5204},{"type":"Feature","properties":{"code":5207},"geometry":{"type":"MultiPolygon","coordinates":[[[[116.719,-8.748],[116.711,-8.748],[116.717,-8.751],[116.719,-8.748]]],[[[116.768,-8.709],[116.773,-8.708],[116.772,-8.706],[116.768,-8.709]]],[[[116.726,-8.687],[116.728,-8.683],[116.724,-8.687],[116.726,-8.687]]],[[[116.731,-8.681],[116.729,-8.682],[116.73,-8.683],[116.731,-8.681]]],[[[116.788,-8.529],[116.772,-8.537],[116.768,-8.559],[116.787,-8.543],[116.788,-8.529]]],[[[116.79,-8.526],[116.791,-8.524],[116.79,-8.524],[116.79,-8.526]]],[[[116.883,-8.525],[116.843,-8.538],[116.819,-8.516],[116.833,-8.557],[116.788,-8.589],[116.764,-8.653],[116.746,-8.662],[116.773,-8.674],[116.785,-8.72],[116.763,-8.736],[116.783,-8.751],[116.781,-8.774],[116.79,-8.765],[116.803,-8.777],[116.814,-8.812],[116.803,-8.826],[116.786,-8.813],[116.767,-8.855],[116.732,-8.869],[116.752,-8.893],[116.731,-8.891],[116.725,-8.911],[116.751,-8.924],[116.715,-8.971],[116.736,-8.976],[116.728,-9.006],[116.739,-8.997],[116.788,-9.035],[116.842,-9.039],[116.897,-9.064],[116.942,-9.052],[117.011,-9.108],[117.038,-9.104],[117.066,-9.042],[117.067,-8.946],[117.088,-8.926],[117.061,-8.863],[117.084,-8.825],[117.04,-8.791],[117.084,-8.763],[117.087,-8.705],[117.0,-8.625],[116.889,-8.554],[116.876,-8.539],[116.883,-8.525]]],[[[116.794,-8.516],[116.787,-8.514],[116.788,-8.518],[116.794,-8.516]]],[[[116.859,-8.505],[116.841,-8.509],[116.849,-8.518],[116.859,-8.505]]],[[[116.83,-8.498],[116.835,-8.498],[116.83,-8.496],[116.83,-8.498]]]]},"id":5207},{"type":"Feature","properties":{"code":3211},"geometry":{"type":"Polygon","coordinates":[[[107.914,-6.952],[107.966,-6.958],[107.99,-6.981],[108.042,-6.996],[108.087,-6.98],[108.1,-7.019],[108.13,-7.041],[108.17,-6.968],[108.219,-6.928],[108.214,-6.889],[108.194,-6.886],[108.179,-6.833],[108.159,-6.825],[108.152,-6.802],[108.169,-6.787],[108.164,-6.761],[108.149,-6.759],[108.158,-6.72],[108.118,-6.706],[108.05,-6.638],[108.031,-6.638],[108.025,-6.677],[107.988,-6.669],[107.909,-6.596],[107.855,-6.578],[107.851,-6.652],[107.809,-6.677],[107.84,-6.691],[107.837,-6.776],[107.804,-6.808],[107.776,-6.801],[107.744,-6.828],[107.744,-6.876],[107.76,-6.897],[107.753,-6.951],[107.828,-6.971],[107.914,-6.952]]]},"id":3211},{"type":"Feature","properties":{"code":3529},"geometry":{"type":"MultiPolygon","coordinates":[[[[113.725,-7.252],[113.725,-7.248],[113.723,-7.249],[113.725,-7.252]]],[[[113.663,-7.252],[113.668,-7.246],[113.663,-7.251],[113.663,-7.252]]],[[[113.699,-7.244],[113.701,-7.242],[113.699,-7.24],[113.699,-7.244]]],[[[113.674,-7.239],[113.671,-7.236],[113.673,-7.241],[113.674,-7.239]]],[[[113.812,-7.22],[113.754,-7.206],[113.749,-7.218],[113.792,-7.235],[113.812,-7.22]]],[[[114.044,-7.202],[114.048,-7.203],[114.047,-7.201],[114.044,-7.202]]],[[[113.924,-7.174],[113.881,-7.205],[113.93,-7.204],[113.955,-7.232],[113.924,-7.174]]],[[[114.61,-7.167],[114.604,-7.171],[114.617,-7.169],[114.61,-7.167]]],[[[114.685,-7.164],[114.658,-7.162],[114.656,-7.17],[114.685,-7.164]]],[[[115.869,-7.157],[115.869,-7.154],[115.868,-7.156],[115.869,-7.157]]],[[[115.841,-7.152],[115.84,-7.15],[115.839,-7.151],[115.841,-7.152]]],[[[115.854,-7.149],[115.864,-7.148],[115.856,-7.145],[115.854,-7.149]]],[[[115.854,-7.145],[115.85,-7.142],[115.851,-7.147],[115.854,-7.145]]],[[[115.843,-7.144],[115.84,-7.144],[115.841,-7.145],[115.843,-7.144]]],[[[115.836,-7.14],[115.839,-7.135],[115.834,-7.138],[115.836,-7.14]]],[[[114.773,-7.132],[114.767,-7.13],[114.768,-7.128],[114.773,-7.132]]],[[[114.612,-7.139],[114.532,-7.128],[114.474,-7.147],[114.487,-7.159],[114.55,-7.142],[114.575,-7.166],[114.614,-7.157],[114.612,-7.139]]],[[[114.586,-7.128],[114.584,-7.126],[114.579,-7.129],[114.586,-7.128]]],[[[115.771,-7.128],[115.762,-7.121],[115.76,-7.129],[115.771,-7.128]]],[[[114.784,-7.12],[114.773,-7.123],[114.774,-7.133],[114.784,-7.12]]],[[[115.759,-7.115],[115.757,-7.117],[115.764,-7.116],[115.759,-7.115]]],[[[115.77,-7.109],[115.757,-7.112],[115.77,-7.115],[115.77,-7.109]]],[[[114.699,-7.109],[114.699,-7.104],[114.695,-7.106],[114.699,-7.109]]],[[[114.795,-7.104],[114.792,-7.104],[114.794,-7.107],[114.795,-7.104]]],[[[115.905,-7.105],[115.891,-7.11],[115.892,-7.138],[115.888,-7.12],[115.87,-7.131],[115.879,-7.159],[115.892,-7.149],[115.885,-7.164],[115.808,-7.153],[115.782,-7.109],[115.775,-7.15],[115.762,-7.129],[115.741,-7.154],[115.828,-7.205],[115.879,-7.202],[115.897,-7.182],[115.905,-7.105]]],[[[114.682,-7.101],[114.684,-7.093],[114.675,-7.098],[114.682,-7.101]]],[[[115.766,-7.092],[115.748,-7.1],[115.755,-7.107],[115.766,-7.092]]],[[[115.2,-7.088],[115.193,-7.085],[115.193,-7.091],[115.2,-7.088]]],[[[114.644,-7.085],[114.65,-7.081],[114.645,-7.074],[114.644,-7.085]]],[[[114.576,-7.075],[114.578,-7.07],[114.57,-7.075],[114.576,-7.075]]],[[[115.71,-7.059],[115.686,-7.056],[115.689,-7.07],[115.71,-7.059]]],[[[113.953,-7.057],[113.936,-7.068],[113.941,-7.089],[114.064,-7.11],[114.048,-7.074],[113.978,-7.072],[113.953,-7.057]]],[[[114.335,-7.056],[114.293,-7.065],[114.272,-7.088],[114.275,-7.108],[114.312,-7.159],[114.386,-7.181],[114.407,-7.165],[114.37,-7.086],[114.335,-7.056]]],[[[115.801,-7.059],[115.804,-7.051],[115.8,-7.057],[115.801,-7.059]]],[[[115.663,-7.044],[115.648,-7.054],[115.668,-7.066],[115.675,-7.061],[115.663,-7.044]]],[[[115.636,-7.041],[115.6,-7.036],[115.596,-7.053],[115.618,-7.047],[115.615,-7.062],[115.63,-7.064],[115.636,-7.041]]],[[[115.81,-7.035],[115.816,-7.033],[115.816,-7.031],[115.81,-7.035]]],[[[115.692,-7.025],[115.695,-7.02],[115.689,-7.023],[115.692,-7.025]]],[[[115.691,-7.009],[115.69,-7.009],[115.691,-7.01],[115.691,-7.009]]],[[[115.555,-7.015],[115.54,-7.011],[115.541,-7.025],[115.555,-7.015]]],[[[115.66,-7.008],[115.663,-7.009],[115.661,-7.007],[115.66,-7.008]]],[[[115.594,-7.003],[115.598,-7.004],[115.598,-7.001],[115.594,-7.003]]],[[[115.704,-7.003],[115.711,-7.004],[115.708,-7.0],[115.704,-7.003]]],[[[115.605,-7.002],[115.602,-7.0],[115.601,-7.001],[115.605,-7.002]]],[[[115.305,-7.005],[115.312,-7.003],[115.306,-6.998],[115.305,-7.005]]],[[[114.485,-6.999],[114.496,-6.991],[114.492,-6.985],[114.485,-6.999]]],[[[115.587,-6.989],[115.577,-6.991],[115.585,-6.995],[115.587,-6.989]]],[[[115.528,-7.031],[115.543,-6.979],[115.504,-7.011],[115.528,-7.031]]],[[[115.293,-6.976],[115.291,-6.977],[115.296,-6.977],[115.293,-6.976]]],[[[115.476,-7.005],[115.462,-6.972],[115.425,-6.985],[115.476,-7.005]]],[[[115.263,-6.975],[115.244,-6.97],[115.261,-6.985],[115.263,-6.975]]],[[[115.757,-6.975],[115.758,-6.965],[115.747,-6.97],[115.757,-6.975]]],[[[114.182,-7.002],[114.187,-6.974],[114.174,-6.964],[114.16,-6.998],[114.182,-7.002]]],[[[115.324,-6.97],[115.325,-6.964],[115.322,-6.967],[115.324,-6.97]]],[[[115.496,-6.964],[115.501,-6.964],[115.5,-6.962],[115.496,-6.964]]],[[[114.428,-6.972],[114.437,-6.968],[114.434,-6.962],[114.428,-6.972]]],[[[115.555,-6.967],[115.553,-6.963],[115.552,-6.968],[115.555,-6.967]]],[[[115.463,-6.963],[115.468,-6.963],[115.467,-6.961],[115.463,-6.963]]],[[[115.408,-6.979],[115.418,-6.966],[115.415,-6.959],[115.408,-6.979]]],[[[115.306,-6.96],[115.306,-6.963],[115.309,-6.964],[115.306,-6.96]]],[[[115.251,-6.964],[115.254,-6.961],[115.249,-6.96],[115.251,-6.964]]],[[[115.525,-6.959],[115.525,-6.958],[115.524,-6.958],[115.525,-6.959]]],[[[115.437,-6.959],[115.437,-6.956],[115.436,-6.958],[115.437,-6.959]]],[[[115.507,-6.959],[115.504,-6.957],[115.503,-6.958],[115.507,-6.959]]],[[[115.497,-6.957],[115.502,-6.956],[115.498,-6.954],[115.497,-6.957]]],[[[115.523,-6.952],[115.518,-6.96],[115.525,-6.957],[115.523,-6.952]]],[[[115.503,-6.95],[115.501,-6.954],[115.504,-6.954],[115.503,-6.95]]],[[[115.914,-6.95],[115.902,-6.961],[115.935,-6.961],[115.914,-6.95]]],[[[115.505,-6.95],[115.509,-6.95],[115.507,-6.948],[115.505,-6.95]]],[[[115.415,-6.95],[115.413,-6.948],[115.416,-6.954],[115.415,-6.95]]],[[[115.522,-6.95],[115.509,-6.947],[115.508,-6.948],[115.522,-6.95]]],[[[115.461,-6.948],[115.461,-6.945],[115.457,-6.948],[115.461,-6.948]]],[[[115.492,-6.943],[115.489,-6.95],[115.498,-6.953],[115.492,-6.943]]],[[[115.481,-6.942],[115.473,-6.945],[115.481,-6.944],[115.481,-6.942]]],[[[115.587,-6.94],[115.565,-6.96],[115.591,-6.978],[115.589,-6.993],[115.648,-6.997],[115.685,-7.012],[115.673,-6.989],[115.587,-6.94]]],[[[115.875,-6.938],[115.867,-6.951],[115.868,-6.961],[115.883,-6.95],[115.875,-6.938]]],[[[115.384,-6.94],[115.387,-6.937],[115.385,-6.937],[115.384,-6.94]]],[[[115.794,-6.956],[115.788,-6.935],[115.778,-6.961],[115.794,-6.956]]],[[[115.36,-6.936],[115.361,-6.935],[115.359,-6.935],[115.36,-6.936]]],[[[115.637,-6.937],[115.636,-6.933],[115.635,-6.935],[115.637,-6.937]]],[[[115.384,-6.934],[115.384,-6.931],[115.383,-6.932],[115.384,-6.934]]],[[[116.262,-6.931],[116.265,-6.934],[116.235,-6.946],[116.27,-6.939],[116.262,-6.931]]],[[[115.744,-6.935],[115.748,-6.933],[115.748,-6.928],[115.744,-6.935]]],[[[115.371,-6.929],[115.375,-6.929],[115.371,-6.928],[115.371,-6.929]]],[[[113.602,-7.128],[113.644,-7.129],[113.683,-7.108],[113.891,-7.133],[113.888,-7.104],[113.87,-7.094],[113.906,-7.047],[113.947,-7.053],[113.92,-7.031],[113.926,-7.018],[113.961,-7.04],[113.988,-7.008],[114.043,-7.007],[114.124,-6.977],[114.094,-6.93],[113.943,-6.868],[113.639,-6.887],[113.635,-6.914],[113.649,-6.919],[113.608,-6.974],[113.612,-7.011],[113.581,-7.018],[113.577,-7.033],[113.604,-7.042],[113.593,-7.061],[113.621,-7.089],[113.602,-7.128]]],[[[115.216,-6.843],[115.221,-6.843],[115.219,-6.839],[115.216,-6.843]]],[[[115.393,-6.834],[115.246,-6.827],[115.227,-6.843],[115.248,-6.844],[115.253,-6.862],[115.239,-6.886],[115.207,-6.889],[115.203,-6.937],[115.236,-6.944],[115.24,-6.933],[115.247,-6.948],[115.269,-6.935],[115.274,-6.948],[115.256,-6.954],[115.263,-6.963],[115.264,-6.991],[115.293,-7.012],[115.301,-6.988],[115.29,-6.98],[115.286,-6.97],[115.309,-6.977],[115.298,-6.956],[115.303,-6.948],[115.326,-6.961],[115.323,-6.972],[115.315,-6.969],[115.333,-6.995],[115.404,-6.989],[115.375,-6.973],[115.391,-6.976],[115.385,-6.957],[115.351,-6.936],[115.337,-6.947],[115.33,-6.931],[115.354,-6.916],[115.369,-6.929],[115.376,-6.9],[115.381,-6.924],[115.397,-6.907],[115.412,-6.942],[115.431,-6.917],[115.434,-6.948],[115.449,-6.911],[115.461,-6.922],[115.453,-6.932],[115.475,-6.923],[115.498,-6.949],[115.519,-6.945],[115.548,-6.966],[115.576,-6.933],[115.555,-6.903],[115.393,-6.834]]],[[[115.633,-6.675],[115.636,-6.672],[115.636,-6.67],[115.633,-6.675]]],[[[115.714,-6.634],[115.713,-6.632],[115.712,-6.634],[115.714,-6.634]]],[[[115.513,-6.609],[115.512,-6.602],[115.511,-6.61],[115.513,-6.609]]],[[[115.543,-6.562],[115.546,-6.562],[115.543,-6.561],[115.543,-6.562]]],[[[115.747,-6.486],[115.751,-6.485],[115.748,-6.481],[115.747,-6.486]]],[[[114.413,-5.532],[114.393,-5.542],[114.394,-5.567],[114.434,-5.588],[114.451,-5.547],[114.417,-5.551],[114.413,-5.532]]],[[[114.415,-5.43],[114.413,-5.451],[114.436,-5.46],[114.436,-5.448],[114.415,-5.43]]],[[[114.598,-5.106],[114.597,-5.107],[114.598,-5.107],[114.598,-5.106]]],[[[114.603,-5.102],[114.608,-5.048],[114.587,-5.067],[114.589,-5.095],[114.603,-5.102]]]]},"id":3529},{"type":"Feature","properties":{"code":9427},"geometry":{"type":"MultiPolygon","coordinates":[[[[135.513,-0.962],[135.49,-0.928],[135.493,-0.964],[135.513,-0.962]]],[[[135.447,-0.882],[135.445,-0.872],[135.445,-0.878],[135.447,-0.882]]],[[[135.437,-0.864],[135.437,-0.867],[135.439,-0.867],[135.437,-0.864]]],[[[135.53,-0.863],[135.525,-0.864],[135.528,-0.867],[135.53,-0.863]]],[[[135.506,-0.835],[135.503,-0.828],[135.501,-0.832],[135.506,-0.835]]],[[[135.495,-0.826],[135.493,-0.826],[135.493,-0.827],[135.495,-0.826]]],[[[135.529,-0.808],[135.528,-0.806],[135.525,-0.807],[135.529,-0.808]]],[[[135.539,-0.803],[135.542,-0.802],[135.541,-0.801],[135.539,-0.803]]],[[[135.522,-0.801],[135.524,-0.8],[135.523,-0.798],[135.522,-0.801]]],[[[135.519,-0.796],[135.522,-0.796],[135.521,-0.795],[135.519,-0.796]]],[[[135.726,-0.777],[135.726,-0.776],[135.724,-0.776],[135.726,-0.777]]],[[[135.534,-0.649],[135.524,-0.65],[135.527,-0.655],[135.534,-0.649]]],[[[135.498,-0.636],[135.503,-0.635],[135.501,-0.632],[135.498,-0.636]]],[[[135.489,-0.631],[135.481,-0.629],[135.488,-0.64],[135.489,-0.631]]],[[[135.803,-0.686],[135.748,-0.74],[135.718,-0.708],[135.685,-0.719],[135.677,-0.687],[135.643,-0.662],[135.595,-0.702],[135.59,-0.663],[135.55,-0.656],[135.534,-0.674],[135.459,-0.646],[135.443,-0.659],[135.447,-0.641],[135.411,-0.651],[135.391,-0.62],[135.361,-0.638],[135.388,-0.678],[135.393,-0.722],[135.49,-0.805],[135.483,-0.815],[135.51,-0.827],[135.516,-0.855],[135.53,-0.854],[135.54,-0.872],[135.542,-0.838],[135.525,-0.831],[135.512,-0.789],[135.497,-0.81],[135.467,-0.744],[135.487,-0.77],[135.555,-0.803],[135.642,-0.887],[135.726,-0.773],[135.729,-0.775],[135.723,-0.793],[135.708,-0.803],[135.738,-0.794],[135.803,-0.74],[135.803,-0.686]]],[[[135.278,-0.406],[135.272,-0.394],[135.267,-0.392],[135.262,-0.409],[135.278,-0.406]]],[[[134.297,0.804],[134.306,0.837],[134.303,0.844],[134.296,0.824],[134.297,0.804]]],[[[134.322,0.907],[134.341,0.918],[134.337,0.93],[134.322,0.907]]],[[[134.299,0.934],[134.299,0.937],[134.295,0.936],[134.299,0.934]]]]},"id":9427},{"type":"Feature","properties":{"code":6309},"geometry":{"type":"Polygon","coordinates":[[[115.721,-1.99],[115.696,-1.974],[115.727,-1.924],[115.726,-1.803],[115.708,-1.788],[115.68,-1.794],[115.708,-1.727],[115.665,-1.709],[115.669,-1.631],[115.639,-1.609],[115.63,-1.575],[115.645,-1.559],[115.631,-1.53],[115.654,-1.512],[115.622,-1.516],[115.616,-1.499],[115.627,-1.467],[115.687,-1.445],[115.723,-1.372],[115.741,-1.364],[115.753,-1.315],[115.709,-1.338],[115.625,-1.35],[115.523,-1.43],[115.399,-1.675],[115.381,-1.719],[115.396,-1.747],[115.366,-1.807],[115.372,-1.824],[115.353,-1.832],[115.372,-1.876],[115.396,-1.899],[115.4,-1.886],[115.409,-1.899],[115.42,-1.891],[115.431,-1.924],[115.404,-1.989],[115.408,-2.058],[115.345,-2.082],[115.321,-2.072],[115.317,-2.124],[115.303,-2.136],[115.329,-2.162],[115.315,-2.193],[115.29,-2.225],[115.264,-2.225],[115.241,-2.196],[115.253,-2.239],[115.153,-2.304],[115.25,-2.354],[115.355,-2.341],[115.491,-2.249],[115.518,-2.207],[115.584,-2.177],[115.594,-2.147],[115.639,-2.149],[115.701,-2.069],[115.721,-1.99]]]},"id":6309},{"type":"Feature","properties":{"code":5102},"geometry":{"type":"Polygon","coordinates":[[[115.186,-8.247],[115.109,-8.278],[115.101,-8.307],[115.072,-8.314],[115.03,-8.3],[115.01,-8.31],[114.98,-8.289],[114.949,-8.36],[114.931,-8.363],[114.915,-8.467],[115.057,-8.58],[115.099,-8.635],[115.119,-8.61],[115.139,-8.616],[115.156,-8.6],[115.149,-8.582],[115.184,-8.493],[115.176,-8.459],[115.198,-8.445],[115.202,-8.489],[115.217,-8.438],[115.196,-8.362],[115.212,-8.329],[115.186,-8.247]]]},"id":5102},{"type":"Feature","properties":{"code":7305},"geometry":{"type":"MultiPolygon","coordinates":[[[[119.294,-5.449],[119.262,-5.455],[119.276,-5.5],[119.257,-5.501],[119.254,-5.483],[119.243,-5.504],[119.258,-5.525],[119.272,-5.52],[119.272,-5.536],[119.319,-5.51],[119.32,-5.475],[119.294,-5.449]]],[[[119.235,-5.443],[119.223,-5.449],[119.224,-5.469],[119.239,-5.457],[119.235,-5.443]]],[[[119.221,-5.444],[119.222,-5.433],[119.216,-5.441],[119.221,-5.444]]],[[[119.19,-5.396],[119.198,-5.396],[119.196,-5.392],[119.19,-5.396]]],[[[119.336,-5.323],[119.344,-5.324],[119.337,-5.319],[119.336,-5.323]]],[[[119.34,-5.316],[119.341,-5.313],[119.34,-5.313],[119.34,-5.316]]],[[[119.424,-5.255],[119.427,-5.259],[119.427,-5.254],[119.424,-5.255]]],[[[119.407,-5.252],[119.383,-5.214],[119.354,-5.325],[119.363,-5.418],[119.431,-5.512],[119.424,-5.576],[119.459,-5.606],[119.487,-5.604],[119.486,-5.583],[119.471,-5.593],[119.459,-5.578],[119.505,-5.552],[119.511,-5.536],[119.486,-5.499],[119.521,-5.485],[119.505,-5.457],[119.529,-5.431],[119.573,-5.446],[119.632,-5.434],[119.627,-5.419],[119.646,-5.396],[119.599,-5.334],[119.593,-5.293],[119.56,-5.29],[119.501,-5.323],[119.463,-5.312],[119.456,-5.329],[119.475,-5.33],[119.449,-5.356],[119.457,-5.375],[119.426,-5.397],[119.433,-5.437],[119.418,-5.438],[119.421,-5.41],[119.37,-5.425],[119.363,-5.408],[119.406,-5.351],[119.376,-5.292],[119.407,-5.252]],[[119.419,-5.454],[119.431,-5.458],[119.422,-5.469],[119.419,-5.454]]]]},"id":7305},{"type":"Feature","properties":{"code":9205},"geometry":{"type":"Polygon","coordinates":[[[133.506,-0.747],[133.389,-0.739],[133.321,-0.698],[133.225,-0.6],[133.162,-0.572],[133.151,-0.546],[133.096,-0.545],[133.081,-0.517],[133.024,-0.513],[133.016,-0.529],[133.002,-0.481],[132.961,-0.474],[132.961,-0.44],[132.88,-0.447],[132.713,-0.373],[132.709,-0.356],[132.691,-0.366],[132.409,-0.344],[132.344,-0.377],[132.257,-0.379],[132.244,-0.4],[132.162,-0.425],[132.078,-0.482],[132.059,-0.536],[132.021,-0.55],[132.098,-0.643],[132.135,-0.654],[132.123,-0.675],[132.033,-0.723],[132.033,-0.78],[132.059,-0.777],[132.179,-0.879],[132.143,-0.9],[132.137,-0.924],[132.153,-0.935],[132.124,-0.991],[131.937,-1.061],[132.452,-1.088],[132.487,-1.094],[132.505,-1.126],[132.675,-1.145],[132.731,-1.168],[133.334,-1.275],[133.367,-1.194],[133.455,-1.069],[133.469,-1.018],[133.516,-0.998],[133.488,-0.887],[133.47,-0.883],[133.473,-0.81],[133.506,-0.747]]]},"id":9205},{"type":"Feature","properties":{"code":6503},"geometry":{"type":"MultiPolygon","coordinates":[[[[117.416,3.361],[117.419,3.371],[117.416,3.383],[117.415,3.377],[117.416,3.361]]],[[[117.438,3.417],[117.366,3.44],[117.369,3.415],[117.396,3.407],[117.415,3.39],[117.421,3.373],[117.417,3.339],[117.435,3.349],[117.438,3.417]]],[[[117.388,3.322],[117.415,3.336],[117.413,3.39],[117.369,3.412],[117.356,3.448],[117.306,3.449],[117.331,3.379],[117.372,3.37],[117.388,3.322]]],[[[117.41,3.448],[117.394,3.451],[117.417,3.444],[117.41,3.448]]],[[[117.453,3.449],[117.427,3.453],[117.46,3.438],[117.453,3.449]]],[[[117.281,3.465],[117.297,3.465],[117.276,3.468],[117.281,3.465]]],[[[117.344,3.469],[117.335,3.473],[117.327,3.474],[117.344,3.469]]],[[[117.326,3.481],[117.324,3.488],[117.316,3.484],[117.326,3.481]]],[[[117.406,3.552],[117.411,3.557],[117.403,3.561],[117.406,3.552]]],[[[117.32,3.572],[117.331,3.574],[117.332,3.577],[117.32,3.572]]],[[[117.314,3.57],[117.334,3.582],[117.311,3.58],[117.314,3.57]]],[[[117.395,3.584],[117.405,3.568],[117.416,3.566],[117.412,3.582],[117.395,3.584]]],[[[117.392,3.584],[117.367,3.579],[117.403,3.568],[117.392,3.584]]],[[[117.248,3.588],[117.201,3.539],[117.23,3.496],[117.324,3.491],[117.449,3.455],[117.482,3.432],[117.517,3.481],[117.504,3.497],[117.439,3.504],[117.437,3.528],[117.371,3.562],[117.302,3.56],[117.278,3.587],[117.248,3.588]]],[[[117.46,3.568],[117.389,3.613],[117.291,3.596],[117.302,3.578],[117.326,3.586],[117.396,3.589],[117.417,3.584],[117.435,3.562],[117.46,3.568]]],[[[117.545,3.58],[117.543,3.607],[117.513,3.611],[117.507,3.594],[117.545,3.58]]],[[[117.053,3.61],[117.05,3.615],[117.04,3.604],[117.053,3.61]]],[[[117.37,3.622],[117.342,3.622],[117.319,3.614],[117.357,3.613],[117.37,3.622]]],[[[117.095,3.615],[117.102,3.623],[117.09,3.619],[117.095,3.615]]],[[[117.377,3.636],[117.367,3.632],[117.384,3.63],[117.377,3.636]]],[[[117.402,3.63],[117.391,3.637],[117.382,3.636],[117.402,3.63]]],[[[117.482,3.637],[117.476,3.646],[117.457,3.633],[117.435,3.64],[117.43,3.624],[117.495,3.598],[117.521,3.636],[117.487,3.634],[117.482,3.637]]],[[[117.493,3.667],[117.497,3.639],[117.52,3.64],[117.512,3.659],[117.493,3.667]]],[[[117.283,3.423],[117.307,3.41],[117.299,3.449],[117.321,3.462],[117.281,3.46],[117.223,3.489],[117.225,3.442],[117.179,3.425],[117.171,3.429],[117.173,3.413],[117.157,3.391],[117.17,3.429],[117.186,3.429],[117.182,3.445],[117.188,3.43],[117.221,3.443],[117.217,3.492],[117.193,3.535],[117.227,3.591],[117.22,3.609],[117.132,3.621],[117.022,3.586],[117.0,3.597],[117.076,3.635],[117.156,3.644],[117.261,3.617],[117.384,3.64],[117.428,3.624],[117.435,3.641],[117.457,3.634],[117.475,3.647],[117.495,3.639],[117.489,3.67],[117.46,3.654],[117.296,3.636],[116.956,3.714],[116.742,3.681],[116.761,3.659],[116.764,3.584],[116.736,3.555],[116.728,3.494],[116.693,3.473],[116.703,3.429],[116.753,3.376],[116.772,3.383],[116.78,3.367],[116.835,3.39],[116.924,3.398],[116.964,3.385],[117.054,3.406],[117.081,3.4],[117.11,3.346],[117.173,3.356],[117.184,3.335],[117.219,3.337],[117.242,3.313],[117.283,3.393],[117.283,3.423]]],[[[117.744,3.699],[117.728,3.715],[117.729,3.687],[117.708,3.667],[117.73,3.631],[117.768,3.676],[117.759,3.689],[117.759,3.687],[117.753,3.686],[117.752,3.674],[117.749,3.67],[117.735,3.668],[117.75,3.672],[117.753,3.686],[117.758,3.688],[117.734,3.693],[117.744,3.699]]],[[[117.785,3.739],[117.789,3.741],[117.781,3.741],[117.785,3.739]]],[[[117.773,3.743],[117.764,3.749],[117.749,3.751],[117.756,3.747],[117.773,3.743]]],[[[117.809,3.753],[117.742,3.759],[117.792,3.74],[117.8,3.732],[117.813,3.734],[117.809,3.753]]],[[[117.81,3.726],[117.664,3.771],[117.732,3.742],[117.735,3.719],[117.752,3.731],[117.75,3.698],[117.761,3.719],[117.775,3.719],[117.752,3.696],[117.766,3.696],[117.772,3.704],[117.778,3.706],[117.779,3.71],[117.787,3.711],[117.78,3.71],[117.779,3.706],[117.777,3.704],[117.772,3.703],[117.771,3.7],[117.767,3.696],[117.764,3.695],[117.779,3.685],[117.826,3.704],[117.81,3.726]]],[[[117.595,3.779],[117.596,3.794],[117.531,3.765],[117.495,3.773],[117.478,3.755],[117.485,3.716],[117.585,3.63],[117.666,3.615],[117.716,3.628],[117.707,3.667],[117.728,3.687],[117.728,3.727],[117.703,3.725],[117.7,3.729],[117.703,3.739],[117.691,3.736],[117.685,3.745],[117.68,3.732],[117.671,3.734],[117.685,3.747],[117.659,3.745],[117.66,3.753],[117.638,3.762],[117.635,3.769],[117.661,3.753],[117.66,3.746],[117.685,3.748],[117.692,3.737],[117.702,3.742],[117.705,3.737],[117.702,3.729],[117.704,3.727],[117.728,3.74],[117.663,3.77],[117.663,3.772],[117.667,3.774],[117.678,3.776],[117.664,3.784],[117.649,3.767],[117.595,3.779]]]]},"id":6503},{"type":"Feature","properties":{"code":7318},"geometry":{"type":"Polygon","coordinates":[[[120.033,-3.373],[120.043,-3.353],[120.024,-3.281],[119.982,-3.25],[119.991,-3.204],[119.956,-3.173],[119.976,-3.129],[119.966,-3.063],[119.947,-3.072],[119.923,-3.045],[119.894,-3.044],[119.895,-3.017],[119.853,-3.045],[119.838,-3.0],[119.822,-3.029],[119.803,-3.029],[119.783,-2.933],[119.74,-2.938],[119.733,-2.952],[119.709,-2.94],[119.687,-2.877],[119.696,-2.849],[119.674,-2.769],[119.688,-2.753],[119.588,-2.743],[119.561,-2.812],[119.568,-2.87],[119.55,-2.897],[119.576,-2.951],[119.565,-2.997],[119.636,-3.127],[119.606,-3.119],[119.536,-3.139],[119.515,-3.171],[119.475,-3.191],[119.43,-3.172],[119.371,-3.197],[119.374,-3.214],[119.432,-3.267],[119.443,-3.254],[119.507,-3.297],[119.558,-3.269],[119.58,-3.288],[119.614,-3.287],[119.643,-3.317],[119.649,-3.36],[119.674,-3.366],[119.721,-3.352],[119.729,-3.329],[119.716,-3.298],[119.77,-3.274],[119.778,-3.241],[119.831,-3.248],[119.85,-3.28],[119.881,-3.256],[119.906,-3.259],[119.949,-3.296],[119.999,-3.304],[120.002,-3.333],[120.033,-3.373]]]},"id":7318},{"type":"Feature","properties":{"code":6310},"geometry":{"type":"MultiPolygon","coordinates":[[[[116.036,-3.441],[116.037,-3.435],[116.034,-3.438],[116.036,-3.441]]],[[[116.027,-3.457],[116.034,-3.448],[116.033,-3.438],[116.039,-3.42],[116.015,-3.437],[116.027,-3.457]]],[[[116.039,-3.388],[116.041,-3.388],[116.04,-3.385],[116.039,-3.388]]],[[[116.026,-3.405],[116.035,-3.397],[116.045,-3.357],[116.032,-3.364],[116.026,-3.405]]],[[[116.058,-3.353],[116.068,-3.378],[116.07,-3.348],[116.058,-3.353]]],[[[116.065,-3.321],[116.066,-3.32],[116.064,-3.319],[116.065,-3.321]]],[[[115.247,-3.596],[115.279,-3.679],[115.367,-3.817],[115.375,-3.861],[115.632,-3.75],[115.716,-3.731],[115.833,-3.63],[115.969,-3.607],[115.995,-3.566],[115.99,-3.526],[116.014,-3.483],[116.007,-3.432],[116.03,-3.365],[116.087,-3.28],[116.082,-3.257],[116.041,-3.261],[115.99,-3.219],[115.946,-3.253],[115.927,-3.226],[115.951,-3.192],[115.934,-3.152],[115.764,-3.191],[115.704,-3.079],[115.683,-3.072],[115.679,-3.086],[115.638,-3.057],[115.624,-3.068],[115.561,-3.06],[115.494,-3.125],[115.477,-3.105],[115.438,-3.136],[115.422,-3.158],[115.41,-3.239],[115.372,-3.257],[115.457,-3.286],[115.459,-3.329],[115.437,-3.344],[115.427,-3.425],[115.407,-3.444],[115.42,-3.478],[115.38,-3.506],[115.333,-3.513],[115.311,-3.549],[115.247,-3.596]]]]},"id":6310},{"type":"Feature","properties":{"code":1305},"geometry":{"type":"Polygon","coordinates":[[[100.315,-0.429],[100.331,-0.488],[100.392,-0.491],[100.382,-0.525],[100.417,-0.599],[100.375,-0.621],[100.43,-0.637],[100.43,-0.656],[100.485,-0.658],[100.52,-0.635],[100.485,-0.574],[100.495,-0.535],[100.543,-0.553],[100.571,-0.608],[100.599,-0.554],[100.637,-0.538],[100.677,-0.536],[100.677,-0.554],[100.698,-0.555],[100.707,-0.573],[100.731,-0.553],[100.779,-0.561],[100.784,-0.549],[100.797,-0.564],[100.852,-0.522],[100.84,-0.494],[100.816,-0.487],[100.837,-0.393],[100.825,-0.352],[100.777,-0.346],[100.754,-0.366],[100.673,-0.324],[100.661,-0.349],[100.608,-0.352],[100.6,-0.314],[100.579,-0.308],[100.567,-0.28],[100.535,-0.28],[100.509,-0.303],[100.469,-0.39],[100.333,-0.392],[100.315,-0.429]],[[100.399,-0.45],[100.432,-0.462],[100.433,-0.488],[100.367,-0.479],[100.399,-0.45]]]},"id":1305},{"type":"Feature","properties":{"code":6301},"geometry":{"type":"Polygon","coordinates":[[[114.918,-3.609],[114.889,-3.55],[114.877,-3.557],[114.834,-3.538],[114.831,-3.523],[114.761,-3.509],[114.516,-3.544],[114.558,-3.555],[114.62,-3.673],[114.603,-3.806],[114.637,-4.026],[114.619,-4.16],[114.635,-4.172],[114.72,-4.165],[115.021,-4.006],[115.377,-3.858],[115.247,-3.596],[115.122,-3.634],[115.083,-3.669],[114.983,-3.7],[114.956,-3.73],[114.936,-3.722],[114.935,-3.687],[114.968,-3.628],[114.918,-3.609]]]},"id":6301},{"type":"Feature","properties":{"code":3603},"geometry":{"type":"Polygon","coordinates":[[[106.593,-6.362],[106.656,-6.357],[106.646,-6.339],[106.662,-6.317],[106.657,-6.29],[106.639,-6.23],[106.611,-6.227],[106.601,-6.205],[106.582,-6.22],[106.551,-6.189],[106.59,-6.148],[106.613,-6.147],[106.635,-6.105],[106.642,-6.117],[106.722,-6.091],[106.714,-6.044],[106.643,-6.001],[106.586,-6.032],[106.535,-6.01],[106.496,-6.044],[106.411,-6.023],[106.366,-6.038],[106.339,-6.063],[106.35,-6.109],[106.392,-6.151],[106.366,-6.214],[106.387,-6.23],[106.399,-6.332],[106.43,-6.347],[106.469,-6.303],[106.484,-6.325],[106.476,-6.35],[106.519,-6.355],[106.531,-6.339],[106.513,-6.325],[106.526,-6.324],[106.577,-6.338],[106.593,-6.362]]]},"id":3603},{"type":"Feature","properties":{"code":1802},"geometry":{"type":"MultiPolygon","coordinates":[[[[104.853,-5.806],[104.798,-5.764],[104.782,-5.765],[104.814,-5.824],[104.854,-5.84],[104.853,-5.806]]],[[[104.348,-5.381],[104.41,-5.455],[104.44,-5.523],[104.487,-5.546],[104.509,-5.585],[104.539,-5.601],[104.532,-5.62],[104.57,-5.625],[104.629,-5.694],[104.611,-5.717],[104.613,-5.749],[104.587,-5.755],[104.614,-5.798],[104.654,-5.82],[104.633,-5.84],[104.659,-5.936],[104.733,-5.927],[104.698,-5.877],[104.71,-5.831],[104.644,-5.742],[104.655,-5.726],[104.639,-5.685],[104.53,-5.544],[104.606,-5.49],[104.707,-5.521],[104.776,-5.604],[104.828,-5.621],[104.884,-5.665],[104.928,-5.665],[104.906,-5.676],[104.937,-5.702],[104.95,-5.693],[104.962,-5.718],[105.005,-5.717],[105.012,-5.732],[105.026,-5.727],[105.028,-5.752],[105.054,-5.743],[105.063,-5.764],[105.093,-5.756],[105.089,-5.774],[105.108,-5.772],[105.088,-5.795],[105.116,-5.775],[105.127,-5.798],[105.172,-5.8],[105.172,-5.78],[105.118,-5.772],[105.083,-5.726],[105.093,-5.673],[105.076,-5.672],[105.002,-5.596],[104.892,-5.546],[104.879,-5.495],[104.906,-5.456],[104.889,-5.426],[104.903,-5.41],[104.863,-5.384],[104.857,-5.343],[104.81,-5.318],[104.761,-5.252],[104.774,-5.213],[104.763,-5.181],[104.779,-5.164],[104.794,-5.17],[104.782,-5.141],[104.724,-5.134],[104.699,-5.167],[104.668,-5.172],[104.637,-5.15],[104.585,-5.148],[104.56,-5.113],[104.532,-5.107],[104.439,-5.174],[104.405,-5.168],[104.381,-5.329],[104.348,-5.381]]]]},"id":1802},{"type":"Feature","properties":{"code":1507},"geometry":{"type":"Polygon","coordinates":[[[103.167,-1.386],[103.231,-1.343],[103.236,-1.363],[103.252,-1.353],[103.26,-1.231],[103.401,-1.228],[103.435,-1.195],[103.441,-1.069],[103.475,-1.027],[103.535,-0.993],[103.565,-0.941],[103.574,-0.875],[103.549,-0.856],[103.548,-0.81],[103.488,-0.796],[103.486,-0.764],[103.463,-0.735],[103.442,-0.739],[103.439,-0.771],[103.357,-0.806],[103.345,-0.792],[103.138,-0.749],[103.012,-0.755],[102.928,-0.867],[102.783,-0.998],[102.781,-1.033],[102.758,-1.027],[102.731,-1.076],[102.685,-1.084],[102.649,-1.118],[102.646,-1.137],[102.699,-1.24],[102.756,-1.27],[102.78,-1.307],[102.813,-1.423],[102.823,-1.395],[102.893,-1.369],[102.961,-1.42],[103.042,-1.451],[103.051,-1.415],[103.071,-1.404],[103.059,-1.388],[103.117,-1.399],[103.146,-1.368],[103.167,-1.386]]]},"id":1507},{"type":"Feature","properties":{"code":1506},"geometry":{"type":"MultiPolygon","coordinates":[[[[104.497,-1.672],[104.469,-1.627],[104.439,-1.515],[104.458,-1.425],[104.456,-1.333],[104.392,-1.216],[104.406,-1.126],[104.364,-1.018],[104.333,-1.048],[104.205,-1.031],[104.134,-1.05],[104.03,-1.001],[103.908,-0.981],[103.844,-1.007],[103.848,-1.028],[103.842,-1.008],[103.808,-1.014],[103.802,-0.993],[103.749,-0.991],[103.753,-1.019],[103.748,-1.023],[103.74,-1.016],[103.728,-1.028],[103.74,-1.014],[103.753,-1.018],[103.747,-1.006],[103.75,-0.984],[103.729,-0.959],[103.674,-0.951],[103.592,-0.875],[103.574,-0.875],[103.549,-0.978],[103.441,-1.069],[103.435,-1.195],[103.401,-1.228],[103.346,-1.228],[103.346,-1.265],[103.393,-1.266],[103.456,-1.319],[103.552,-1.306],[103.559,-1.33],[103.583,-1.337],[103.584,-1.382],[104.072,-1.302],[104.17,-1.446],[104.253,-1.549],[104.297,-1.571],[104.332,-1.626],[104.358,-1.642],[104.428,-1.625],[104.497,-1.672]]],[[[104.403,-0.861],[104.407,-0.863],[104.409,-0.859],[104.403,-0.861]]]]},"id":1506},{"type":"Feature","properties":{"code":1203},"geometry":{"type":"MultiPolygon","coordinates":[[[[99.436,1.475],[99.419,1.446],[99.441,1.433],[99.436,1.475]]],[[[99.459,2.126],[99.445,2.025],[99.456,1.954],[99.364,1.936],[99.339,1.904],[99.346,1.853],[99.311,1.83],[99.287,1.837],[99.257,1.744],[99.142,1.639],[99.116,1.648],[99.077,1.698],[99.051,1.7],[99.057,1.643],[98.988,1.522],[99.011,1.481],[98.961,1.46],[98.984,1.446],[98.902,1.439],[98.856,1.467],[98.832,1.451],[98.842,1.43],[98.779,1.431],[98.837,1.354],[98.852,1.285],[98.867,1.279],[98.888,1.3],[98.905,1.292],[98.946,1.329],[98.97,1.299],[99.029,1.272],[99.049,1.204],[99.138,1.159],[99.118,1.101],[99.132,1.11],[99.187,1.095],[99.21,1.08],[99.221,1.044],[99.24,1.042],[99.261,1.053],[99.276,1.095],[99.336,1.024],[99.376,1.022],[99.439,0.975],[99.444,1.052],[99.424,1.071],[99.427,1.092],[99.443,1.111],[99.51,1.13],[99.432,1.184],[99.419,1.278],[99.345,1.428],[99.399,1.413],[99.403,1.483],[99.438,1.518],[99.39,1.572],[99.429,1.574],[99.454,1.595],[99.434,1.625],[99.439,1.663],[99.464,1.672],[99.511,1.726],[99.55,1.717],[99.57,1.806],[99.548,1.862],[99.576,1.91],[99.555,1.921],[99.544,1.953],[99.565,2.029],[99.55,2.078],[99.522,2.091],[99.512,2.122],[99.459,2.126]],[[99.236,1.468],[99.298,1.466],[99.325,1.404],[99.305,1.406],[99.308,1.387],[99.349,1.311],[99.31,1.303],[99.278,1.358],[99.245,1.364],[99.221,1.411],[99.236,1.468]]]]},"id":1203},{"type":"Feature","properties":{"code":1204},"geometry":{"type":"MultiPolygon","coordinates":[[[[98.489,1.682],[98.482,1.703],[98.455,1.702],[98.443,1.651],[98.5,1.624],[98.538,1.633],[98.563,1.615],[98.584,1.624],[98.61,1.613],[98.587,1.665],[98.57,1.648],[98.571,1.67],[98.545,1.681],[98.534,1.641],[98.491,1.656],[98.505,1.681],[98.489,1.682]]],[[[98.549,1.853],[98.544,1.853],[98.543,1.847],[98.549,1.853]]],[[[98.497,1.934],[98.499,1.938],[98.495,1.936],[98.497,1.934]]],[[[98.174,2.092],[98.183,2.094],[98.178,2.098],[98.174,2.092]]],[[[98.131,2.165],[98.26,2.064],[98.266,2.026],[98.283,2.042],[98.31,2.033],[98.339,2.046],[98.368,2.018],[98.356,2.003],[98.377,2.016],[98.446,1.999],[98.543,1.907],[98.562,1.868],[98.606,1.839],[98.685,1.734],[98.736,1.72],[98.731,1.766],[98.717,1.753],[98.668,1.769],[98.697,1.77],[98.707,1.785],[98.794,1.756],[98.808,1.729],[98.784,1.722],[98.781,1.7],[98.825,1.677],[98.818,1.661],[98.84,1.629],[98.8,1.597],[98.807,1.567],[98.782,1.58],[98.766,1.528],[98.731,1.568],[98.712,1.564],[98.764,1.494],[98.779,1.431],[98.842,1.43],[98.832,1.451],[98.856,1.467],[98.902,1.439],[98.97,1.439],[98.988,1.454],[98.964,1.456],[98.969,1.466],[99.008,1.473],[99.013,1.497],[98.988,1.522],[99.057,1.643],[99.051,1.699],[99.061,1.699],[99.038,1.71],[98.993,1.66],[98.977,1.661],[98.985,1.771],[98.891,1.754],[98.815,1.868],[98.788,1.861],[98.78,1.954],[98.727,1.957],[98.655,2.018],[98.644,2.003],[98.606,2.022],[98.591,2.083],[98.553,2.074],[98.449,2.092],[98.333,2.159],[98.303,2.161],[98.275,2.188],[98.27,2.262],[98.197,2.311],[98.178,2.239],[98.131,2.165]]]]},"id":1204},{"type":"Feature","properties":{"code":1205},"geometry":{"type":"MultiPolygon","coordinates":[[[[98.857,2.335],[98.953,2.321],[98.972,2.272],[98.94,2.262],[98.921,2.229],[98.811,2.188],[98.816,2.161],[98.725,2.126],[98.678,1.988],[98.727,1.957],[98.785,1.949],[98.788,1.861],[98.815,1.868],[98.891,1.754],[98.985,1.771],[98.977,1.661],[98.993,1.66],[99.01,1.692],[99.051,1.714],[99.142,1.639],[99.257,1.744],[99.287,1.837],[99.311,1.83],[99.346,1.853],[99.339,1.904],[99.364,1.936],[99.456,1.954],[99.445,2.025],[99.459,2.126],[99.435,2.123],[99.389,2.169],[99.334,2.123],[99.277,2.114],[99.247,2.127],[99.216,2.17],[99.198,2.23],[99.084,2.272],[99.002,2.253],[98.985,2.348],[98.975,2.339],[98.944,2.359],[98.904,2.334],[98.866,2.35],[98.857,2.335]]],[[[98.901,2.382],[98.884,2.359],[98.9,2.346],[98.91,2.361],[98.901,2.382]]]]},"id":1205},{"type":"Feature","properties":{"code":6305},"geometry":{"type":"Polygon","coordinates":[[[115.506,-2.884],[115.478,-2.872],[115.41,-2.892],[115.382,-2.881],[115.378,-2.918],[115.322,-2.935],[115.315,-2.924],[115.282,-2.929],[115.267,-2.896],[115.23,-2.87],[115.094,-2.829],[115.068,-2.845],[115.074,-2.786],[115.026,-2.779],[114.997,-2.756],[114.861,-2.523],[114.804,-2.742],[114.811,-2.806],[114.84,-2.87],[114.802,-2.94],[114.815,-3.006],[115.089,-3.183],[115.203,-3.212],[115.239,-3.162],[115.242,-3.135],[115.169,-3.115],[115.219,-3.038],[115.247,-3.043],[115.279,-2.996],[115.324,-2.968],[115.345,-2.966],[115.356,-2.984],[115.388,-2.977],[115.401,-2.995],[115.477,-2.94],[115.506,-2.884]]]},"id":6305},{"type":"Feature","properties":{"code":3206},"geometry":{"type":"Polygon","coordinates":[[[108.324,-7.34],[108.292,-7.34],[108.282,-7.351],[108.293,-7.358],[108.263,-7.374],[108.282,-7.385],[108.265,-7.433],[108.229,-7.425],[108.187,-7.446],[108.185,-7.395],[108.152,-7.335],[108.149,-7.287],[108.176,-7.288],[108.193,-7.269],[108.19,-7.167],[108.219,-7.123],[108.221,-7.085],[108.162,-7.074],[108.131,-7.038],[108.122,-7.114],[108.098,-7.102],[108.068,-7.13],[108.084,-7.162],[108.062,-7.223],[108.018,-7.23],[107.979,-7.272],[107.922,-7.288],[107.946,-7.33],[107.904,-7.362],[107.948,-7.401],[107.953,-7.46],[107.946,-7.541],[107.931,-7.56],[107.94,-7.581],[107.916,-7.597],[107.931,-7.686],[107.909,-7.731],[108.34,-7.816],[108.317,-7.786],[108.312,-7.718],[108.331,-7.712],[108.314,-7.69],[108.354,-7.683],[108.366,-7.658],[108.353,-7.638],[108.353,-7.562],[108.327,-7.55],[108.333,-7.513],[108.373,-7.478],[108.4,-7.478],[108.41,-7.498],[108.442,-7.488],[108.421,-7.487],[108.42,-7.422],[108.395,-7.411],[108.405,-7.36],[108.341,-7.356],[108.324,-7.34]]]},"id":3206},{"type":"Feature","properties":{"code":1508},"geometry":{"type":"Polygon","coordinates":[[[102.824,-1.452],[102.78,-1.307],[102.756,-1.27],[102.699,-1.24],[102.646,-1.137],[102.649,-1.118],[102.616,-1.094],[102.481,-1.079],[102.442,-1.025],[102.382,-1.026],[102.386,-0.993],[102.326,-0.963],[102.306,-0.917],[102.254,-0.921],[102.203,-0.948],[102.165,-0.898],[102.139,-0.899],[102.117,-0.92],[102.062,-0.889],[101.983,-0.88],[101.959,-0.909],[101.921,-0.911],[101.907,-0.95],[101.823,-0.992],[101.836,-1.11],[101.849,-1.099],[101.867,-1.111],[101.878,-1.093],[101.892,-1.102],[101.886,-1.137],[101.89,-1.121],[101.914,-1.14],[101.943,-1.129],[101.939,-1.145],[101.965,-1.138],[101.972,-1.154],[101.945,-1.196],[101.952,-1.214],[101.971,-1.214],[101.962,-1.251],[101.905,-1.259],[101.872,-1.305],[101.9,-1.353],[102.077,-1.394],[102.152,-1.459],[102.187,-1.45],[102.211,-1.474],[102.255,-1.478],[102.296,-1.457],[102.323,-1.502],[102.309,-1.558],[102.323,-1.572],[102.479,-1.569],[102.489,-1.646],[102.518,-1.638],[102.529,-1.657],[102.508,-1.694],[102.496,-1.686],[102.514,-1.714],[102.459,-1.8],[102.469,-1.859],[102.459,-1.897],[102.509,-1.911],[102.52,-1.857],[102.585,-1.881],[102.658,-1.82],[102.695,-1.724],[102.713,-1.718],[102.706,-1.704],[102.741,-1.691],[102.781,-1.633],[102.805,-1.578],[102.824,-1.452]]]},"id":1508},{"type":"Feature","properties":{"code":3328},"geometry":{"type":"Polygon","coordinates":[[[109.167,-7.268],[109.213,-7.234],[109.199,-7.224],[109.185,-7.135],[109.214,-7.129],[109.237,-7.074],[109.275,-7.052],[109.292,-6.994],[109.335,-6.956],[109.325,-6.925],[109.359,-6.882],[109.35,-6.861],[109.272,-6.873],[109.161,-6.844],[109.13,-6.896],[109.077,-6.887],[109.074,-6.994],[109.065,-6.973],[109.027,-6.985],[109.024,-7.044],[108.969,-7.06],[108.985,-7.097],[108.977,-7.121],[108.952,-7.123],[108.965,-7.15],[108.989,-7.132],[109.057,-7.149],[109.074,-7.114],[109.084,-7.147],[109.055,-7.184],[109.08,-7.214],[109.113,-7.213],[109.149,-7.246],[109.175,-7.239],[109.167,-7.268]]]},"id":3328},{"type":"Feature","properties":{"code":9104},"geometry":{"type":"MultiPolygon","coordinates":[[[[133.583,-2.564],[133.618,-2.537],[133.604,-2.537],[133.583,-2.564]]],[[[133.635,-2.498],[133.614,-2.505],[133.638,-2.524],[133.635,-2.498]]],[[[133.69,-2.543],[133.682,-2.5],[133.658,-2.492],[133.655,-2.517],[133.69,-2.543]]],[[[133.448,-2.487],[133.431,-2.481],[133.426,-2.489],[133.433,-2.502],[133.448,-2.487]]],[[[133.339,-2.423],[133.324,-2.444],[133.375,-2.496],[133.367,-2.446],[133.339,-2.423]]],[[[133.487,-2.401],[133.457,-2.41],[133.487,-2.432],[133.493,-2.468],[133.564,-2.509],[133.593,-2.488],[133.575,-2.444],[133.531,-2.435],[133.487,-2.401]]],[[[133.632,-2.234],[133.618,-2.22],[133.609,-2.233],[133.614,-2.238],[133.632,-2.234]]],[[[133.757,-2.251],[133.772,-2.221],[133.762,-2.215],[133.686,-2.263],[133.757,-2.251]]],[[[133.778,-2.18],[133.733,-2.176],[133.723,-2.206],[133.686,-2.231],[133.704,-2.241],[133.778,-2.18]]],[[[133.874,-2.16],[133.855,-2.161],[133.852,-2.167],[133.861,-2.179],[133.874,-2.16]]],[[[133.79,-2.195],[133.852,-2.191],[133.85,-2.16],[133.872,-2.15],[133.827,-2.153],[133.79,-2.195]]],[[[133.898,-2.134],[133.914,-2.131],[133.927,-2.114],[133.892,-2.112],[133.898,-2.134]]],[[[133.882,-2.14],[133.886,-2.113],[133.86,-2.1],[133.852,-2.13],[133.882,-2.14]]],[[[133.925,-2.102],[133.936,-2.108],[133.934,-2.094],[133.925,-2.102]]],[[[133.678,-3.004],[133.769,-3.005],[134.133,-2.839],[134.173,-2.846],[134.076,-2.574],[134.074,-2.427],[134.02,-2.004],[133.882,-2.022],[133.871,-1.991],[133.835,-1.806],[133.868,-1.691],[133.866,-1.596],[133.652,-1.588],[133.662,-1.363],[133.293,-1.266],[132.708,-1.16],[132.719,-1.219],[132.599,-1.414],[132.568,-1.594],[132.487,-1.805],[132.471,-1.912],[132.484,-2.057],[132.505,-2.123],[132.541,-2.189],[132.591,-2.189],[132.61,-2.207],[132.635,-2.276],[132.718,-2.298],[132.764,-2.256],[132.842,-2.24],[132.901,-2.278],[132.967,-2.292],[133.039,-2.236],[133.097,-2.233],[133.179,-2.193],[133.224,-2.199],[133.23,-2.214],[133.286,-2.192],[133.314,-2.214],[133.413,-2.207],[133.431,-2.226],[133.531,-2.237],[133.572,-2.22],[133.581,-2.19],[133.6,-2.176],[133.591,-2.222],[133.623,-2.216],[133.637,-2.232],[133.68,-2.198],[133.709,-2.197],[133.731,-2.156],[133.773,-2.167],[133.834,-2.135],[133.857,-2.097],[133.888,-2.109],[133.939,-2.092],[133.94,-2.111],[133.914,-2.143],[133.888,-2.148],[133.864,-2.202],[133.779,-2.239],[133.829,-2.291],[133.871,-2.278],[133.887,-2.296],[133.934,-2.301],[133.955,-2.17],[133.964,-2.237],[133.947,-2.3],[133.874,-2.312],[133.86,-2.333],[133.896,-2.377],[134.0,-2.393],[133.877,-2.386],[133.837,-2.411],[133.745,-2.426],[133.745,-2.455],[133.772,-2.481],[133.797,-2.481],[133.801,-2.51],[133.707,-2.502],[133.702,-2.567],[133.644,-2.534],[133.588,-2.568],[133.546,-2.549],[133.522,-2.579],[133.484,-2.507],[133.468,-2.557],[133.416,-2.545],[133.458,-2.554],[133.447,-2.503],[133.431,-2.506],[133.412,-2.546],[133.387,-2.547],[133.384,-2.514],[133.32,-2.451],[133.223,-2.413],[133.195,-2.431],[133.129,-2.438],[133.04,-2.513],[133.382,-2.791],[133.499,-2.856],[133.678,-3.004]]]]},"id":9104},{"type":"Feature","properties":{"code":9103},"geometry":{"type":"MultiPolygon","coordinates":[[[[134.479,-2.862],[134.479,-2.852],[134.475,-2.858],[134.479,-2.862]]],[[[134.459,-2.825],[134.459,-2.819],[134.457,-2.823],[134.459,-2.825]]],[[[134.395,-2.541],[134.372,-2.526],[134.387,-2.579],[134.395,-2.541]]],[[[134.308,-2.5],[134.304,-2.482],[134.303,-2.497],[134.308,-2.5]]],[[[134.283,-2.476],[134.285,-2.472],[134.281,-2.475],[134.283,-2.476]]],[[[134.519,-2.458],[134.521,-2.452],[134.517,-2.456],[134.519,-2.458]]],[[[134.537,-2.437],[134.531,-2.436],[134.53,-2.438],[134.537,-2.437]]],[[[134.526,-2.435],[134.517,-2.438],[134.527,-2.437],[134.526,-2.435]]],[[[134.52,-2.427],[134.522,-2.425],[134.518,-2.428],[134.52,-2.427]]],[[[134.547,-2.355],[134.544,-2.351],[134.542,-2.353],[134.547,-2.355]]],[[[134.518,-2.344],[134.5,-2.352],[134.527,-2.354],[134.518,-2.344]]],[[[134.524,-2.313],[134.531,-2.306],[134.518,-2.3],[134.524,-2.313]]],[[[134.471,-2.328],[134.49,-2.307],[134.488,-2.299],[134.463,-2.313],[134.471,-2.328]]],[[[134.588,-2.398],[134.562,-2.283],[134.559,-2.369],[134.502,-2.366],[134.52,-2.385],[134.507,-2.389],[134.512,-2.403],[134.561,-2.417],[134.531,-2.43],[134.562,-2.443],[134.577,-2.422],[134.561,-2.404],[134.588,-2.398]]],[[[134.767,-2.213],[134.768,-2.208],[134.765,-2.208],[134.767,-2.213]]],[[[134.471,-2.237],[134.495,-2.213],[134.482,-2.202],[134.471,-2.237]]],[[[134.741,-2.158],[134.747,-2.155],[134.736,-2.148],[134.741,-2.158]]],[[[134.14,-2.14],[134.135,-2.134],[134.136,-2.141],[134.14,-2.14]]],[[[134.15,-2.086],[134.151,-2.079],[134.148,-2.078],[134.15,-2.086]]],[[[134.722,-2.082],[134.728,-2.074],[134.724,-2.072],[134.722,-2.082]]],[[[134.154,-2.071],[134.154,-2.066],[134.152,-2.067],[134.154,-2.071]]],[[[134.716,-2.065],[134.721,-2.063],[134.717,-2.063],[134.716,-2.065]]],[[[134.135,-2.025],[134.135,-2.021],[134.133,-2.022],[134.135,-2.025]]],[[[134.74,-2.052],[134.746,-2.041],[134.738,-2.016],[134.725,-2.026],[134.74,-2.052]]],[[[134.159,-2.024],[134.151,-2.002],[134.156,-2.054],[134.159,-2.024]]],[[[134.412,-2.042],[134.404,-2.0],[134.373,-1.992],[134.317,-2.071],[134.327,-2.091],[134.31,-2.099],[134.335,-2.108],[134.348,-2.167],[134.412,-2.042]]],[[[134.703,-1.989],[134.702,-1.983],[134.698,-1.983],[134.703,-1.989]]],[[[134.7,-1.979],[134.703,-1.976],[134.701,-1.975],[134.7,-1.979]]],[[[134.142,-1.958],[134.144,-1.955],[134.14,-1.957],[134.142,-1.958]]],[[[134.15,-1.945],[134.146,-1.942],[134.147,-1.945],[134.15,-1.945]]],[[[134.132,-1.886],[134.139,-1.891],[134.135,-1.881],[134.132,-1.886]]],[[[134.21,-1.808],[134.208,-1.802],[134.206,-1.804],[134.21,-1.808]]],[[[134.635,-3.542],[134.726,-3.408],[134.725,-3.363],[134.703,-3.345],[134.598,-2.489],[134.566,-2.459],[134.53,-2.452],[134.551,-2.474],[134.512,-2.477],[134.567,-2.487],[134.511,-2.486],[134.459,-2.552],[134.459,-2.593],[134.474,-2.646],[134.493,-2.662],[134.502,-2.758],[134.521,-2.797],[134.51,-2.842],[134.488,-2.852],[134.494,-2.867],[134.455,-2.867],[134.443,-2.849],[134.456,-2.814],[134.407,-2.77],[134.408,-2.722],[134.367,-2.669],[134.375,-2.647],[134.35,-2.629],[134.36,-2.621],[134.335,-2.588],[134.32,-2.591],[134.341,-2.578],[134.34,-2.555],[134.311,-2.536],[134.321,-2.532],[134.311,-2.519],[134.286,-2.522],[134.319,-2.509],[134.264,-2.481],[134.276,-2.468],[134.262,-2.435],[134.244,-2.442],[134.215,-2.423],[134.157,-2.296],[134.16,-2.255],[134.137,-2.229],[134.145,-2.158],[134.123,-2.169],[134.104,-2.074],[134.104,-2.052],[134.142,-2.002],[134.138,-1.966],[134.153,-1.966],[134.134,-1.956],[134.121,-1.864],[134.101,-1.862],[134.1,-1.766],[134.003,-1.771],[134.004,-1.91],[134.074,-2.427],[134.076,-2.574],[134.233,-3.043],[134.323,-3.184],[134.224,-3.35],[134.251,-3.402],[134.413,-3.474],[134.635,-3.542]]],[[[134.196,-1.753],[134.199,-1.749],[134.197,-1.749],[134.196,-1.753]]],[[[134.234,-1.742],[134.202,-1.738],[134.202,-1.754],[134.18,-1.795],[134.148,-1.829],[134.147,-1.901],[134.135,-1.908],[134.15,-1.907],[134.167,-1.95],[134.214,-1.829],[134.204,-1.809],[134.196,-1.826],[134.195,-1.793],[134.221,-1.789],[134.234,-1.742]]]]},"id":9103},{"type":"Feature","properties":{"code":3323},"geometry":{"type":"Polygon","coordinates":[[[109.934,-7.202],[109.994,-7.26],[109.998,-7.313],[110.074,-7.385],[110.192,-7.379],[110.216,-7.388],[110.215,-7.402],[110.223,-7.379],[110.249,-7.369],[110.267,-7.381],[110.324,-7.341],[110.33,-7.311],[110.313,-7.308],[110.327,-7.296],[110.271,-7.252],[110.252,-7.188],[110.213,-7.185],[110.184,-7.151],[110.14,-7.138],[110.193,-7.105],[110.193,-7.08],[110.177,-7.082],[110.175,-7.101],[110.109,-7.095],[109.934,-7.202]]]},"id":3323},{"type":"Feature","properties":{"code":5304},"geometry":{"type":"Polygon","coordinates":[[[124.219,-10.162],[124.406,-10.165],[124.508,-10.091],[124.548,-10.01],[124.588,-10.0],[124.672,-9.92],[124.75,-9.881],[124.809,-9.791],[124.798,-9.748],[124.82,-9.657],[124.793,-9.639],[124.788,-9.6],[124.762,-9.597],[124.713,-9.638],[124.663,-9.627],[124.645,-9.584],[124.633,-9.586],[124.615,-9.613],[124.58,-9.616],[124.517,-9.662],[124.457,-9.634],[124.46,-9.613],[124.448,-9.618],[124.424,-9.594],[124.317,-9.592],[124.308,-9.571],[124.236,-9.543],[124.226,-9.56],[124.214,-9.538],[124.238,-9.525],[124.201,-9.485],[124.189,-9.483],[124.185,-9.511],[124.121,-9.472],[124.157,-9.557],[124.12,-9.552],[124.078,-9.586],[124.089,-9.62],[124.053,-9.647],[124.092,-9.697],[124.087,-9.735],[124.067,-9.758],[124.093,-9.808],[124.085,-9.964],[124.125,-9.975],[124.164,-10.017],[124.142,-10.023],[124.208,-10.086],[124.199,-10.1],[124.215,-10.118],[124.206,-10.132],[124.225,-10.144],[124.219,-10.162]]]},"id":5304},{"type":"Feature","properties":{"code":5305},"geometry":{"type":"Polygon","coordinates":[[[124.792,-9.018],[124.729,-9.058],[124.697,-9.053],[124.67,-9.118],[124.615,-9.153],[124.53,-9.186],[124.476,-9.174],[124.482,-9.197],[124.454,-9.265],[124.462,-9.299],[124.438,-9.333],[124.379,-9.356],[124.374,-9.412],[124.349,-9.423],[124.364,-9.458],[124.354,-9.485],[124.278,-9.502],[124.286,-9.451],[124.271,-9.412],[124.217,-9.365],[124.168,-9.394],[124.149,-9.427],[124.119,-9.406],[124.093,-9.414],[124.223,-9.506],[124.238,-9.525],[124.214,-9.538],[124.226,-9.56],[124.236,-9.543],[124.308,-9.571],[124.317,-9.592],[124.424,-9.594],[124.448,-9.618],[124.46,-9.613],[124.457,-9.634],[124.517,-9.662],[124.58,-9.616],[124.615,-9.613],[124.633,-9.586],[124.696,-9.586],[124.704,-9.56],[124.731,-9.554],[124.753,-9.563],[124.753,-9.536],[124.721,-9.503],[124.781,-9.47],[124.787,-9.418],[124.768,-9.397],[124.802,-9.381],[124.804,-9.347],[124.839,-9.332],[124.854,-9.284],[124.809,-9.168],[124.826,-9.145],[124.82,-9.076],[124.792,-9.018]]]},"id":5305},{"type":"Feature","properties":{"code":1206},"geometry":{"type":"Polygon","coordinates":[[[99.098,2.572],[99.042,2.633],[98.977,2.601],[98.96,2.613],[98.958,2.647],[98.935,2.659],[98.908,2.629],[98.948,2.563],[98.98,2.56],[98.988,2.541],[99.033,2.523],[99.058,2.442],[99.048,2.395],[99.098,2.405],[99.129,2.437],[99.154,2.419],[99.147,2.384],[99.113,2.375],[99.11,2.35],[99.105,2.361],[99.057,2.335],[99.028,2.363],[98.999,2.321],[98.989,2.336],[99.002,2.253],[99.084,2.272],[99.198,2.23],[99.207,2.186],[99.247,2.127],[99.291,2.111],[99.369,2.143],[99.404,2.176],[99.417,2.213],[99.482,2.242],[99.536,2.248],[99.548,2.306],[99.585,2.314],[99.582,2.328],[99.519,2.351],[99.524,2.46],[99.509,2.414],[99.519,2.399],[99.503,2.395],[99.419,2.459],[99.45,2.502],[99.461,2.55],[99.442,2.562],[99.458,2.6],[99.414,2.56],[99.426,2.597],[99.386,2.563],[99.308,2.554],[99.303,2.574],[99.255,2.54],[99.23,2.544],[99.213,2.523],[99.183,2.532],[99.161,2.568],[99.098,2.572]]]},"id":1206},{"type":"Feature","properties":{"code":7209},"geometry":{"type":"MultiPolygon","coordinates":[[[[121.666,-0.886],[121.664,-0.884],[121.662,-0.885],[121.666,-0.886]]],[[[121.667,-0.867],[121.666,-0.866],[121.665,-0.867],[121.667,-0.867]]],[[[121.851,-0.969],[121.816,-0.956],[121.76,-0.971],[121.666,-0.921],[121.655,-0.908],[121.657,-0.884],[121.669,-0.857],[121.654,-0.802],[121.597,-0.825],[121.588,-0.866],[121.479,-0.9],[121.449,-0.973],[121.396,-1.004],[121.392,-1.034],[121.337,-1.063],[121.279,-1.158],[121.222,-1.202],[121.163,-1.367],[121.136,-1.383],[121.112,-1.429],[121.058,-1.442],[121.039,-1.433],[121.039,-1.412],[121.017,-1.419],[120.981,-1.399],[120.951,-1.417],[120.889,-1.41],[120.89,-1.483],[120.915,-1.571],[120.961,-1.623],[121.007,-1.624],[121.073,-1.58],[121.161,-1.574],[121.162,-1.558],[121.187,-1.566],[121.21,-1.512],[121.257,-1.475],[121.352,-1.473],[121.432,-1.404],[121.465,-1.404],[121.474,-1.374],[121.506,-1.375],[121.518,-1.397],[121.57,-1.424],[121.663,-1.364],[121.724,-1.358],[121.749,-1.333],[121.8,-1.325],[121.823,-1.306],[121.869,-1.315],[121.963,-1.284],[121.972,-1.341],[121.999,-1.355],[122.011,-1.336],[122.037,-1.351],[122.084,-1.3],[122.1,-1.249],[122.092,-1.225],[122.03,-1.119],[122.006,-1.142],[122.003,-1.128],[121.955,-1.11],[121.937,-1.129],[121.919,-1.094],[121.877,-1.072],[121.851,-0.969]]],[[[121.769,-0.744],[121.757,-0.741],[121.768,-0.754],[121.769,-0.744]]],[[[121.62,-0.59],[121.63,-0.59],[121.626,-0.582],[121.62,-0.59]]],[[[121.647,-0.534],[121.642,-0.535],[121.646,-0.536],[121.647,-0.534]]],[[[121.872,-0.512],[121.861,-0.523],[121.869,-0.53],[121.874,-0.526],[121.872,-0.512]]],[[[121.676,-0.484],[121.679,-0.479],[121.674,-0.483],[121.676,-0.484]]],[[[121.692,-0.478],[121.688,-0.477],[121.69,-0.479],[121.692,-0.478]]],[[[121.705,-0.466],[121.704,-0.467],[121.713,-0.469],[121.705,-0.466]]],[[[121.692,-0.466],[121.694,-0.465],[121.691,-0.466],[121.692,-0.466]]],[[[121.723,-0.466],[121.722,-0.464],[121.722,-0.466],[121.723,-0.466]]],[[[121.703,-0.467],[121.697,-0.464],[121.695,-0.465],[121.703,-0.467]]],[[[121.716,-0.468],[121.719,-0.466],[121.719,-0.461],[121.716,-0.468]]],[[[121.766,-0.461],[121.767,-0.459],[121.764,-0.459],[121.766,-0.461]]],[[[121.765,-0.461],[121.761,-0.462],[121.765,-0.462],[121.765,-0.461]]],[[[121.759,-0.459],[121.76,-0.458],[121.758,-0.457],[121.759,-0.459]]],[[[121.76,-0.454],[121.759,-0.457],[121.763,-0.458],[121.76,-0.454]]],[[[122.073,-0.443],[122.073,-0.441],[122.071,-0.441],[122.073,-0.443]]],[[[122.083,-0.442],[122.084,-0.439],[122.082,-0.441],[122.083,-0.442]]],[[[121.928,-0.444],[121.918,-0.44],[121.923,-0.449],[121.928,-0.444]]],[[[122.081,-0.439],[122.081,-0.438],[122.081,-0.44],[122.081,-0.439]]],[[[122.102,-0.438],[122.1,-0.439],[122.105,-0.442],[122.102,-0.438]]],[[[121.784,-0.441],[121.786,-0.439],[121.784,-0.438],[121.784,-0.441]]],[[[122.095,-0.437],[122.093,-0.437],[122.095,-0.439],[122.095,-0.437]]],[[[122.074,-0.439],[122.072,-0.436],[122.073,-0.44],[122.074,-0.439]]],[[[122.084,-0.437],[122.083,-0.437],[122.085,-0.439],[122.084,-0.437]]],[[[121.793,-0.439],[121.793,-0.436],[121.791,-0.438],[121.793,-0.439]]],[[[121.786,-0.437],[121.785,-0.435],[121.785,-0.437],[121.786,-0.437]]],[[[121.783,-0.434],[121.782,-0.435],[121.783,-0.435],[121.783,-0.434]]],[[[121.789,-0.436],[121.788,-0.433],[121.787,-0.435],[121.789,-0.436]]],[[[122.08,-0.433],[122.08,-0.433],[122.081,-0.434],[122.08,-0.433]]],[[[122.099,-0.433],[122.099,-0.435],[122.103,-0.435],[122.099,-0.433]]],[[[121.94,-0.436],[121.938,-0.432],[121.935,-0.436],[121.94,-0.436]]],[[[122.113,-0.435],[122.11,-0.432],[122.112,-0.437],[122.113,-0.435]]],[[[122.084,-0.431],[122.083,-0.431],[122.086,-0.431],[122.084,-0.431]]],[[[122.022,-0.434],[122.016,-0.429],[122.021,-0.435],[122.022,-0.434]]],[[[122.078,-0.429],[122.078,-0.432],[122.079,-0.431],[122.078,-0.429]]],[[[122.109,-0.427],[122.108,-0.426],[122.112,-0.431],[122.109,-0.427]]],[[[122.076,-0.428],[122.074,-0.426],[122.074,-0.428],[122.076,-0.428]]],[[[122.073,-0.432],[122.069,-0.428],[122.071,-0.435],[122.073,-0.432]]],[[[122.06,-0.427],[122.059,-0.426],[122.06,-0.431],[122.06,-0.427]]],[[[121.981,-0.427],[121.978,-0.43],[121.981,-0.43],[121.981,-0.427]]],[[[121.803,-0.428],[121.803,-0.425],[121.802,-0.428],[121.803,-0.428]]],[[[122.03,-0.427],[122.028,-0.423],[122.026,-0.427],[122.03,-0.427]]],[[[122.126,-0.425],[122.125,-0.423],[122.125,-0.424],[122.126,-0.425]]],[[[122.069,-0.424],[122.069,-0.423],[122.069,-0.426],[122.069,-0.424]]],[[[122.105,-0.424],[122.103,-0.424],[122.104,-0.425],[122.105,-0.424]]],[[[122.015,-0.425],[122.012,-0.423],[122.012,-0.425],[122.015,-0.425]]],[[[122.068,-0.425],[122.067,-0.422],[122.066,-0.425],[122.068,-0.425]]],[[[122.118,-0.425],[122.118,-0.422],[122.117,-0.423],[122.118,-0.425]]],[[[122.072,-0.422],[122.07,-0.423],[122.074,-0.43],[122.072,-0.422]]],[[[122.077,-0.425],[122.07,-0.418],[122.069,-0.422],[122.071,-0.419],[122.077,-0.425]]],[[[121.802,-0.416],[121.8,-0.415],[121.799,-0.417],[121.802,-0.416]]],[[[121.806,-0.418],[121.793,-0.422],[121.793,-0.427],[121.797,-0.431],[121.806,-0.418]]],[[[121.831,-0.415],[121.83,-0.414],[121.83,-0.416],[121.831,-0.415]]],[[[121.788,-0.415],[121.796,-0.412],[121.791,-0.409],[121.788,-0.415]]],[[[121.831,-0.409],[121.832,-0.409],[121.831,-0.408],[121.831,-0.409]]],[[[121.852,-0.41],[121.783,-0.448],[121.768,-0.415],[121.754,-0.429],[121.768,-0.461],[121.763,-0.464],[121.76,-0.462],[121.754,-0.448],[121.738,-0.448],[121.72,-0.473],[121.692,-0.471],[121.705,-0.48],[121.692,-0.479],[121.669,-0.531],[121.649,-0.539],[121.658,-0.577],[121.7,-0.563],[121.735,-0.496],[121.747,-0.512],[121.783,-0.494],[121.831,-0.532],[121.862,-0.518],[121.833,-0.496],[121.851,-0.493],[121.873,-0.512],[121.877,-0.526],[121.871,-0.534],[121.906,-0.527],[121.919,-0.511],[121.909,-0.491],[121.922,-0.488],[121.917,-0.442],[121.852,-0.41]]],[[[121.835,-0.408],[121.833,-0.407],[121.833,-0.408],[121.835,-0.408]]],[[[121.827,-0.405],[121.826,-0.405],[121.827,-0.407],[121.827,-0.405]]],[[[122.1,-0.408],[122.097,-0.404],[122.098,-0.408],[122.1,-0.408]]],[[[122.097,-0.403],[122.094,-0.402],[122.095,-0.404],[122.097,-0.403]]],[[[121.795,-0.401],[121.798,-0.4],[121.796,-0.399],[121.795,-0.401]]],[[[122.079,-0.399],[122.076,-0.396],[122.076,-0.398],[122.079,-0.399]]],[[[121.812,-0.405],[121.827,-0.397],[121.816,-0.388],[121.812,-0.405]]],[[[122.018,-0.365],[122.022,-0.366],[122.021,-0.363],[122.018,-0.365]]],[[[121.846,-0.363],[121.847,-0.353],[121.841,-0.359],[121.846,-0.363]]],[[[121.85,-0.353],[121.851,-0.352],[121.849,-0.353],[121.85,-0.353]]],[[[121.983,-0.353],[121.983,-0.352],[121.982,-0.352],[121.983,-0.353]]],[[[122.014,-0.353],[122.015,-0.351],[122.012,-0.352],[122.014,-0.353]]],[[[121.877,-0.349],[121.853,-0.355],[121.855,-0.364],[121.866,-0.362],[121.877,-0.349]]],[[[121.834,-0.353],[121.833,-0.349],[121.829,-0.352],[121.834,-0.353]]],[[[121.879,-0.343],[121.876,-0.342],[121.883,-0.343],[121.879,-0.343]]],[[[121.942,-0.343],[121.938,-0.342],[121.94,-0.347],[121.942,-0.343]]],[[[122.001,-0.34],[121.997,-0.338],[121.992,-0.342],[122.001,-0.34]]],[[[121.917,-0.338],[121.918,-0.337],[121.916,-0.337],[121.917,-0.338]]],[[[122.143,-0.337],[122.143,-0.334],[122.142,-0.336],[122.143,-0.337]]],[[[121.851,-0.335],[121.851,-0.333],[121.85,-0.335],[121.851,-0.335]]],[[[121.979,-0.336],[121.979,-0.332],[121.974,-0.335],[121.979,-0.336]]],[[[121.93,-0.328],[121.925,-0.327],[121.925,-0.329],[121.93,-0.328]]],[[[121.969,-0.326],[121.924,-0.335],[121.961,-0.343],[121.971,-0.353],[121.96,-0.369],[121.951,-0.352],[121.924,-0.369],[121.902,-0.333],[121.862,-0.369],[121.884,-0.421],[121.917,-0.439],[121.953,-0.418],[121.999,-0.424],[122.009,-0.398],[122.012,-0.417],[122.054,-0.421],[122.053,-0.401],[122.068,-0.396],[122.056,-0.387],[122.06,-0.349],[122.04,-0.339],[122.04,-0.362],[122.018,-0.353],[122.025,-0.366],[122.012,-0.374],[121.997,-0.351],[121.979,-0.355],[121.99,-0.341],[121.972,-0.348],[121.969,-0.326]]],[[[122.031,-0.323],[122.037,-0.325],[122.035,-0.321],[122.031,-0.323]]],[[[121.949,-0.313],[121.947,-0.312],[121.939,-0.315],[121.948,-0.32],[121.949,-0.316],[121.949,-0.313]],[[121.945,-0.315],[121.946,-0.313],[121.949,-0.314],[121.945,-0.315]]],[[[122.233,-0.314],[122.233,-0.311],[122.232,-0.314],[122.233,-0.314]]],[[[121.978,-0.313],[121.985,-0.314],[121.983,-0.31],[121.978,-0.313]]],[[[121.961,-0.311],[121.959,-0.311],[121.962,-0.313],[121.961,-0.311]]],[[[122.329,-0.306],[122.326,-0.304],[122.327,-0.306],[122.329,-0.306]]],[[[122.237,-0.307],[122.232,-0.301],[122.234,-0.31],[122.237,-0.307]]],[[[122.317,-0.288],[122.316,-0.287],[122.315,-0.288],[122.317,-0.288]]],[[[122.272,-0.287],[122.272,-0.285],[122.27,-0.286],[122.272,-0.287]]],[[[122.263,-0.289],[122.268,-0.287],[122.265,-0.285],[122.263,-0.289]]],[[[122.315,-0.283],[122.312,-0.284],[122.316,-0.287],[122.315,-0.283]]],[[[122.258,-0.282],[122.257,-0.279],[122.255,-0.281],[122.258,-0.282]]],[[[122.092,-0.274],[122.08,-0.306],[122.069,-0.303],[122.075,-0.344],[122.061,-0.355],[122.067,-0.39],[122.084,-0.394],[122.081,-0.399],[122.076,-0.4],[122.072,-0.398],[122.068,-0.399],[122.063,-0.408],[122.078,-0.414],[122.079,-0.427],[122.085,-0.424],[122.09,-0.431],[122.086,-0.433],[122.087,-0.439],[122.097,-0.446],[122.089,-0.433],[122.093,-0.427],[122.108,-0.434],[122.092,-0.415],[122.094,-0.399],[122.129,-0.423],[122.153,-0.392],[122.139,-0.374],[122.141,-0.339],[122.139,-0.356],[122.113,-0.342],[122.092,-0.274]]],[[[122.155,-0.265],[122.147,-0.273],[122.15,-0.276],[122.155,-0.265]]],[[[122.094,-0.26],[122.092,-0.256],[122.091,-0.26],[122.094,-0.26]]],[[[122.115,-0.269],[122.124,-0.256],[122.112,-0.256],[122.115,-0.269]]],[[[122.089,-0.241],[122.043,-0.256],[122.028,-0.275],[122.083,-0.265],[122.089,-0.241]]],[[[122.208,-0.223],[122.209,-0.221],[122.206,-0.223],[122.208,-0.223]]],[[[122.284,-0.22],[122.281,-0.22],[122.287,-0.222],[122.284,-0.22]]],[[[122.263,-0.22],[122.265,-0.218],[122.263,-0.217],[122.263,-0.22]]],[[[122.208,-0.21],[122.146,-0.249],[122.159,-0.262],[122.174,-0.248],[122.18,-0.279],[122.204,-0.271],[122.213,-0.291],[122.239,-0.28],[122.233,-0.297],[122.25,-0.28],[122.23,-0.275],[122.233,-0.258],[122.188,-0.25],[122.208,-0.21]]],[[[122.242,-0.207],[122.227,-0.214],[122.249,-0.258],[122.277,-0.268],[122.284,-0.256],[122.291,-0.269],[122.301,-0.258],[122.325,-0.291],[122.345,-0.29],[122.347,-0.32],[122.396,-0.389],[122.367,-0.328],[122.379,-0.273],[122.31,-0.235],[122.291,-0.247],[122.281,-0.222],[122.263,-0.238],[122.242,-0.207]]],[[[121.654,-0.136],[121.628,-0.121],[121.603,-0.128],[121.563,-0.16],[121.564,-0.179],[121.592,-0.21],[121.636,-0.208],[121.652,-0.191],[121.654,-0.136]]]]},"id":7209},{"type":"Feature","properties":{"code":7206},"geometry":{"type":"MultiPolygon","coordinates":[[[[120.348,0.965],[120.347,0.966],[120.346,0.965],[120.348,0.965]]],[[[120.23,0.972],[120.243,0.976],[120.249,0.985],[120.24,0.985],[120.23,0.972]]],[[[120.691,0.986],[120.687,0.987],[120.687,0.984],[120.691,0.986]]],[[[120.722,0.985],[120.727,1.002],[120.699,0.993],[120.722,0.985]]],[[[120.375,0.996],[120.375,1.002],[120.373,0.998],[120.375,0.996]]],[[[120.77,1.042],[120.776,1.043],[120.774,1.05],[120.77,1.042]]],[[[120.666,1.046],[120.667,1.051],[120.664,1.05],[120.666,1.046]]],[[[120.665,1.04],[120.604,1.067],[120.598,1.054],[120.607,1.064],[120.639,1.048],[120.675,1.012],[120.665,1.04]]],[[[120.392,1.01],[120.4,1.071],[120.384,1.077],[120.367,1.046],[120.373,1.01],[120.392,1.01]]],[[[120.669,1.076],[120.674,1.072],[120.675,1.077],[120.669,1.076]]],[[[120.786,1.168],[120.783,1.168],[120.787,1.166],[120.786,1.168]]],[[[120.799,1.279],[120.801,1.284],[120.799,1.281],[120.799,1.279]]],[[[121.06,1.315],[121.063,1.321],[121.056,1.315],[121.06,1.315]]],[[[120.791,1.332],[120.79,1.335],[120.789,1.333],[120.791,1.332]]],[[[121.175,1.245],[121.177,1.267],[121.1,1.316],[121.062,1.302],[120.995,1.34],[120.942,1.35],[120.921,1.33],[120.928,1.318],[120.918,1.326],[120.895,1.303],[120.901,1.313],[120.885,1.316],[120.905,1.317],[120.899,1.334],[120.915,1.337],[120.903,1.356],[120.869,1.317],[120.807,1.325],[120.821,1.293],[120.81,1.219],[120.827,1.182],[120.788,1.164],[120.776,1.11],[120.797,1.089],[120.808,1.028],[120.785,1.03],[120.738,0.994],[120.732,0.961],[120.705,0.961],[120.722,0.972],[120.697,0.986],[120.678,0.97],[120.695,0.965],[120.68,0.961],[120.689,0.953],[120.67,0.965],[120.67,0.949],[120.635,0.939],[120.638,0.918],[120.603,0.872],[120.61,0.809],[120.573,0.769],[120.592,0.749],[120.547,0.755],[120.556,0.77],[120.534,0.792],[120.473,0.777],[120.391,0.796],[120.373,0.866],[120.363,0.828],[120.327,0.854],[120.346,0.975],[120.354,0.984],[120.282,0.986],[120.247,0.957],[120.238,0.801],[120.177,0.756],[120.136,0.748],[120.196,0.7],[120.193,0.615],[120.229,0.607],[120.355,0.678],[120.439,0.664],[120.448,0.642],[120.538,0.635],[120.547,0.595],[120.574,0.609],[120.626,0.587],[120.706,0.668],[120.754,0.662],[120.838,0.687],[120.891,0.788],[120.931,0.826],[120.99,0.841],[121.006,0.861],[121.027,1.001],[121.006,1.032],[121.095,1.093],[121.08,1.151],[121.098,1.183],[121.137,1.205],[121.149,1.241],[121.175,1.245]]],[[[120.878,1.36],[120.889,1.37],[120.883,1.375],[120.878,1.36]]]]},"id":7206},{"type":"Feature","properties":{"code":9704},"geometry":{"type":"Polygon","coordinates":[[[138.505,-3.725],[138.652,-3.722],[138.659,-3.707],[138.696,-3.703],[138.759,-3.642],[138.756,-3.504],[138.792,-3.347],[138.73,-3.285],[138.562,-3.337],[138.406,-3.329],[138.38,-3.318],[138.327,-3.194],[138.215,-3.207],[138.172,-3.236],[138.161,-3.278],[138.145,-3.286],[138.11,-3.262],[138.076,-3.262],[138.057,-3.241],[138.032,-3.242],[138.014,-3.355],[138.036,-3.485],[138.068,-3.497],[138.084,-3.54],[138.168,-3.6],[138.236,-3.616],[138.304,-3.772],[138.393,-3.783],[138.406,-3.753],[138.505,-3.725]]]},"id":9704},{"type":"Feature","properties":{"code":7326},"geometry":{"type":"Polygon","coordinates":[[[120.053,-2.984],[120.043,-2.922],[119.955,-2.847],[119.96,-2.806],[119.941,-2.78],[119.898,-2.775],[119.874,-2.754],[119.852,-2.698],[119.847,-2.611],[119.752,-2.67],[119.746,-2.714],[119.674,-2.769],[119.696,-2.849],[119.687,-2.877],[119.711,-2.944],[119.733,-2.952],[119.74,-2.938],[119.783,-2.933],[119.803,-3.029],[119.822,-3.029],[119.838,-3.0],[119.853,-3.045],[119.895,-3.017],[119.894,-3.044],[119.923,-3.045],[119.947,-3.072],[119.966,-3.063],[119.976,-3.129],[119.956,-3.173],[119.977,-3.185],[120.007,-3.172],[119.999,-3.156],[120.026,-3.071],[120.085,-3.021],[120.053,-2.984]]]},"id":7326},{"type":"Feature","properties":{"code":3503},"geometry":{"type":"MultiPolygon","coordinates":[[[[111.651,-8.382],[111.648,-8.379],[111.65,-8.384],[111.651,-8.382]]],[[[111.512,-8.371],[111.515,-8.369],[111.513,-8.369],[111.512,-8.371]]],[[[111.777,-8.369],[111.779,-8.368],[111.777,-8.367],[111.777,-8.369]]],[[[111.783,-8.367],[111.779,-8.367],[111.784,-8.37],[111.783,-8.367]]],[[[111.487,-8.363],[111.484,-8.357],[111.486,-8.364],[111.487,-8.363]]],[[[111.626,-8.356],[111.625,-8.355],[111.623,-8.356],[111.626,-8.356]]],[[[111.796,-8.357],[111.799,-8.357],[111.796,-8.354],[111.796,-8.357]]],[[[111.745,-8.347],[111.747,-8.347],[111.746,-8.346],[111.745,-8.347]]],[[[111.759,-8.342],[111.757,-8.342],[111.76,-8.343],[111.759,-8.342]]],[[[111.569,-8.334],[111.567,-8.336],[111.569,-8.335],[111.569,-8.334]]],[[[111.479,-8.33],[111.481,-8.327],[111.478,-8.327],[111.479,-8.33]]],[[[111.443,-8.296],[111.442,-8.295],[111.445,-8.297],[111.443,-8.296]]],[[[111.439,-8.27],[111.438,-8.269],[111.436,-8.272],[111.439,-8.27]]],[[[111.39,-8.233],[111.415,-8.276],[111.425,-8.257],[111.448,-8.27],[111.444,-8.302],[111.461,-8.323],[111.478,-8.306],[111.482,-8.319],[111.533,-8.333],[111.532,-8.315],[111.555,-8.306],[111.572,-8.316],[111.569,-8.334],[111.598,-8.322],[111.605,-8.339],[111.622,-8.321],[111.625,-8.353],[111.647,-8.352],[111.652,-8.366],[111.667,-8.356],[111.701,-8.383],[111.703,-8.367],[111.726,-8.37],[111.688,-8.336],[111.713,-8.322],[111.712,-8.291],[111.744,-8.304],[111.749,-8.343],[111.782,-8.326],[111.769,-8.316],[111.777,-8.289],[111.748,-8.281],[111.727,-8.242],[111.733,-8.21],[111.711,-8.179],[111.733,-8.142],[111.819,-8.137],[111.846,-8.106],[111.754,-8.03],[111.76,-7.987],[111.738,-7.958],[111.739,-7.925],[111.76,-7.924],[111.75,-7.89],[111.701,-7.896],[111.691,-7.93],[111.641,-7.955],[111.636,-7.965],[111.662,-7.974],[111.653,-8.02],[111.63,-8.003],[111.589,-8.02],[111.573,-8.048],[111.534,-8.06],[111.542,-8.069],[111.522,-8.108],[111.482,-8.108],[111.475,-8.171],[111.437,-8.163],[111.422,-8.188],[111.402,-8.19],[111.408,-8.212],[111.39,-8.233]]]]},"id":3503},{"type":"Feature","properties":{"code":3523},"geometry":{"type":"Polygon","coordinates":[[[111.572,-6.952],[111.652,-7.0],[111.66,-7.039],[111.714,-7.081],[111.825,-7.087],[111.86,-7.13],[111.931,-7.133],[111.932,-7.16],[111.954,-7.132],[111.983,-7.164],[111.995,-7.114],[112.01,-7.13],[112.005,-7.094],[112.02,-7.088],[112.019,-7.067],[112.044,-7.071],[112.041,-7.082],[112.082,-7.065],[112.085,-7.085],[112.124,-7.087],[112.122,-7.108],[112.13,-7.096],[112.154,-7.11],[112.178,-7.097],[112.179,-7.075],[112.189,-7.084],[112.219,-7.066],[112.221,-7.037],[112.203,-7.029],[112.214,-7.009],[112.197,-6.915],[112.17,-6.897],[112.052,-6.886],[111.96,-6.76],[111.84,-6.801],[111.691,-6.753],[111.675,-6.774],[111.671,-6.762],[111.661,-6.816],[111.619,-6.821],[111.607,-6.902],[111.573,-6.924],[111.572,-6.952]]]},"id":3523},{"type":"Feature","properties":{"code":1812},"geometry":{"type":"Polygon","coordinates":[[[105.2,-4.613],[105.203,-4.583],[105.175,-4.562],[105.16,-4.496],[105.195,-4.486],[105.187,-4.474],[105.219,-4.448],[105.247,-4.472],[105.267,-4.445],[105.24,-4.412],[105.243,-4.389],[105.2,-4.371],[105.208,-4.355],[105.23,-4.36],[105.232,-4.345],[105.204,-4.348],[105.2,-4.301],[105.159,-4.297],[105.158,-4.273],[105.19,-4.269],[105.19,-4.234],[105.213,-4.228],[105.23,-4.188],[105.204,-4.17],[105.144,-4.201],[105.144,-4.222],[105.13,-4.21],[105.107,-4.223],[105.11,-4.203],[105.068,-4.217],[105.073,-4.174],[105.062,-4.15],[105.035,-4.14],[105.013,-4.173],[104.967,-4.171],[104.929,-4.201],[104.942,-4.229],[104.995,-4.27],[104.986,-4.404],[105.056,-4.406],[105.064,-4.464],[105.02,-4.47],[104.979,-4.447],[104.943,-4.53],[104.967,-4.527],[104.985,-4.558],[104.999,-4.659],[105.034,-4.668],[105.069,-4.708],[105.126,-4.727],[105.143,-4.704],[105.138,-4.679],[105.155,-4.677],[105.182,-4.638],[105.178,-4.617],[105.2,-4.613]]]},"id":1812},{"type":"Feature","properties":{"code":1808},"geometry":{"type":"Polygon","coordinates":[[[105.816,-4.649],[105.839,-4.62],[105.858,-4.634],[105.851,-4.674],[105.898,-4.684],[105.916,-4.646],[105.884,-4.59],[105.905,-4.55],[105.899,-4.488],[105.913,-4.437],[105.891,-4.44],[105.852,-4.406],[105.858,-4.377],[105.825,-4.343],[105.827,-4.189],[105.808,-4.123],[105.77,-4.119],[105.751,-4.154],[105.757,-4.194],[105.654,-4.195],[105.653,-4.217],[105.622,-4.22],[105.606,-4.218],[105.601,-4.192],[105.504,-4.161],[105.504,-4.131],[105.468,-4.134],[105.467,-4.159],[105.423,-4.161],[105.425,-4.119],[105.395,-4.121],[105.365,-4.129],[105.364,-4.162],[105.312,-4.159],[105.277,-4.189],[105.226,-4.183],[105.213,-4.228],[105.19,-4.234],[105.19,-4.269],[105.158,-4.273],[105.159,-4.297],[105.2,-4.301],[105.204,-4.348],[105.232,-4.345],[105.23,-4.36],[105.208,-4.355],[105.2,-4.371],[105.243,-4.389],[105.24,-4.412],[105.267,-4.445],[105.247,-4.472],[105.219,-4.448],[105.187,-4.474],[105.195,-4.486],[105.16,-4.496],[105.175,-4.562],[105.203,-4.583],[105.215,-4.638],[105.286,-4.622],[105.379,-4.516],[105.412,-4.518],[105.492,-4.482],[105.534,-4.52],[105.571,-4.519],[105.581,-4.535],[105.589,-4.514],[105.62,-4.517],[105.627,-4.486],[105.643,-4.481],[105.646,-4.508],[105.681,-4.485],[105.713,-4.531],[105.771,-4.529],[105.771,-4.552],[105.792,-4.551],[105.804,-4.584],[105.778,-4.605],[105.781,-4.633],[105.816,-4.649]]]},"id":1808},{"type":"Feature","properties":{"code":3504},"geometry":{"type":"Polygon","coordinates":[[[111.974,-8.044],[111.945,-7.953],[111.929,-7.962],[111.883,-7.947],[111.863,-7.907],[111.802,-7.865],[111.799,-7.836],[111.785,-7.833],[111.771,-7.886],[111.756,-7.893],[111.76,-7.924],[111.738,-7.933],[111.74,-7.967],[111.76,-7.987],[111.754,-8.03],[111.846,-8.106],[111.819,-8.137],[111.733,-8.142],[111.711,-8.179],[111.733,-8.21],[111.727,-8.242],[111.748,-8.281],[111.774,-8.289],[111.775,-8.257],[111.792,-8.255],[111.842,-8.282],[111.839,-8.258],[111.899,-8.304],[111.937,-8.306],[111.949,-8.277],[112.028,-8.312],[112.028,-8.168],[112.078,-8.187],[112.116,-8.157],[112.121,-8.125],[111.997,-8.092],[111.994,-8.059],[111.974,-8.044]]]},"id":3504},{"type":"Feature","properties":{"code":7313},"geometry":{"type":"Polygon","coordinates":[[[120.366,-4.222],[120.381,-4.176],[120.374,-4.146],[120.33,-4.107],[120.36,-4.021],[120.341,-3.995],[120.353,-3.973],[120.335,-3.937],[120.361,-3.848],[120.44,-3.727],[120.438,-3.688],[120.412,-3.663],[120.328,-3.649],[120.331,-3.679],[120.296,-3.717],[120.237,-3.707],[120.192,-3.773],[120.15,-3.773],[120.154,-3.797],[120.13,-3.846],[120.057,-3.854],[120.022,-3.936],[120.005,-3.925],[119.916,-3.932],[119.886,-4.019],[119.905,-4.066],[119.89,-4.1],[119.932,-4.134],[119.917,-4.162],[119.922,-4.183],[119.948,-4.182],[119.934,-4.248],[119.963,-4.273],[120.039,-4.261],[120.042,-4.285],[120.073,-4.285],[120.076,-4.247],[120.11,-4.248],[120.138,-4.219],[120.225,-4.235],[120.25,-4.272],[120.283,-4.246],[120.366,-4.222]]]},"id":7313},{"type":"Feature","properties":{"code":7407},"geometry":{"type":"MultiPolygon","coordinates":[[[[124.601,-6.125],[124.612,-6.11],[124.609,-6.104],[124.598,-6.109],[124.601,-6.125]]],[[[123.986,-5.877],[123.969,-5.937],[123.985,-5.966],[124.046,-5.982],[124.045,-6.034],[124.078,-6.019],[124.041,-5.908],[123.986,-5.877]]],[[[123.946,-5.809],[123.907,-5.801],[123.903,-5.805],[123.922,-5.823],[123.946,-5.809]]],[[[124.33,-5.798],[124.334,-5.799],[124.333,-5.797],[124.33,-5.798]]],[[[123.862,-5.793],[123.871,-5.778],[123.865,-5.772],[123.862,-5.793]]],[[[123.924,-5.782],[123.897,-5.759],[123.892,-5.765],[123.894,-5.777],[123.924,-5.782]]],[[[123.908,-5.718],[123.892,-5.74],[123.926,-5.775],[124.006,-5.761],[123.908,-5.718]]],[[[124.484,-5.719],[124.49,-5.716],[124.487,-5.716],[124.484,-5.719]]],[[[123.827,-5.583],[123.818,-5.584],[123.819,-5.598],[123.827,-5.583]]],[[[123.835,-5.548],[123.833,-5.585],[123.864,-5.594],[123.883,-5.582],[123.835,-5.548]]],[[[123.875,-5.551],[123.863,-5.533],[123.847,-5.554],[123.86,-5.559],[123.875,-5.551]]],[[[123.694,-5.52],[123.715,-5.512],[123.707,-5.504],[123.694,-5.52]]],[[[123.759,-5.497],[123.757,-5.484],[123.74,-5.489],[123.759,-5.497]]],[[[123.737,-5.49],[123.691,-5.471],[123.78,-5.59],[123.818,-5.601],[123.807,-5.578],[123.827,-5.571],[123.824,-5.559],[123.812,-5.558],[123.766,-5.503],[123.737,-5.49]]],[[[123.772,-5.457],[123.76,-5.474],[123.785,-5.477],[123.772,-5.457]]],[[[123.643,-5.421],[123.613,-5.402],[123.585,-5.411],[123.635,-5.434],[123.643,-5.421]]],[[[123.604,-5.394],[123.59,-5.389],[123.592,-5.397],[123.604,-5.394]]],[[[123.63,-5.391],[123.639,-5.383],[123.628,-5.389],[123.63,-5.391]]],[[[123.539,-5.354],[123.531,-5.352],[123.53,-5.355],[123.539,-5.354]]],[[[123.541,-5.377],[123.467,-5.325],[123.462,-5.331],[123.479,-5.359],[123.527,-5.38],[123.541,-5.377]]],[[[124.349,-5.35],[124.329,-5.322],[124.322,-5.324],[124.349,-5.35]]],[[[124.298,-5.298],[124.298,-5.291],[124.292,-5.293],[124.298,-5.298]]],[[[123.575,-5.247],[123.52,-5.258],[123.538,-5.348],[123.581,-5.382],[123.617,-5.383],[123.638,-5.368],[123.643,-5.292],[123.623,-5.266],[123.575,-5.247]]]]},"id":7407},{"type":"Feature","properties":{"code":9426},"geometry":{"type":"MultiPolygon","coordinates":[[[[136.75,-2.26],[136.75,-2.259],[136.748,-2.26],[136.75,-2.26]]],[[[136.755,-2.259],[136.753,-2.256],[136.753,-2.259],[136.755,-2.259]]],[[[136.753,-2.254],[136.753,-2.247],[136.746,-2.253],[136.748,-2.26],[136.753,-2.254]]],[[[136.74,-2.245],[136.74,-2.244],[136.737,-2.244],[136.74,-2.245]]],[[[136.269,-2.222],[136.26,-2.214],[136.248,-2.229],[136.255,-2.233],[136.269,-2.222]]],[[[136.881,-3.241],[136.899,-3.192],[136.904,-3.204],[136.925,-3.186],[136.966,-3.197],[136.989,-3.174],[137.007,-3.175],[137.005,-3.189],[137.041,-3.182],[137.044,-3.167],[137.071,-3.179],[137.127,-3.122],[137.134,-3.135],[137.175,-3.126],[137.187,-3.106],[137.151,-3.077],[137.38,-2.965],[137.369,-2.948],[137.384,-2.945],[137.364,-2.931],[137.372,-2.92],[137.354,-2.906],[137.359,-2.878],[137.344,-2.856],[137.284,-2.843],[137.269,-2.824],[137.272,-2.777],[137.249,-2.761],[137.287,-2.719],[137.26,-2.685],[137.26,-2.606],[137.239,-2.575],[137.193,-2.563],[137.036,-2.46],[137.029,-2.416],[136.964,-2.425],[136.948,-2.396],[136.913,-2.385],[136.909,-2.361],[136.938,-2.347],[136.915,-2.331],[136.926,-2.3],[136.902,-2.294],[136.913,-2.285],[136.902,-2.264],[136.891,-2.271],[136.873,-2.231],[136.838,-2.219],[136.806,-2.176],[136.813,-2.221],[136.793,-2.21],[136.755,-2.237],[136.77,-2.263],[136.748,-2.264],[136.757,-2.278],[136.711,-2.227],[136.673,-2.261],[136.59,-2.248],[136.575,-2.218],[136.587,-2.19],[136.544,-2.223],[136.518,-2.191],[136.457,-2.213],[136.406,-2.211],[136.339,-2.263],[136.342,-2.372],[136.295,-2.411],[136.278,-2.468],[136.292,-2.484],[136.282,-2.477],[136.266,-2.546],[136.224,-2.613],[136.112,-2.667],[136.055,-2.668],[136.037,-2.695],[136.017,-2.692],[136.018,-2.746],[136.043,-2.742],[136.056,-2.766],[136.135,-2.752],[136.144,-2.797],[136.145,-2.783],[136.162,-2.799],[136.182,-2.793],[136.182,-2.809],[136.189,-2.797],[136.217,-2.805],[136.229,-2.841],[136.253,-2.841],[136.244,-2.844],[136.24,-2.858],[136.266,-2.849],[136.266,-2.886],[136.283,-2.871],[136.293,-2.915],[136.325,-2.913],[136.351,-2.941],[136.339,-3.005],[136.364,-3.042],[136.434,-3.085],[136.445,-3.177],[136.486,-3.226],[136.537,-3.226],[136.568,-3.25],[136.625,-3.237],[136.646,-3.257],[136.731,-3.282],[136.788,-3.265],[136.827,-3.281],[136.881,-3.241]]]]},"id":9426},{"type":"Feature","properties":{"code":1807},"geometry":{"type":"Polygon","coordinates":[[[104.5,-4.954],[104.547,-4.865],[104.55,-4.83],[104.621,-4.821],[104.645,-4.752],[104.617,-4.717],[104.63,-4.702],[104.606,-4.681],[104.644,-4.632],[104.698,-4.596],[104.695,-4.555],[104.741,-4.56],[104.782,-4.585],[104.822,-4.583],[104.823,-4.566],[104.874,-4.543],[104.906,-4.552],[104.941,-4.533],[104.979,-4.447],[105.02,-4.47],[105.064,-4.464],[105.056,-4.406],[104.986,-4.404],[104.995,-4.27],[104.942,-4.229],[104.929,-4.192],[104.876,-4.217],[104.874,-4.233],[104.818,-4.241],[104.792,-4.264],[104.76,-4.245],[104.716,-4.263],[104.662,-4.261],[104.623,-4.242],[104.621,-4.212],[104.591,-4.243],[104.483,-4.291],[104.471,-4.311],[104.437,-4.304],[104.348,-4.397],[104.328,-4.461],[104.333,-4.5],[104.313,-4.522],[104.334,-4.605],[104.295,-4.646],[104.287,-4.683],[104.295,-4.704],[104.315,-4.691],[104.295,-4.706],[104.304,-4.766],[104.339,-4.821],[104.371,-4.817],[104.343,-4.868],[104.41,-4.865],[104.441,-4.944],[104.479,-4.932],[104.5,-4.954]]]},"id":1807},{"type":"Feature","properties":{"code":3312},"geometry":{"type":"Polygon","coordinates":[[[110.829,-8.201],[110.908,-8.21],[110.908,-8.125],[110.952,-8.062],[110.993,-8.082],[111.035,-8.08],[111.071,-8.064],[111.077,-8.024],[111.093,-8.03],[111.092,-8.065],[111.127,-8.063],[111.136,-8.018],[111.123,-7.972],[111.147,-7.966],[111.154,-7.922],[111.183,-7.918],[111.197,-7.939],[111.216,-7.925],[111.246,-7.948],[111.271,-7.941],[111.297,-7.862],[111.319,-7.854],[111.28,-7.788],[111.29,-7.742],[111.274,-7.734],[111.238,-7.751],[111.191,-7.712],[111.151,-7.714],[111.111,-7.748],[111.109,-7.737],[111.05,-7.759],[111.045,-7.783],[111.017,-7.759],[110.968,-7.771],[110.959,-7.733],[110.941,-7.739],[110.936,-7.78],[110.903,-7.752],[110.863,-7.752],[110.849,-7.815],[110.832,-7.795],[110.787,-7.797],[110.754,-8.025],[110.778,-8.067],[110.787,-8.153],[110.799,-8.162],[110.818,-8.144],[110.829,-8.201]]]},"id":3312},{"type":"Feature","properties":{"code":3307},"geometry":{"type":"Polygon","coordinates":[[[109.754,-7.439],[109.774,-7.517],[109.737,-7.544],[109.764,-7.603],[109.8,-7.612],[109.824,-7.597],[109.863,-7.528],[109.883,-7.536],[109.898,-7.519],[109.972,-7.531],[109.968,-7.562],[109.999,-7.59],[110.017,-7.586],[110.027,-7.529],[110.045,-7.534],[110.064,-7.459],[110.053,-7.435],[110.074,-7.385],[109.998,-7.313],[109.994,-7.26],[109.922,-7.187],[109.906,-7.221],[109.861,-7.232],[109.84,-7.286],[109.751,-7.388],[109.829,-7.419],[109.827,-7.447],[109.754,-7.439]]]},"id":3307},{"type":"Feature","properties":{"code":9707},"geometry":{"type":"Polygon","coordinates":[[[139.511,-5.006],[140.147,-5.169],[140.152,-5.066],[140.132,-5.05],[140.075,-5.054],[140.165,-4.979],[140.251,-4.952],[140.21,-4.686],[140.104,-4.629],[139.984,-4.508],[139.956,-4.455],[139.993,-4.276],[139.979,-4.084],[140.037,-4.022],[140.093,-4.015],[140.034,-3.987],[140.061,-3.939],[140.097,-3.949],[140.103,-3.909],[140.146,-3.89],[140.132,-3.848],[140.152,-3.841],[140.161,-3.814],[140.135,-3.772],[140.161,-3.764],[140.132,-3.75],[140.141,-3.735],[140.122,-3.714],[140.134,-3.695],[140.088,-3.682],[140.065,-3.648],[140.043,-3.671],[140.019,-3.636],[139.982,-3.656],[139.958,-3.639],[139.965,-3.61],[139.893,-3.62],[139.684,-4.0],[139.631,-4.036],[139.047,-4.192],[138.839,-4.266],[138.849,-4.499],[138.833,-4.556],[138.857,-4.599],[138.868,-4.727],[139.029,-4.737],[139.304,-4.938],[139.511,-5.006]]]},"id":9707},{"type":"Feature","properties":{"code":9706},"geometry":{"type":"Polygon","coordinates":[[[139.461,-3.458],[139.391,-3.606],[139.335,-3.656],[139.329,-3.685],[139.276,-3.669],[139.276,-3.747],[139.244,-3.76],[139.149,-3.743],[139.063,-3.784],[139.043,-3.778],[139.034,-3.841],[139.047,-3.897],[138.977,-3.922],[139.025,-4.043],[139.247,-4.012],[139.362,-4.113],[139.565,-4.062],[139.684,-4.0],[139.893,-3.62],[139.862,-3.583],[139.801,-3.584],[139.804,-3.564],[139.765,-3.558],[139.752,-3.567],[139.717,-3.52],[139.703,-3.541],[139.676,-3.529],[139.673,-3.554],[139.66,-3.527],[139.625,-3.554],[139.586,-3.538],[139.613,-3.514],[139.601,-3.496],[139.551,-3.536],[139.505,-3.518],[139.495,-3.487],[139.474,-3.518],[139.467,-3.494],[139.487,-3.475],[139.461,-3.458]]]},"id":9706}]}